src/nativeforge/db/models.py:173:89: E501 Line too long (92 > 88)
src/nativeforge/main.py:3:1: I001 [*] Import block is un-sorted or un-formatted
src/nativeforge/services/active_source_activation_authorization_readiness_packet_service.py:1:89: E501 Line too long (94 > 88)
src/nativeforge/services/active_source_activation_authorization_readiness_packet_service.py:3:89: E501 Line too long (93 > 88)
src/nativeforge/services/active_source_activation_authorization_readiness_packet_service.py:4:89: E501 Line too long (92 > 88)
src/nativeforge/services/active_source_activation_authorization_readiness_packet_service.py:6:89: E501 Line too long (91 > 88)
src/nativeforge/services/active_source_activation_authorization_readiness_packet_service.py:10:1: I001 [*] Import block is un-sorted or un-formatted
src/nativeforge/services/active_source_activation_authorization_readiness_packet_service.py:20:89: E501 Line too long (92 > 88)
src/nativeforge/services/active_source_activation_authorization_readiness_packet_service.py:112:89: E501 Line too long (89 > 88)
src/nativeforge/services/active_source_activation_authorization_readiness_packet_service.py:187:89: E501 Line too long (93 > 88)
src/nativeforge/services/active_source_activation_authorization_readiness_packet_service.py:258:89: E501 Line too long (108 > 88)
src/nativeforge/services/active_source_activation_authorization_readiness_packet_service.py:260:89: E501 Line too long (133 > 88)
src/nativeforge/services/active_source_activation_authorization_readiness_packet_service.py:262:89: E501 Line too long (105 > 88)
src/nativeforge/services/active_source_activation_authorization_readiness_packet_service.py:286:89: E501 Line too long (92 > 88)
src/nativeforge/services/active_source_activation_authorization_readiness_packet_service.py:293:89: E501 Line too long (96 > 88)
src/nativeforge/services/active_source_activation_authorization_readiness_packet_service.py:294:89: E501 Line too long (96 > 88)
src/nativeforge/services/active_source_activation_authorization_readiness_packet_service.py:295:89: E501 Line too long (96 > 88)
src/nativeforge/services/active_source_activation_authorization_readiness_packet_service.py:337:89: E501 Line too long (114 > 88)
src/nativeforge/services/active_source_activation_authorization_readiness_packet_service.py:338:89: E501 Line too long (114 > 88)
src/nativeforge/services/active_source_activation_authorization_readiness_packet_service.py:339:89: E501 Line too long (112 > 88)
src/nativeforge/services/active_source_activation_command_package_service.py:9:1: I001 [*] Import block is un-sorted or un-formatted
src/nativeforge/services/active_source_activation_command_package_service.py:30:89: E501 Line too long (100 > 88)
src/nativeforge/services/active_source_activation_command_package_service.py:103:89: E501 Line too long (93 > 88)
src/nativeforge/services/active_source_activation_command_package_service.py:120:89: E501 Line too long (92 > 88)
src/nativeforge/services/active_source_activation_command_package_service.py:130:89: E501 Line too long (108 > 88)
src/nativeforge/services/active_source_activation_command_package_service.py:154:89: E501 Line too long (127 > 88)
src/nativeforge/services/active_source_activation_command_package_service.py:158:89: E501 Line too long (114 > 88)
src/nativeforge/services/active_source_activation_command_package_service.py:170:89: E501 Line too long (94 > 88)
src/nativeforge/services/active_source_activation_command_package_service.py:174:89: E501 Line too long (122 > 88)
src/nativeforge/services/active_source_activation_command_package_service.py:191:89: E501 Line too long (105 > 88)
src/nativeforge/services/active_source_activation_command_package_service.py:192:89: E501 Line too long (99 > 88)
src/nativeforge/services/active_source_activation_command_package_service.py:199:89: E501 Line too long (92 > 88)
src/nativeforge/services/active_source_activation_command_package_service.py:200:89: E501 Line too long (99 > 88)
src/nativeforge/services/active_source_activation_command_package_service.py:204:89: E501 Line too long (107 > 88)
src/nativeforge/services/active_source_activation_command_package_service.py:209:89: E501 Line too long (91 > 88)
src/nativeforge/services/active_source_activation_command_package_service.py:232:89: E501 Line too long (97 > 88)
src/nativeforge/services/active_source_activation_command_package_service.py:236:89: E501 Line too long (105 > 88)
src/nativeforge/services/active_source_activation_command_package_service.py:238:89: E501 Line too long (101 > 88)
src/nativeforge/services/active_source_activation_command_package_service.py:270:89: E501 Line too long (90 > 88)
src/nativeforge/services/active_source_activation_execution_plan_authoring_authorization_decision_packet_service.py:1:89: E501 Line too long (101 > 88)
src/nativeforge/services/active_source_activation_execution_plan_authoring_authorization_decision_packet_service.py:3:89: E501 Line too long (109 > 88)
src/nativeforge/services/active_source_activation_execution_plan_authoring_authorization_decision_packet_service.py:4:89: E501 Line too long (108 > 88)
src/nativeforge/services/active_source_activation_execution_plan_authoring_authorization_decision_packet_service.py:5:89: E501 Line too long (101 > 88)
src/nativeforge/services/active_source_activation_execution_plan_authoring_authorization_decision_packet_service.py:6:89: E501 Line too long (110 > 88)
src/nativeforge/services/active_source_activation_execution_plan_authoring_authorization_decision_packet_service.py:7:89: E501 Line too long (103 > 88)
src/nativeforge/services/active_source_activation_execution_plan_authoring_authorization_decision_packet_service.py:10:1: I001 [*] Import block is un-sorted or un-formatted
src/nativeforge/services/active_source_activation_execution_plan_authoring_authorization_decision_packet_service.py:15:89: E501 Line too long (121 > 88)
src/nativeforge/services/active_source_activation_execution_plan_authoring_authorization_decision_packet_service.py:22:89: E501 Line too long (103 > 88)
src/nativeforge/services/active_source_activation_execution_plan_authoring_authorization_decision_packet_service.py:27:89: E501 Line too long (96 > 88)
src/nativeforge/services/active_source_activation_execution_plan_authoring_authorization_decision_packet_service.py:28:89: E501 Line too long (97 > 88)
src/nativeforge/services/active_source_activation_execution_plan_authoring_authorization_decision_packet_service.py:279:89: E501 Line too long (122 > 88)
src/nativeforge/services/active_source_activation_execution_plan_authoring_authorization_decision_packet_service.py:315:89: E501 Line too long (90 > 88)
src/nativeforge/services/active_source_activation_execution_plan_authoring_authorization_decision_packet_service.py:317:89: E501 Line too long (97 > 88)
src/nativeforge/services/active_source_activation_execution_plan_authoring_authorization_decision_packet_service.py:321:89: E501 Line too long (91 > 88)
src/nativeforge/services/active_source_activation_execution_plan_authoring_authorization_decision_packet_service.py:348:89: E501 Line too long (94 > 88)
src/nativeforge/services/active_source_activation_execution_plan_authoring_authorization_decision_packet_service.py:349:89: E501 Line too long (102 > 88)
src/nativeforge/services/active_source_activation_execution_plan_authoring_authorization_decision_packet_service.py:350:89: E501 Line too long (99 > 88)
src/nativeforge/services/active_source_activation_execution_plan_authoring_authorization_decision_packet_service.py:360:89: E501 Line too long (120 > 88)
src/nativeforge/services/active_source_activation_execution_plan_authoring_authorization_decision_packet_service.py:363:89: E501 Line too long (121 > 88)
src/nativeforge/services/active_source_activation_execution_plan_authoring_authorization_decision_packet_service.py:364:89: E501 Line too long (133 > 88)
src/nativeforge/services/active_source_activation_execution_plan_authoring_authorization_decision_packet_service.py:365:89: E501 Line too long (113 > 88)
src/nativeforge/services/active_source_activation_execution_plan_authoring_authorization_decision_packet_service.py:372:89: E501 Line too long (127 > 88)
src/nativeforge/services/active_source_activation_execution_plan_authoring_authorization_request_packet_service.py:1:89: E501 Line too long (106 > 88)
src/nativeforge/services/active_source_activation_execution_plan_authoring_authorization_request_packet_service.py:3:89: E501 Line too long (105 > 88)
src/nativeforge/services/active_source_activation_execution_plan_authoring_authorization_request_packet_service.py:4:89: E501 Line too long (103 > 88)
src/nativeforge/services/active_source_activation_execution_plan_authoring_authorization_request_packet_service.py:5:89: E501 Line too long (101 > 88)
src/nativeforge/services/active_source_activation_execution_plan_authoring_authorization_request_packet_service.py:6:89: E501 Line too long (104 > 88)
src/nativeforge/services/active_source_activation_execution_plan_authoring_authorization_request_packet_service.py:10:1: I001 [*] Import block is un-sorted or un-formatted
src/nativeforge/services/active_source_activation_execution_plan_authoring_authorization_request_packet_service.py:15:89: E501 Line too long (96 > 88)
src/nativeforge/services/active_source_activation_execution_plan_authoring_authorization_request_packet_service.py:21:89: E501 Line too long (102 > 88)
src/nativeforge/services/active_source_activation_execution_plan_authoring_authorization_request_packet_service.py:26:89: E501 Line too long (95 > 88)
src/nativeforge/services/active_source_activation_execution_plan_authoring_authorization_request_packet_service.py:27:89: E501 Line too long (95 > 88)
src/nativeforge/services/active_source_activation_execution_plan_authoring_authorization_request_packet_service.py:142:89: E501 Line too long (90 > 88)
src/nativeforge/services/active_source_activation_execution_plan_authoring_authorization_request_packet_service.py:210:89: E501 Line too long (95 > 88)
src/nativeforge/services/active_source_activation_execution_plan_authoring_authorization_request_packet_service.py:263:89: E501 Line too long (89 > 88)
src/nativeforge/services/active_source_activation_execution_plan_authoring_authorization_request_packet_service.py:275:89: E501 Line too long (95 > 88)
src/nativeforge/services/active_source_activation_execution_plan_authoring_authorization_request_packet_service.py:293:89: E501 Line too long (89 > 88)
src/nativeforge/services/active_source_activation_execution_plan_authoring_authorization_request_packet_service.py:297:89: E501 Line too long (116 > 88)
src/nativeforge/services/active_source_activation_execution_plan_authoring_authorization_request_packet_service.py:331:89: E501 Line too long (96 > 88)
src/nativeforge/services/active_source_activation_execution_plan_authoring_authorization_request_packet_service.py:355:89: E501 Line too long (96 > 88)
src/nativeforge/services/active_source_activation_execution_plan_authoring_authorization_request_packet_service.py:356:89: E501 Line too long (96 > 88)
src/nativeforge/services/active_source_activation_execution_plan_authoring_authorization_request_packet_service.py:357:89: E501 Line too long (96 > 88)
src/nativeforge/services/active_source_activation_execution_plan_authoring_authorization_request_packet_service.py:358:89: E501 Line too long (90 > 88)
src/nativeforge/services/active_source_activation_execution_plan_authoring_authorization_request_packet_service.py:366:89: E501 Line too long (89 > 88)
src/nativeforge/services/active_source_activation_execution_plan_authoring_authorization_request_packet_service.py:367:89: E501 Line too long (93 > 88)
src/nativeforge/services/active_source_activation_execution_plan_authoring_authorization_request_packet_service.py:368:89: E501 Line too long (90 > 88)
src/nativeforge/services/active_source_activation_execution_plan_authoring_authorization_request_packet_service.py:371:89: E501 Line too long (93 > 88)
src/nativeforge/services/active_source_activation_execution_plan_authoring_authorization_request_packet_service.py:379:89: E501 Line too long (89 > 88)
src/nativeforge/services/active_source_activation_execution_plan_authoring_authorization_request_packet_service.py:382:89: E501 Line too long (96 > 88)
src/nativeforge/services/active_source_activation_execution_plan_authoring_authorization_request_packet_service.py:383:89: E501 Line too long (96 > 88)
src/nativeforge/services/active_source_activation_execution_plan_authoring_authorization_request_packet_service.py:384:89: E501 Line too long (98 > 88)
src/nativeforge/services/active_source_activation_execution_plan_authoring_authorization_request_packet_service.py:385:89: E501 Line too long (104 > 88)
src/nativeforge/services/active_source_activation_execution_plan_authoring_authorization_request_packet_service.py:391:89: E501 Line too long (121 > 88)
src/nativeforge/services/active_source_activation_execution_plan_authoring_authorization_request_packet_service.py:393:89: E501 Line too long (103 > 88)
src/nativeforge/services/active_source_activation_execution_plan_authoring_authorization_request_packet_service.py:410:89: E501 Line too long (89 > 88)
src/nativeforge/services/active_source_activation_execution_plan_authoring_authorization_request_packet_service.py:413:89: E501 Line too long (93 > 88)
src/nativeforge/services/active_source_activation_execution_plan_authoring_authorization_request_packet_service.py:414:89: E501 Line too long (101 > 88)
src/nativeforge/services/active_source_activation_execution_plan_authoring_authorization_request_packet_service.py:415:89: E501 Line too long (98 > 88)
src/nativeforge/services/active_source_activation_execution_plan_authoring_authorization_request_packet_service.py:425:89: E501 Line too long (95 > 88)
src/nativeforge/services/active_source_activation_execution_plan_authoring_authorization_request_packet_service.py:426:89: E501 Line too long (119 > 88)
src/nativeforge/services/active_source_activation_execution_plan_authoring_authorization_request_packet_service.py:429:89: E501 Line too long (89 > 88)
src/nativeforge/services/active_source_activation_execution_plan_authoring_authorization_request_packet_service.py:439:89: E501 Line too long (126 > 88)
src/nativeforge/services/active_source_activation_execution_plan_authoring_authorization_request_packet_service.py:440:89: E501 Line too long (151 > 88)
src/nativeforge/services/active_source_activation_execution_plan_authoring_review_packet_service.py:3:89: E501 Line too long (110 > 88)
src/nativeforge/services/active_source_activation_execution_plan_authoring_review_packet_service.py:4:89: E501 Line too long (104 > 88)
src/nativeforge/services/active_source_activation_execution_plan_authoring_review_packet_service.py:5:89: E501 Line too long (102 > 88)
src/nativeforge/services/active_source_activation_execution_plan_authoring_review_packet_service.py:6:89: E501 Line too long (103 > 88)
src/nativeforge/services/active_source_activation_execution_plan_authoring_review_packet_service.py:10:1: I001 [*] Import block is un-sorted or un-formatted
src/nativeforge/services/active_source_activation_execution_plan_authoring_review_packet_service.py:15:89: E501 Line too long (122 > 88)
src/nativeforge/services/active_source_activation_execution_plan_authoring_review_packet_service.py:26:89: E501 Line too long (102 > 88)
src/nativeforge/services/active_source_activation_execution_plan_authoring_review_packet_service.py:27:89: E501 Line too long (90 > 88)
src/nativeforge/services/active_source_activation_execution_plan_authoring_review_packet_service.py:288:89: E501 Line too long (91 > 88)
src/nativeforge/services/active_source_activation_execution_plan_authoring_review_packet_service.py:308:89: E501 Line too long (123 > 88)
src/nativeforge/services/active_source_activation_execution_plan_authoring_review_packet_service.py:350:89: E501 Line too long (98 > 88)
src/nativeforge/services/active_source_activation_execution_plan_authoring_review_packet_service.py:354:89: E501 Line too long (92 > 88)
src/nativeforge/services/active_source_activation_execution_plan_authoring_review_packet_service.py:361:89: E501 Line too long (99 > 88)
src/nativeforge/services/active_source_activation_execution_plan_authoring_review_packet_service.py:383:89: E501 Line too long (95 > 88)
src/nativeforge/services/active_source_activation_execution_plan_authoring_review_packet_service.py:394:89: E501 Line too long (121 > 88)
src/nativeforge/services/active_source_activation_execution_plan_authoring_review_packet_service.py:397:89: E501 Line too long (89 > 88)
src/nativeforge/services/active_source_activation_execution_plan_authoring_review_packet_service.py:401:89: E501 Line too long (125 > 88)
src/nativeforge/services/active_source_activation_execution_plan_authoring_review_packet_service.py:408:89: E501 Line too long (121 > 88)
src/nativeforge/services/active_source_activation_execution_plan_review_packet_service.py:1:89: E501 Line too long (92 > 88)
src/nativeforge/services/active_source_activation_execution_plan_review_packet_service.py:3:89: E501 Line too long (104 > 88)
src/nativeforge/services/active_source_activation_execution_plan_review_packet_service.py:4:89: E501 Line too long (96 > 88)
src/nativeforge/services/active_source_activation_execution_plan_review_packet_service.py:5:89: E501 Line too long (100 > 88)
src/nativeforge/services/active_source_activation_execution_plan_review_packet_service.py:6:89: E501 Line too long (100 > 88)
src/nativeforge/services/active_source_activation_execution_plan_review_packet_service.py:10:1: I001 [*] Import block is un-sorted or un-formatted
src/nativeforge/services/active_source_activation_execution_plan_review_packet_service.py:15:89: E501 Line too long (103 > 88)
src/nativeforge/services/active_source_activation_execution_plan_review_packet_service.py:20:89: E501 Line too long (102 > 88)
src/nativeforge/services/active_source_activation_execution_plan_review_packet_service.py:28:89: E501 Line too long (91 > 88)
src/nativeforge/services/active_source_activation_execution_plan_review_packet_service.py:144:89: E501 Line too long (97 > 88)
src/nativeforge/services/active_source_activation_execution_plan_review_packet_service.py:156:89: E501 Line too long (94 > 88)
src/nativeforge/services/active_source_activation_execution_plan_review_packet_service.py:295:89: E501 Line too long (130 > 88)
src/nativeforge/services/active_source_activation_execution_plan_review_packet_service.py:299:89: E501 Line too long (106 > 88)
src/nativeforge/services/active_source_activation_execution_plan_review_packet_service.py:327:89: E501 Line too long (102 > 88)
src/nativeforge/services/active_source_activation_execution_plan_review_packet_service.py:351:89: E501 Line too long (96 > 88)
src/nativeforge/services/active_source_activation_execution_plan_review_packet_service.py:352:89: E501 Line too long (96 > 88)
src/nativeforge/services/active_source_activation_execution_plan_review_packet_service.py:353:89: E501 Line too long (96 > 88)
src/nativeforge/services/active_source_activation_execution_plan_review_packet_service.py:354:89: E501 Line too long (90 > 88)
src/nativeforge/services/active_source_activation_execution_plan_review_packet_service.py:362:89: E501 Line too long (89 > 88)
src/nativeforge/services/active_source_activation_execution_plan_review_packet_service.py:363:89: E501 Line too long (93 > 88)
src/nativeforge/services/active_source_activation_execution_plan_review_packet_service.py:364:89: E501 Line too long (90 > 88)
src/nativeforge/services/active_source_activation_execution_plan_review_packet_service.py:367:89: E501 Line too long (93 > 88)
src/nativeforge/services/active_source_activation_execution_plan_review_packet_service.py:375:89: E501 Line too long (89 > 88)
src/nativeforge/services/active_source_activation_execution_plan_review_packet_service.py:378:89: E501 Line too long (98 > 88)
src/nativeforge/services/active_source_activation_execution_plan_review_packet_service.py:379:89: E501 Line too long (98 > 88)
src/nativeforge/services/active_source_activation_execution_plan_review_packet_service.py:380:89: E501 Line too long (100 > 88)
src/nativeforge/services/active_source_activation_execution_plan_review_packet_service.py:417:89: E501 Line too long (109 > 88)
src/nativeforge/services/active_source_activation_execution_plan_review_packet_service.py:421:89: E501 Line too long (95 > 88)
src/nativeforge/services/active_source_activation_execution_plan_review_packet_service.py:431:89: E501 Line too long (99 > 88)
src/nativeforge/services/active_source_activation_execution_plan_review_packet_service.py:432:89: E501 Line too long (129 > 88)
src/nativeforge/services/active_source_activation_human_authorization_decision_packet_service.py:1:89: E501 Line too long (108 > 88)
src/nativeforge/services/active_source_activation_human_authorization_decision_packet_service.py:3:89: E501 Line too long (103 > 88)
src/nativeforge/services/active_source_activation_human_authorization_decision_packet_service.py:4:89: E501 Line too long (101 > 88)
src/nativeforge/services/active_source_activation_human_authorization_decision_packet_service.py:5:89: E501 Line too long (103 > 88)
src/nativeforge/services/active_source_activation_human_authorization_decision_packet_service.py:6:89: E501 Line too long (98 > 88)
src/nativeforge/services/active_source_activation_human_authorization_decision_packet_service.py:10:1: I001 [*] Import block is un-sorted or un-formatted
src/nativeforge/services/active_source_activation_human_authorization_decision_packet_service.py:15:89: E501 Line too long (98 > 88)
src/nativeforge/services/active_source_activation_human_authorization_decision_packet_service.py:19:89: E501 Line too long (102 > 88)
src/nativeforge/services/active_source_activation_human_authorization_decision_packet_service.py:32:89: E501 Line too long (116 > 88)
src/nativeforge/services/active_source_activation_human_authorization_decision_packet_service.py:33:89: E501 Line too long (104 > 88)
src/nativeforge/services/active_source_activation_human_authorization_decision_packet_service.py:131:89: E501 Line too long (96 > 88)
src/nativeforge/services/active_source_activation_human_authorization_decision_packet_service.py:143:89: E501 Line too long (92 > 88)
src/nativeforge/services/active_source_activation_human_authorization_decision_packet_service.py:184:89: E501 Line too long (120 > 88)
src/nativeforge/services/active_source_activation_human_authorization_decision_packet_service.py:223:89: E501 Line too long (95 > 88)
src/nativeforge/services/active_source_activation_human_authorization_decision_packet_service.py:279:89: E501 Line too long (128 > 88)
src/nativeforge/services/active_source_activation_human_authorization_decision_packet_service.py:283:89: E501 Line too long (109 > 88)
src/nativeforge/services/active_source_activation_human_authorization_decision_packet_service.py:308:89: E501 Line too long (106 > 88)
src/nativeforge/services/active_source_activation_human_authorization_decision_packet_service.py:336:89: E501 Line too long (116 > 88)
src/nativeforge/services/active_source_activation_human_authorization_decision_packet_service.py:337:89: E501 Line too long (116 > 88)
src/nativeforge/services/active_source_activation_human_authorization_decision_packet_service.py:338:89: E501 Line too long (90 > 88)
src/nativeforge/services/active_source_activation_human_authorization_decision_packet_service.py:346:89: E501 Line too long (89 > 88)
src/nativeforge/services/active_source_activation_human_authorization_decision_packet_service.py:347:89: E501 Line too long (93 > 88)
src/nativeforge/services/active_source_activation_human_authorization_decision_packet_service.py:348:89: E501 Line too long (90 > 88)
src/nativeforge/services/active_source_activation_human_authorization_decision_packet_service.py:351:89: E501 Line too long (93 > 88)
src/nativeforge/services/active_source_activation_human_authorization_decision_packet_service.py:359:89: E501 Line too long (89 > 88)
src/nativeforge/services/active_source_activation_human_authorization_decision_packet_service.py:362:89: E501 Line too long (97 > 88)
src/nativeforge/services/active_source_activation_human_authorization_decision_packet_service.py:363:89: E501 Line too long (97 > 88)
src/nativeforge/services/active_source_activation_human_authorization_decision_packet_service.py:364:89: E501 Line too long (105 > 88)
src/nativeforge/services/active_source_activation_human_authorization_decision_packet_service.py:365:89: E501 Line too long (99 > 88)
src/nativeforge/services/active_source_activation_human_authorization_decision_packet_service.py:366:89: E501 Line too long (125 > 88)
src/nativeforge/services/active_source_activation_human_authorization_decision_packet_service.py:370:89: E501 Line too long (103 > 88)
src/nativeforge/services/active_source_activation_human_authorization_decision_packet_service.py:385:89: E501 Line too long (122 > 88)
src/nativeforge/services/active_source_activation_human_authorization_decision_packet_service.py:391:89: E501 Line too long (95 > 88)
src/nativeforge/services/active_source_activation_human_authorization_decision_packet_service.py:400:89: E501 Line too long (107 > 88)
src/nativeforge/services/active_source_activation_human_authorization_decision_packet_service.py:415:89: E501 Line too long (93 > 88)
src/nativeforge/services/active_source_activation_human_authorization_decision_packet_service.py:416:89: E501 Line too long (109 > 88)
src/nativeforge/services/active_source_activation_human_authorization_request_packet_service.py:1:89: E501 Line too long (97 > 88)
src/nativeforge/services/active_source_activation_human_authorization_request_packet_service.py:3:89: E501 Line too long (99 > 88)
src/nativeforge/services/active_source_activation_human_authorization_request_packet_service.py:5:89: E501 Line too long (98 > 88)
src/nativeforge/services/active_source_activation_human_authorization_request_packet_service.py:6:89: E501 Line too long (98 > 88)
src/nativeforge/services/active_source_activation_human_authorization_request_packet_service.py:10:1: I001 [*] Import block is un-sorted or un-formatted
src/nativeforge/services/active_source_activation_human_authorization_request_packet_service.py:15:89: E501 Line too long (98 > 88)
src/nativeforge/services/active_source_activation_human_authorization_request_packet_service.py:20:89: E501 Line too long (92 > 88)
src/nativeforge/services/active_source_activation_human_authorization_request_packet_service.py:30:89: E501 Line too long (89 > 88)
src/nativeforge/services/active_source_activation_human_authorization_request_packet_service.py:111:89: E501 Line too long (92 > 88)
src/nativeforge/services/active_source_activation_human_authorization_request_packet_service.py:204:89: E501 Line too long (97 > 88)
src/nativeforge/services/active_source_activation_human_authorization_request_packet_service.py:250:89: E501 Line too long (120 > 88)
src/nativeforge/services/active_source_activation_human_authorization_request_packet_service.py:254:89: E501 Line too long (106 > 88)
src/nativeforge/services/active_source_activation_human_authorization_request_packet_service.py:275:89: E501 Line too long (106 > 88)
src/nativeforge/services/active_source_activation_human_authorization_request_packet_service.py:303:89: E501 Line too long (116 > 88)
src/nativeforge/services/active_source_activation_human_authorization_request_packet_service.py:304:89: E501 Line too long (116 > 88)
src/nativeforge/services/active_source_activation_human_authorization_request_packet_service.py:305:89: E501 Line too long (90 > 88)
src/nativeforge/services/active_source_activation_human_authorization_request_packet_service.py:313:89: E501 Line too long (89 > 88)
src/nativeforge/services/active_source_activation_human_authorization_request_packet_service.py:314:89: E501 Line too long (93 > 88)
src/nativeforge/services/active_source_activation_human_authorization_request_packet_service.py:315:89: E501 Line too long (90 > 88)
src/nativeforge/services/active_source_activation_human_authorization_request_packet_service.py:318:89: E501 Line too long (93 > 88)
src/nativeforge/services/active_source_activation_human_authorization_request_packet_service.py:326:89: E501 Line too long (89 > 88)
src/nativeforge/services/active_source_activation_human_authorization_request_packet_service.py:329:89: E501 Line too long (99 > 88)
src/nativeforge/services/active_source_activation_human_authorization_request_packet_service.py:330:89: E501 Line too long (99 > 88)
src/nativeforge/services/active_source_activation_human_authorization_request_packet_service.py:331:89: E501 Line too long (107 > 88)
src/nativeforge/services/active_source_activation_human_authorization_request_packet_service.py:332:89: E501 Line too long (109 > 88)
src/nativeforge/services/active_source_activation_human_authorization_request_packet_service.py:336:89: E501 Line too long (89 > 88)
src/nativeforge/services/active_source_activation_human_authorization_request_packet_service.py:354:89: E501 Line too long (91 > 88)
src/nativeforge/services/active_source_activation_human_authorization_request_packet_service.py:365:89: E501 Line too long (99 > 88)
src/nativeforge/services/active_source_activation_human_authorization_request_packet_service.py:379:89: E501 Line too long (99 > 88)
src/nativeforge/services/active_source_activation_operator_decision_review_service.py:1:89: E501 Line too long (93 > 88)
src/nativeforge/services/active_source_activation_operator_decision_review_service.py:3:89: E501 Line too long (92 > 88)
src/nativeforge/services/active_source_activation_operator_decision_review_service.py:9:1: I001 [*] Import block is un-sorted or un-formatted
src/nativeforge/services/active_source_activation_operator_decision_review_service.py:27:89: E501 Line too long (99 > 88)
src/nativeforge/services/active_source_activation_readiness_gate_service.py:3:89: E501 Line too long (90 > 88)
src/nativeforge/services/active_source_activation_readiness_gate_service.py:4:89: E501 Line too long (90 > 88)
src/nativeforge/services/active_source_activation_readiness_gate_service.py:5:89: E501 Line too long (91 > 88)
src/nativeforge/services/active_source_activation_readiness_gate_service.py:9:1: I001 [*] Import block is un-sorted or un-formatted
src/nativeforge/services/active_source_activation_readiness_gate_service.py:39:89: E501 Line too long (93 > 88)
src/nativeforge/services/active_source_activation_readiness_gate_service.py:121:89: E501 Line too long (94 > 88)
src/nativeforge/services/active_source_activation_readiness_gate_service.py:136:89: E501 Line too long (115 > 88)
src/nativeforge/services/active_source_activation_readiness_gate_service.py:167:89: E501 Line too long (95 > 88)
src/nativeforge/services/active_source_activation_readiness_gate_service.py:169:89: E501 Line too long (92 > 88)
src/nativeforge/services/active_source_activation_readiness_gate_service.py:170:89: E501 Line too long (93 > 88)
src/nativeforge/services/active_source_activation_readiness_gate_service.py:187:89: E501 Line too long (93 > 88)
src/nativeforge/services/active_source_activation_readiness_gate_service.py:216:89: E501 Line too long (92 > 88)
src/nativeforge/services/active_source_activation_readiness_gate_service.py:267:89: E501 Line too long (99 > 88)
src/nativeforge/services/active_source_activation_readiness_gate_service.py:274:89: E501 Line too long (90 > 88)
src/nativeforge/services/active_source_activation_readiness_gate_service.py:313:89: E501 Line too long (105 > 88)
src/nativeforge/services/active_source_activation_readiness_gate_service.py:328:89: E501 Line too long (99 > 88)
src/nativeforge/services/active_source_activation_readiness_gate_service.py:333:89: E501 Line too long (90 > 88)
src/nativeforge/services/active_source_activation_readiness_gate_service.py:338:89: E501 Line too long (89 > 88)
src/nativeforge/services/active_source_activation_readiness_gate_service.py:343:89: E501 Line too long (97 > 88)
src/nativeforge/services/active_source_activation_readiness_gate_service.py:361:89: E501 Line too long (119 > 88)
src/nativeforge/services/active_source_activation_readiness_gate_service.py:388:89: E501 Line too long (90 > 88)
src/nativeforge/services/active_source_activation_readiness_gate_service.py:391:89: E501 Line too long (114 > 88)
src/nativeforge/services/active_source_activation_readiness_gate_service.py:414:89: E501 Line too long (91 > 88)
src/nativeforge/services/active_source_activation_readiness_gate_service.py:421:89: E501 Line too long (97 > 88)
src/nativeforge/services/active_source_activation_readiness_gate_service.py:426:89: E501 Line too long (102 > 88)
src/nativeforge/services/active_source_activation_readiness_gate_service.py:439:89: E501 Line too long (91 > 88)
src/nativeforge/services/active_source_activation_readiness_gate_service.py:447:89: E501 Line too long (115 > 88)
src/nativeforge/services/active_source_activation_readiness_gate_service.py:450:89: E501 Line too long (100 > 88)
src/nativeforge/services/active_source_activation_readiness_gate_service.py:453:89: E501 Line too long (95 > 88)
src/nativeforge/services/active_source_activation_readiness_gate_service.py:477:89: E501 Line too long (89 > 88)
src/nativeforge/services/active_source_activation_readiness_gate_service.py:481:89: E501 Line too long (113 > 88)
src/nativeforge/services/active_source_activation_review_packet_service.py:3:89: E501 Line too long (91 > 88)
src/nativeforge/services/active_source_activation_review_packet_service.py:4:89: E501 Line too long (93 > 88)
src/nativeforge/services/active_source_activation_review_packet_service.py:27:89: E501 Line too long (99 > 88)
src/nativeforge/services/active_source_activation_review_packet_service.py:30:89: E501 Line too long (89 > 88)
src/nativeforge/services/active_source_activation_review_packet_service.py:31:89: E501 Line too long (89 > 88)
src/nativeforge/services/active_source_activation_review_packet_service.py:147:89: E501 Line too long (112 > 88)
src/nativeforge/services/active_source_activation_review_packet_service.py:194:89: E501 Line too long (105 > 88)
src/nativeforge/services/active_source_activation_review_packet_service.py:218:89: E501 Line too long (100 > 88)
src/nativeforge/services/active_source_activation_review_packet_service.py:229:89: E501 Line too long (96 > 88)
src/nativeforge/services/active_source_activation_review_packet_service.py:233:89: E501 Line too long (96 > 88)
src/nativeforge/services/active_source_activation_review_packet_service.py:240:89: E501 Line too long (89 > 88)
src/nativeforge/services/active_source_activation_review_packet_service.py:243:89: E501 Line too long (90 > 88)
src/nativeforge/services/active_source_activation_review_packet_service.py:250:89: E501 Line too long (96 > 88)
src/nativeforge/services/active_source_activation_review_packet_service.py:257:89: E501 Line too long (102 > 88)
src/nativeforge/services/active_source_activation_review_packet_service.py:259:89: E501 Line too long (89 > 88)
src/nativeforge/services/active_source_activation_review_packet_service.py:272:89: E501 Line too long (120 > 88)
src/nativeforge/services/active_source_activation_review_packet_service.py:273:89: E501 Line too long (97 > 88)
src/nativeforge/services/active_source_activation_review_packet_service.py:297:89: E501 Line too long (91 > 88)
src/nativeforge/services/active_source_activation_review_packet_service.py:414:89: E501 Line too long (89 > 88)
src/nativeforge/services/active_source_activation_review_packet_service.py:610:89: E501 Line too long (97 > 88)
src/nativeforge/services/active_source_activation_review_packet_service.py:611:89: E501 Line too long (95 > 88)
src/nativeforge/services/active_source_activation_review_packet_service.py:615:89: E501 Line too long (103 > 88)
src/nativeforge/services/active_source_activation_review_packet_service.py:735:89: E501 Line too long (98 > 88)
src/nativeforge/services/active_source_activation_review_packet_service.py:796:89: E501 Line too long (89 > 88)
src/nativeforge/services/active_source_activation_review_packet_service.py:813:89: E501 Line too long (101 > 88)
src/nativeforge/services/active_source_activation_review_packet_service.py:814:89: E501 Line too long (93 > 88)
src/nativeforge/services/active_source_activation_review_packet_service.py:830:9: F841 Local variable `wrong_type` is assigned to but never used
src/nativeforge/services/active_source_activation_review_packet_service.py:839:89: E501 Line too long (89 > 88)
src/nativeforge/services/active_source_activation_review_packet_service.py:865:89: E501 Line too long (115 > 88)
src/nativeforge/services/active_source_activation_review_packet_service.py:893:89: E501 Line too long (89 > 88)
src/nativeforge/services/active_source_activation_review_packet_service.py:894:89: E501 Line too long (89 > 88)
src/nativeforge/services/active_source_activation_review_packet_service.py:905:89: E501 Line too long (99 > 88)
src/nativeforge/services/active_source_activation_review_packet_service.py:906:89: E501 Line too long (107 > 88)
src/nativeforge/services/active_source_activation_review_packet_service.py:907:89: E501 Line too long (109 > 88)
src/nativeforge/services/active_source_activation_review_packet_service.py:908:89: E501 Line too long (106 > 88)
src/nativeforge/services/active_source_activation_review_packet_service.py:909:89: E501 Line too long (106 > 88)
src/nativeforge/services/active_source_activation_review_packet_service.py:910:89: E501 Line too long (107 > 88)
src/nativeforge/services/active_source_activation_review_packet_service.py:911:89: E501 Line too long (95 > 88)
src/nativeforge/services/active_source_activation_review_packet_service.py:916:89: E501 Line too long (93 > 88)
src/nativeforge/services/active_source_activation_review_packet_service.py:1095:89: E501 Line too long (108 > 88)
src/nativeforge/services/active_source_activation_review_packet_service.py:1098:89: E501 Line too long (108 > 88)
src/nativeforge/services/active_source_activation_review_packet_service.py:1167:89: E501 Line too long (105 > 88)
src/nativeforge/services/active_source_activation_review_packet_service.py:1182:89: E501 Line too long (92 > 88)
src/nativeforge/services/active_source_creation_execution_command_package_service.py:1:89: E501 Line too long (113 > 88)
src/nativeforge/services/active_source_creation_execution_command_package_service.py:3:89: E501 Line too long (97 > 88)
src/nativeforge/services/active_source_creation_execution_command_package_service.py:4:89: E501 Line too long (97 > 88)
src/nativeforge/services/active_source_creation_execution_command_package_service.py:8:1: I001 [*] Import block is un-sorted or un-formatted
src/nativeforge/services/active_source_creation_execution_command_package_service.py:18:89: E501 Line too long (90 > 88)
src/nativeforge/services/active_source_creation_execution_command_package_service.py:242:89: E501 Line too long (91 > 88)
src/nativeforge/services/active_source_creation_execution_command_package_service.py:243:89: E501 Line too long (89 > 88)
src/nativeforge/services/active_source_creation_execution_command_package_service.py:279:89: E501 Line too long (106 > 88)
src/nativeforge/services/active_source_creation_execution_command_package_service.py:280:89: E501 Line too long (91 > 88)
src/nativeforge/services/active_source_creation_execution_command_package_service.py:310:89: E501 Line too long (89 > 88)
src/nativeforge/services/active_source_creation_execution_command_package_service.py:322:89: E501 Line too long (90 > 88)
src/nativeforge/services/active_source_creation_execution_command_package_service.py:326:89: E501 Line too long (91 > 88)
src/nativeforge/services/active_source_creation_execution_command_package_service.py:330:89: E501 Line too long (98 > 88)
src/nativeforge/services/active_source_creation_execution_command_package_service.py:334:89: E501 Line too long (92 > 88)
src/nativeforge/services/active_source_creation_execution_command_package_service.py:338:89: E501 Line too long (91 > 88)
src/nativeforge/services/active_source_creation_execution_command_package_service.py:353:89: E501 Line too long (99 > 88)
src/nativeforge/services/active_source_creation_execution_command_package_service.py:358:89: E501 Line too long (89 > 88)
src/nativeforge/services/active_source_creation_execution_command_package_service.py:360:89: E501 Line too long (97 > 88)
src/nativeforge/services/active_source_creation_execution_command_package_service.py:363:89: E501 Line too long (92 > 88)
src/nativeforge/services/active_source_creation_execution_command_package_service.py:366:89: E501 Line too long (95 > 88)
src/nativeforge/services/active_source_creation_execution_command_package_service.py:375:89: E501 Line too long (89 > 88)
src/nativeforge/services/active_source_creation_execution_command_package_service.py:400:89: E501 Line too long (98 > 88)
src/nativeforge/services/active_source_creation_execution_command_package_service.py:584:89: E501 Line too long (100 > 88)
src/nativeforge/services/active_source_creation_execution_command_package_service.py:606:89: E501 Line too long (134 > 88)
src/nativeforge/services/active_source_creation_execution_command_package_service.py:652:89: E501 Line too long (89 > 88)
src/nativeforge/services/active_source_creation_execution_command_package_service.py:740:89: E501 Line too long (96 > 88)
src/nativeforge/services/active_source_creation_execution_command_package_service.py:743:89: E501 Line too long (90 > 88)
src/nativeforge/services/active_source_creation_execution_dry_run_service.py:1:89: E501 Line too long (98 > 88)
src/nativeforge/services/active_source_creation_execution_dry_run_service.py:8:1: I001 [*] Import block is un-sorted or un-formatted
src/nativeforge/services/active_source_creation_execution_dry_run_service.py:195:89: E501 Line too long (94 > 88)
src/nativeforge/services/active_source_creation_execution_dry_run_service.py:230:89: E501 Line too long (98 > 88)
src/nativeforge/services/active_source_creation_execution_dry_run_service.py:255:89: E501 Line too long (90 > 88)
src/nativeforge/services/active_source_creation_execution_dry_run_service.py:317:89: E501 Line too long (89 > 88)
src/nativeforge/services/active_source_creation_execution_dry_run_service.py:339:89: E501 Line too long (93 > 88)
src/nativeforge/services/active_source_creation_execution_dry_run_service.py:393:89: E501 Line too long (91 > 88)
src/nativeforge/services/active_source_creation_execution_dry_run_service.py:406:89: E501 Line too long (90 > 88)
src/nativeforge/services/active_source_creation_execution_evidence_service.py:1:89: E501 Line too long (101 > 88)
src/nativeforge/services/active_source_creation_execution_evidence_service.py:8:1: I001 [*] Import block is un-sorted or un-formatted
src/nativeforge/services/active_source_creation_execution_evidence_service.py:20:89: E501 Line too long (91 > 88)
src/nativeforge/services/active_source_creation_execution_evidence_service.py:30:89: E501 Line too long (90 > 88)
src/nativeforge/services/active_source_creation_execution_evidence_service.py:196:89: E501 Line too long (90 > 88)
src/nativeforge/services/active_source_creation_execution_evidence_service.py:353:89: E501 Line too long (94 > 88)
src/nativeforge/services/active_source_creation_execution_evidence_service.py:357:89: E501 Line too long (106 > 88)
src/nativeforge/services/active_source_creation_execution_evidence_service.py:358:89: E501 Line too long (101 > 88)
src/nativeforge/services/active_source_creation_execution_evidence_service.py:359:89: E501 Line too long (93 > 88)
src/nativeforge/services/active_source_creation_execution_evidence_service.py:360:89: E501 Line too long (107 > 88)
src/nativeforge/services/active_source_creation_execution_evidence_service.py:361:89: E501 Line too long (90 > 88)
src/nativeforge/services/active_source_creation_execution_evidence_service.py:362:89: E501 Line too long (89 > 88)
src/nativeforge/services/active_source_creation_execution_evidence_service.py:408:89: E501 Line too long (93 > 88)
src/nativeforge/services/active_source_creation_execution_evidence_service.py:537:89: E501 Line too long (108 > 88)
src/nativeforge/services/active_source_creation_execution_evidence_service.py:552:89: E501 Line too long (95 > 88)
src/nativeforge/services/active_source_creation_execution_evidence_service.py:622:89: E501 Line too long (89 > 88)
src/nativeforge/services/active_source_creation_execution_evidence_service.py:635:89: E501 Line too long (100 > 88)
src/nativeforge/services/active_source_creation_execution_evidence_service.py:713:89: E501 Line too long (89 > 88)
src/nativeforge/services/active_source_creation_execution_evidence_service.py:785:89: E501 Line too long (103 > 88)
src/nativeforge/services/active_source_creation_execution_evidence_service.py:853:89: E501 Line too long (92 > 88)
src/nativeforge/services/active_source_creation_execution_evidence_service.py:982:89: E501 Line too long (93 > 88)
src/nativeforge/services/active_source_creation_execution_plan_service.py:1:89: E501 Line too long (120 > 88)
src/nativeforge/services/active_source_creation_execution_plan_service.py:3:89: E501 Line too long (101 > 88)
src/nativeforge/services/active_source_creation_execution_plan_service.py:4:89: E501 Line too long (106 > 88)
src/nativeforge/services/active_source_creation_execution_plan_service.py:7:1: I001 [*] Import block is un-sorted or un-formatted
src/nativeforge/services/active_source_creation_execution_plan_service.py:12:89: E501 Line too long (91 > 88)
src/nativeforge/services/active_source_creation_execution_plan_service.py:218:89: E501 Line too long (90 > 88)
src/nativeforge/services/active_source_creation_execution_plan_service.py:236:89: E501 Line too long (92 > 88)
src/nativeforge/services/active_source_creation_execution_plan_service.py:240:89: E501 Line too long (94 > 88)
src/nativeforge/services/active_source_creation_execution_plan_service.py:248:89: E501 Line too long (95 > 88)
src/nativeforge/services/active_source_creation_execution_plan_service.py:284:89: E501 Line too long (90 > 88)
src/nativeforge/services/active_source_creation_execution_plan_service.py:287:89: E501 Line too long (92 > 88)
src/nativeforge/services/active_source_creation_execution_plan_service.py:305:89: E501 Line too long (90 > 88)
src/nativeforge/services/active_source_creation_execution_plan_service.py:339:89: E501 Line too long (94 > 88)
src/nativeforge/services/active_source_creation_execution_plan_service.py:392:89: E501 Line too long (91 > 88)
src/nativeforge/services/active_source_creation_execution_plan_service.py:476:89: E501 Line too long (89 > 88)
src/nativeforge/services/active_source_creation_execution_plan_service.py:477:89: E501 Line too long (92 > 88)
src/nativeforge/services/active_source_creation_execution_plan_service.py:539:89: E501 Line too long (96 > 88)
src/nativeforge/services/active_source_creation_execution_readiness_gate_service.py:1:89: E501 Line too long (110 > 88)
src/nativeforge/services/active_source_creation_execution_readiness_gate_service.py:10:1: I001 [*] Import block is un-sorted or un-formatted
src/nativeforge/services/active_source_creation_execution_readiness_gate_service.py:223:89: E501 Line too long (91 > 88)
src/nativeforge/services/active_source_creation_execution_readiness_gate_service.py:278:89: E501 Line too long (99 > 88)
src/nativeforge/services/active_source_creation_execution_readiness_gate_service.py:282:89: E501 Line too long (99 > 88)
src/nativeforge/services/active_source_creation_execution_readiness_gate_service.py:287:89: E501 Line too long (98 > 88)
src/nativeforge/services/active_source_creation_execution_readiness_gate_service.py:361:89: E501 Line too long (93 > 88)
src/nativeforge/services/active_source_creation_execution_readiness_gate_service.py:386:89: E501 Line too long (89 > 88)
src/nativeforge/services/active_source_creation_execution_readiness_gate_service.py:455:89: E501 Line too long (91 > 88)
src/nativeforge/services/active_source_creation_execution_readiness_gate_service.py:492:89: E501 Line too long (90 > 88)
src/nativeforge/services/active_source_creation_execution_readiness_gate_service.py:500:89: E501 Line too long (96 > 88)
src/nativeforge/services/active_source_creation_execution_readiness_gate_service.py:527:89: E501 Line too long (96 > 88)
src/nativeforge/services/active_source_creation_execution_readiness_gate_service.py:530:89: E501 Line too long (93 > 88)
src/nativeforge/services/active_source_creation_execution_readiness_gate_service.py:531:89: E501 Line too long (98 > 88)
src/nativeforge/services/active_source_creation_execution_readiness_gate_service.py:611:89: E501 Line too long (92 > 88)
src/nativeforge/services/active_source_creation_execution_readiness_gate_service.py:664:89: E501 Line too long (95 > 88)
src/nativeforge/services/active_source_creation_execution_readiness_gate_service.py:667:89: E501 Line too long (97 > 88)
src/nativeforge/services/active_source_creation_request_service.py:1:89: E501 Line too long (102 > 88)
src/nativeforge/services/active_source_empty_state_read_model_service.py:8:1: I001 [*] Import block is un-sorted or un-formatted
src/nativeforge/services/active_source_empty_state_read_model_service.py:18:89: E501 Line too long (98 > 88)
src/nativeforge/services/active_source_empty_state_read_model_service.py:61:89: E501 Line too long (89 > 88)
src/nativeforge/services/active_source_empty_state_read_model_service.py:62:89: E501 Line too long (94 > 88)
src/nativeforge/services/active_source_human_approval_intake_service.py:7:1: I001 [*] Import block is un-sorted or un-formatted
src/nativeforge/services/active_source_human_approval_intake_service.py:148:89: E501 Line too long (90 > 88)
src/nativeforge/services/active_source_human_approval_intake_service.py:204:89: E501 Line too long (91 > 88)
src/nativeforge/services/active_source_human_approval_intake_service.py:413:89: E501 Line too long (90 > 88)
src/nativeforge/services/active_source_human_approval_intake_service.py:472:89: E501 Line too long (91 > 88)
src/nativeforge/services/active_source_local_migration_verification_service.py:9:1: I001 [*] Import block is un-sorted or un-formatted
src/nativeforge/services/active_source_local_migration_verification_service.py:321:89: E501 Line too long (90 > 88)
src/nativeforge/services/active_source_local_migration_verification_service.py:489:89: E501 Line too long (90 > 88)
src/nativeforge/services/active_source_post_runtime_verification_service.py:4:89: E501 Line too long (89 > 88)
src/nativeforge/services/active_source_post_runtime_verification_service.py:23:89: E501 Line too long (90 > 88)
src/nativeforge/services/active_source_post_runtime_verification_service.py:35:89: E501 Line too long (102 > 88)
src/nativeforge/services/active_source_post_runtime_verification_service.py:124:89: E501 Line too long (95 > 88)
src/nativeforge/services/active_source_post_runtime_verification_service.py:234:89: E501 Line too long (98 > 88)
src/nativeforge/services/active_source_post_runtime_verification_service.py:335:89: E501 Line too long (92 > 88)
src/nativeforge/services/active_source_post_runtime_verification_service.py:424:89: E501 Line too long (91 > 88)
src/nativeforge/services/active_source_post_runtime_verification_service.py:450:89: E501 Line too long (92 > 88)
src/nativeforge/services/active_source_post_runtime_verification_service.py:486:89: E501 Line too long (95 > 88)
src/nativeforge/services/active_source_post_runtime_verification_service.py:537:89: E501 Line too long (93 > 88)
src/nativeforge/services/active_source_runtime_migration_apply_execution_service.py:3:89: E501 Line too long (89 > 88)
src/nativeforge/services/active_source_runtime_migration_apply_execution_service.py:65:89: E501 Line too long (89 > 88)
src/nativeforge/services/active_source_runtime_migration_apply_execution_service.py:104:89: E501 Line too long (90 > 88)
src/nativeforge/services/active_source_runtime_migration_apply_execution_service.py:122:89: E501 Line too long (92 > 88)
src/nativeforge/services/active_source_runtime_migration_apply_execution_service.py:212:89: E501 Line too long (91 > 88)
src/nativeforge/services/active_source_runtime_migration_apply_plan_service.py:345:17: UP034 [*] Avoid extraneous parentheses
src/nativeforge/services/active_source_runtime_migration_apply_plan_service.py:389:89: E501 Line too long (91 > 88)
src/nativeforge/services/active_source_runtime_migration_dry_run_command_package_service.py:32:89: E501 Line too long (93 > 88)
src/nativeforge/services/active_source_runtime_migration_dry_run_command_package_service.py:33:89: E501 Line too long (91 > 88)
src/nativeforge/services/active_source_runtime_migration_dry_run_command_package_service.py:35:89: E501 Line too long (95 > 88)
src/nativeforge/services/active_source_runtime_migration_dry_run_command_package_service.py:38:89: E501 Line too long (89 > 88)
src/nativeforge/services/active_source_runtime_migration_dry_run_command_package_service.py:61:89: E501 Line too long (89 > 88)
src/nativeforge/services/active_source_runtime_migration_dry_run_command_package_service.py:62:89: E501 Line too long (89 > 88)
src/nativeforge/services/active_source_runtime_migration_dry_run_command_package_service.py:84:89: E501 Line too long (89 > 88)
src/nativeforge/services/active_source_runtime_migration_dry_run_command_package_service.py:96:89: E501 Line too long (89 > 88)
src/nativeforge/services/active_source_runtime_migration_dry_run_command_package_service.py:120:89: E501 Line too long (90 > 88)
src/nativeforge/services/active_source_runtime_migration_dry_run_command_package_service.py:130:89: E501 Line too long (92 > 88)
src/nativeforge/services/active_source_runtime_migration_dry_run_command_package_service.py:197:89: E501 Line too long (89 > 88)
src/nativeforge/services/active_source_runtime_migration_post_apply_verification_service.py:9:1: I001 [*] Import block is un-sorted or un-formatted
src/nativeforge/services/active_source_runtime_migration_post_apply_verification_service.py:33:89: E501 Line too long (97 > 88)
src/nativeforge/services/active_source_runtime_migration_post_apply_verification_service.py:108:89: E501 Line too long (95 > 88)
src/nativeforge/services/active_source_runtime_migration_post_apply_verification_service.py:112:89: E501 Line too long (92 > 88)
src/nativeforge/services/active_source_runtime_migration_post_apply_verification_service.py:113:89: E501 Line too long (90 > 88)
src/nativeforge/services/active_source_runtime_migration_post_apply_verification_service.py:126:89: E501 Line too long (89 > 88)
src/nativeforge/services/active_source_runtime_migration_post_apply_verification_service.py:170:89: E501 Line too long (95 > 88)
src/nativeforge/services/active_source_runtime_migration_post_apply_verification_service.py:296:89: E501 Line too long (91 > 88)
src/nativeforge/services/active_source_runtime_migration_post_apply_verification_service.py:308:89: E501 Line too long (89 > 88)
src/nativeforge/services/active_source_runtime_migration_readiness_gate_service.py:95:89: E501 Line too long (90 > 88)
src/nativeforge/services/active_source_runtime_migration_readiness_gate_service.py:240:89: E501 Line too long (89 > 88)
src/nativeforge/services/active_source_runtime_migration_readiness_gate_service.py:269:89: E501 Line too long (122 > 88)
src/nativeforge/services/active_source_runtime_migration_readiness_gate_service.py:396:89: E501 Line too long (91 > 88)
src/nativeforge/services/discovery_source_quality_service.py:3:1: I001 [*] Import block is un-sorted or un-formatted
src/nativeforge/services/discovery_source_quality_service.py:969:89: E501 Line too long (91 > 88)
src/nativeforge/services/eligibility_fit_assessment_demo_fixture_service.py:11:89: E501 Line too long (95 > 88)
src/nativeforge/services/eligibility_fit_assessment_demo_fixture_service.py:47:89: E501 Line too long (91 > 88)
src/nativeforge/services/eligibility_fit_assessment_dimension_evaluator_service.py:8:89: E501 Line too long (90 > 88)
src/nativeforge/services/eligibility_fit_assessment_dimension_evaluator_service.py:47:89: E501 Line too long (99 > 88)
src/nativeforge/services/eligibility_fit_assessment_dimension_evaluator_service.py:78:89: E501 Line too long (101 > 88)
src/nativeforge/services/eligibility_fit_assessment_dimension_evaluator_service.py:79:89: E501 Line too long (98 > 88)
src/nativeforge/services/eligibility_fit_assessment_dimension_evaluator_service.py:85:89: E501 Line too long (91 > 88)
src/nativeforge/services/eligibility_fit_assessment_dimension_evaluator_service.py:135:89: E501 Line too long (97 > 88)
src/nativeforge/services/eligibility_fit_assessment_dimension_evaluator_service.py:163:89: E501 Line too long (98 > 88)
src/nativeforge/services/eligibility_fit_assessment_dimension_evaluator_service.py:198:89: E501 Line too long (104 > 88)
src/nativeforge/services/eligibility_fit_assessment_evaluator_service.py:16:5: F401 [*] `nativeforge.services.eligibility_fit_assessment_blockers_service.BLOCKER_RECOGNITION_TIER_MISMATCH` imported but unused
src/nativeforge/services/eligibility_fit_assessment_evaluator_service.py:31:89: E501 Line too long (89 > 88)
src/nativeforge/services/eligibility_fit_assessment_evaluator_service.py:34:89: E501 Line too long (90 > 88)
src/nativeforge/services/eligibility_fit_assessment_evaluator_service.py:38:89: E501 Line too long (93 > 88)
src/nativeforge/services/eligibility_fit_assessment_evaluator_service.py:43:89: E501 Line too long (102 > 88)
src/nativeforge/services/eligibility_fit_assessment_evaluator_service.py:55:89: E501 Line too long (101 > 88)
src/nativeforge/services/eligibility_fit_assessment_evaluator_service.py:78:89: E501 Line too long (92 > 88)
src/nativeforge/services/eligibility_fit_assessment_evaluator_service.py:128:89: E501 Line too long (92 > 88)
src/nativeforge/services/eligibility_fit_assessment_evaluator_service.py:137:89: E501 Line too long (115 > 88)
src/nativeforge/services/eligibility_fit_assessment_evaluator_service.py:139:89: E501 Line too long (114 > 88)
src/nativeforge/services/eligibility_fit_assessment_evaluator_service.py:141:89: E501 Line too long (97 > 88)
src/nativeforge/services/eligibility_fit_assessment_evaluator_service.py:181:89: E501 Line too long (100 > 88)
src/nativeforge/services/eligibility_fit_assessment_evaluator_service.py:187:89: E501 Line too long (119 > 88)
src/nativeforge/services/eligibility_fit_assessment_no_claim_without_evidence_guard_service.py:1:89: E501 Line too long (89 > 88)
src/nativeforge/services/eligibility_fit_assessment_operator_guidance_service.py:12:89: E501 Line too long (101 > 88)
src/nativeforge/services/eligibility_fit_assessment_operator_guidance_service.py:15:89: E501 Line too long (100 > 88)
src/nativeforge/services/eligibility_fit_assessment_operator_guidance_service.py:18:89: E501 Line too long (102 > 88)
src/nativeforge/services/eligibility_fit_assessment_operator_guidance_service.py:21:89: E501 Line too long (94 > 88)
src/nativeforge/services/eligibility_fit_assessment_operator_guidance_service.py:24:89: E501 Line too long (96 > 88)
src/nativeforge/services/eligibility_fit_assessment_operator_guidance_service.py:27:89: E501 Line too long (89 > 88)
src/nativeforge/services/eligibility_fit_assessment_operator_guidance_service.py:30:89: E501 Line too long (95 > 88)
src/nativeforge/services/eligibility_fit_assessment_operator_guidance_service.py:33:89: E501 Line too long (94 > 88)
src/nativeforge/services/eligibility_fit_assessment_operator_next_check_service.py:60:89: E501 Line too long (91 > 88)
src/nativeforge/services/eligibility_fit_assessment_rollup_service.py:33:89: E501 Line too long (94 > 88)
src/nativeforge/services/eligibility_fit_assessment_rollup_service.py:35:89: E501 Line too long (93 > 88)
src/nativeforge/services/eligibility_fit_assessment_stage7_closeout_packet_service.py:8:89: E501 Line too long (94 > 88)
src/nativeforge/services/eligibility_fit_assessment_stage7_closeout_packet_service.py:15:89: E501 Line too long (93 > 88)
src/nativeforge/services/eligibility_fit_assessment_stage7_closeout_packet_service.py:34:89: E501 Line too long (92 > 88)
src/nativeforge/services/eligibility_fit_assessment_stage7_closeout_packet_service.py:53:89: E501 Line too long (89 > 88)
src/nativeforge/services/eligibility_fit_assessment_stage7_closeout_packet_service.py:59:89: E501 Line too long (93 > 88)
src/nativeforge/services/eligibility_fit_assessment_stage7_gate_verification_service.py:43:89: E501 Line too long (94 > 88)
src/nativeforge/services/foundation_fluxx_embed_adapter_service.py:5:8: F401 [*] `hashlib` imported but unused
src/nativeforge/services/foundation_fluxx_embed_adapter_service.py:9:26: F401 [*] `urllib.parse.urljoin` imported but unused
src/nativeforge/services/foundation_fluxx_embed_adapter_service.py:20:5: F401 [*] `nativeforge.services.platform_adapter_registry_service.PLATFORM_FOUNDATION_HTML_LISTING` imported but unused
src/nativeforge/services/foundation_fluxx_embed_adapter_service.py:125:89: E501 Line too long (96 > 88)
src/nativeforge/services/funding_opportunity_intake_hardened_record_service.py:55:89: E501 Line too long (91 > 88)
src/nativeforge/services/funding_opportunity_intake_stage5_closeout_packet_service.py:29:89: E501 Line too long (93 > 88)
src/nativeforge/services/funding_opportunity_intake_stage5_closeout_packet_service.py:70:89: E501 Line too long (89 > 88)
src/nativeforge/services/funding_opportunity_intake_stage5_verification_rollup_service.py:21:89: E501 Line too long (100 > 88)
src/nativeforge/services/funding_opportunity_intake_stage5_verification_rollup_service.py:24:89: E501 Line too long (90 > 88)
src/nativeforge/services/funding_opportunity_intake_stage5_verification_rollup_service.py:26:89: E501 Line too long (95 > 88)
src/nativeforge/services/funding_opportunity_intake_stage5_verification_rollup_service.py:27:89: E501 Line too long (92 > 88)
src/nativeforge/services/grant_eligibility_conditions_service.py:30:89: E501 Line too long (92 > 88)
src/nativeforge/services/grant_eligibility_conditions_service.py:48:89: E501 Line too long (97 > 88)
src/nativeforge/services/grant_eligibility_conditions_service.py:52:89: E501 Line too long (96 > 88)
src/nativeforge/services/grant_eligibility_conditions_service.py:62:89: E501 Line too long (92 > 88)
src/nativeforge/services/grant_eligibility_conditions_service.py:63:89: E501 Line too long (93 > 88)
src/nativeforge/services/grant_eligibility_conditions_service.py:66:89: E501 Line too long (95 > 88)
src/nativeforge/services/grant_eligibility_conditions_service.py:101:89: E501 Line too long (90 > 88)
src/nativeforge/services/grant_eligibility_conditions_service.py:119:89: E501 Line too long (93 > 88)
src/nativeforge/services/grant_eligibility_conditions_service.py:127:89: E501 Line too long (89 > 88)
src/nativeforge/services/grants_gov_applicant_type_recognition_service.py:1:89: E501 Line too long (95 > 88)
src/nativeforge/services/grants_gov_applicant_type_recognition_service.py:3:1: I001 [*] Import block is un-sorted or un-formatted
src/nativeforge/services/grants_gov_applicant_type_recognition_service.py:9:89: E501 Line too long (89 > 88)
src/nativeforge/services/grants_gov_applicant_type_recognition_service.py:30:89: E501 Line too long (108 > 88)
src/nativeforge/services/grants_gov_applicant_type_recognition_service.py:39:89: E501 Line too long (96 > 88)
src/nativeforge/services/grants_gov_applicant_type_recognition_service.py:80:89: E501 Line too long (90 > 88)
src/nativeforge/services/grants_gov_applicant_type_recognition_service.py:109:89: E501 Line too long (94 > 88)
src/nativeforge/services/grants_gov_applicant_type_recognition_service.py:140:13: I001 [*] Import block is un-sorted or un-formatted
src/nativeforge/services/grants_gov_applicant_type_recognition_service.py:140:89: E501 Line too long (89 > 88)
src/nativeforge/services/grants_gov_attachment_recoverable_reaudit_service.py:3:1: I001 [*] Import block is un-sorted or un-formatted
src/nativeforge/services/grants_gov_attachment_recoverable_reaudit_service.py:20:89: E501 Line too long (90 > 88)
src/nativeforge/services/grants_gov_attachment_recoverable_reaudit_service.py:40:89: E501 Line too long (90 > 88)
src/nativeforge/services/grants_gov_attachment_recoverable_reaudit_service.py:75:89: E501 Line too long (132 > 88)
src/nativeforge/services/grants_gov_eligibility_completeness_service.py:37:89: E501 Line too long (90 > 88)
src/nativeforge/services/grants_gov_eligibility_parser_service.py:40:89: E501 Line too long (91 > 88)
src/nativeforge/services/grants_gov_eligibility_parser_service.py:95:89: E501 Line too long (96 > 88)
src/nativeforge/services/grants_gov_eligibility_parser_service.py:118:89: E501 Line too long (101 > 88)
src/nativeforge/services/grants_gov_eligibility_parser_service.py:169:89: E501 Line too long (99 > 88)
src/nativeforge/services/grants_gov_eligibility_parser_service.py:170:89: E501 Line too long (97 > 88)
src/nativeforge/services/grants_gov_eligibility_parser_service.py:200:89: E501 Line too long (104 > 88)
src/nativeforge/services/grants_gov_eligibility_parser_service.py:231:89: E501 Line too long (90 > 88)
src/nativeforge/services/grants_gov_eligibility_parser_service.py:244:89: E501 Line too long (97 > 88)
src/nativeforge/services/grants_gov_eligibility_parser_service.py:249:89: E501 Line too long (95 > 88)
src/nativeforge/services/html_card_listing_extractor_service.py:142:89: E501 Line too long (92 > 88)
src/nativeforge/services/la_scaled_classify_match_orchestrator_service.py:3:1: I001 [*] Import block is un-sorted or un-formatted
src/nativeforge/services/matching_profile_provenance_service.py:94:89: E501 Line too long (98 > 88)
src/nativeforge/services/matching_profile_provenance_service.py:110:89: E501 Line too long (91 > 88)
src/nativeforge/services/mixed_corpus_grant_field_derivation_service.py:24:1: F811 Redefinition of unused `_TRIBAL_TYPE_RE` from line 13: `_TRIBAL_TYPE_RE` redefined here
src/nativeforge/services/native_relevance_classification_discovery_bridge_service.py:29:89: E501 Line too long (102 > 88)
src/nativeforge/services/native_relevance_classification_explanation_builder_service.py:11:89: E501 Line too long (92 > 88)
src/nativeforge/services/native_relevance_classification_label_explanation_service.py:8:89: E501 Line too long (91 > 88)
src/nativeforge/services/native_relevance_classification_label_explanation_service.py:25:89: E501 Line too long (95 > 88)
src/nativeforge/services/native_relevance_classification_label_explanation_service.py:35:89: E501 Line too long (97 > 88)
src/nativeforge/services/native_relevance_classification_label_explanation_service.py:40:89: E501 Line too long (102 > 88)
src/nativeforge/services/native_relevance_classification_label_explanation_service.py:42:89: E501 Line too long (99 > 88)
src/nativeforge/services/native_relevance_classification_label_explanation_service.py:43:89: E501 Line too long (95 > 88)
src/nativeforge/services/native_relevance_classification_label_explanation_service.py:45:89: E501 Line too long (92 > 88)
src/nativeforge/services/native_relevance_classification_label_explanation_service.py:53:89: E501 Line too long (99 > 88)
src/nativeforge/services/native_relevance_classification_label_explanation_service.py:55:89: E501 Line too long (97 > 88)
src/nativeforge/services/native_relevance_classification_label_explanation_service.py:57:89: E501 Line too long (100 > 88)
src/nativeforge/services/native_relevance_classification_label_explanation_service.py:62:89: E501 Line too long (111 > 88)
src/nativeforge/services/native_relevance_classification_label_explanation_service.py:65:89: E501 Line too long (107 > 88)
src/nativeforge/services/native_relevance_classification_label_explanation_service.py:67:89: E501 Line too long (94 > 88)
src/nativeforge/services/native_relevance_classification_label_explanation_service.py:69:89: E501 Line too long (90 > 88)
src/nativeforge/services/native_relevance_classification_label_explanation_service.py:74:89: E501 Line too long (101 > 88)
src/nativeforge/services/native_relevance_classification_label_explanation_service.py:76:89: E501 Line too long (106 > 88)
src/nativeforge/services/native_relevance_classification_label_explanation_service.py:79:89: E501 Line too long (89 > 88)
src/nativeforge/services/native_relevance_classification_label_explanation_service.py:83:89: E501 Line too long (100 > 88)
src/nativeforge/services/native_relevance_classification_label_explanation_service.py:85:89: E501 Line too long (105 > 88)
src/nativeforge/services/native_relevance_classification_label_explanation_service.py:93:89: E501 Line too long (99 > 88)
src/nativeforge/services/native_relevance_classification_label_explanation_service.py:94:89: E501 Line too long (99 > 88)
src/nativeforge/services/native_relevance_classification_label_explanation_service.py:97:89: E501 Line too long (91 > 88)
src/nativeforge/services/native_relevance_classification_label_explanation_service.py:101:89: E501 Line too long (101 > 88)
src/nativeforge/services/native_relevance_classification_label_explanation_service.py:130:89: E501 Line too long (95 > 88)
src/nativeforge/services/native_relevance_classification_operator_review_queue_service.py:31:89: E501 Line too long (89 > 88)
src/nativeforge/services/native_relevance_classification_operator_review_queue_service.py:33:89: E501 Line too long (101 > 88)
src/nativeforge/services/native_relevance_classification_over_filter_guard_service.py:8:89: E501 Line too long (91 > 88)
src/nativeforge/services/native_relevance_classification_overclaim_guard_service.py:1:89: E501 Line too long (91 > 88)
src/nativeforge/services/native_relevance_classification_overclaim_guard_service.py:8:89: E501 Line too long (95 > 88)
src/nativeforge/services/native_relevance_classification_overclaim_guard_service.py:11:89: E501 Line too long (91 > 88)
src/nativeforge/services/native_relevance_classification_overclaim_guard_service.py:89:89: E501 Line too long (100 > 88)
src/nativeforge/services/native_relevance_classification_record_service.py:11:89: E501 Line too long (94 > 88)
src/nativeforge/services/native_relevance_classification_rollup_service.py:12:89: E501 Line too long (91 > 88)
src/nativeforge/services/native_relevance_classification_rollup_service.py:39:89: E501 Line too long (99 > 88)
src/nativeforge/services/native_relevance_classification_stage6_closeout_packet_service.py:8:89: E501 Line too long (99 > 88)
src/nativeforge/services/native_relevance_classification_stage6_closeout_packet_service.py:15:89: E501 Line too long (98 > 88)
src/nativeforge/services/native_relevance_classification_stage6_closeout_packet_service.py:34:89: E501 Line too long (92 > 88)
src/nativeforge/services/native_relevance_classification_stage6_closeout_packet_service.py:57:89: E501 Line too long (90 > 88)
src/nativeforge/services/native_relevance_classification_stage6_closeout_packet_service.py:63:89: E501 Line too long (93 > 88)
src/nativeforge/services/nf15_no_evidence_honesty_gate_verification_service.py:94:89: E501 Line too long (91 > 88)
src/nativeforge/services/nf15_no_evidence_honesty_gate_verification_service.py:97:89: E501 Line too long (90 > 88)
src/nativeforge/services/polite_http_fetch_service.py:7:26: F401 [*] `urllib.parse.urljoin` imported but unused
src/nativeforge/services/real_grant_classify_match_service.py:3:1: I001 [*] Import block is un-sorted or un-formatted
src/nativeforge/services/real_grant_opportunity_metadata_service.py:34:89: E501 Line too long (100 > 88)
src/nativeforge/services/real_grant_opportunity_metadata_service.py:80:89: E501 Line too long (93 > 88)
src/nativeforge/services/real_grant_opportunity_metadata_service.py:86:89: E501 Line too long (89 > 88)
src/nativeforge/services/real_grant_opportunity_metadata_service.py:118:89: E501 Line too long (90 > 88)
src/nativeforge/services/real_grant_opportunity_metadata_service.py:128:89: E501 Line too long (92 > 88)
src/nativeforge/services/recognition_requirement_derivation_service.py:1:89: E501 Line too long (90 > 88)
src/nativeforge/services/recognition_requirement_derivation_service.py:27:89: E501 Line too long (91 > 88)
src/nativeforge/services/recognition_requirement_derivation_service.py:39:89: E501 Line too long (104 > 88)
src/nativeforge/services/recognition_requirement_derivation_service.py:40:89: E501 Line too long (93 > 88)
src/nativeforge/services/recognition_requirement_derivation_service.py:54:89: E501 Line too long (105 > 88)
src/nativeforge/services/recognition_requirement_derivation_service.py:145:89: E501 Line too long (90 > 88)
src/nativeforge/services/recognition_requirement_derivation_service.py:147:89: E501 Line too long (90 > 88)
src/nativeforge/services/recognition_requirement_derivation_service.py:204:89: E501 Line too long (93 > 88)
src/nativeforge/services/recognition_requirement_derivation_service.py:221:89: E501 Line too long (101 > 88)
src/nativeforge/services/recognition_requirement_derivation_service.py:269:89: E501 Line too long (94 > 88)
src/nativeforge/services/recognition_requirement_derivation_service.py:286:89: E501 Line too long (93 > 88)
src/nativeforge/services/recognition_requirement_derivation_service.py:300:89: E501 Line too long (92 > 88)
src/nativeforge/services/recognition_requirement_derivation_service.py:312:89: E501 Line too long (89 > 88)
src/nativeforge/services/recognition_tier_eligibility_gate_service.py:12:89: E501 Line too long (90 > 88)
src/nativeforge/services/recognition_tier_eligibility_gate_service.py:51:89: E501 Line too long (91 > 88)
src/nativeforge/services/recognition_tier_eligibility_gate_service.py:53:89: E501 Line too long (91 > 88)
src/nativeforge/services/recognition_tier_eligibility_gate_service.py:54:89: E501 Line too long (94 > 88)
src/nativeforge/services/recognition_tier_eligibility_gate_service.py:70:89: E501 Line too long (91 > 88)
src/nativeforge/services/recognition_tier_eligibility_gate_service.py:71:89: E501 Line too long (92 > 88)
src/nativeforge/services/recognition_tier_eligibility_gate_service.py:90:89: E501 Line too long (89 > 88)
src/nativeforge/services/recognition_tier_eligibility_gate_service.py:106:9: F841 Local variable `member_level_only` is assigned to but never used
src/nativeforge/services/recognition_tier_eligibility_gate_service.py:108:89: E501 Line too long (89 > 88)
src/nativeforge/services/recognition_tier_eligibility_gate_service.py:144:89: E501 Line too long (96 > 88)
src/nativeforge/services/recognition_tier_eligibility_gate_service.py:181:89: E501 Line too long (93 > 88)
src/nativeforge/services/rt_partial_honesty_regression_service.py:69:89: E501 Line too long (96 > 88)
src/nativeforge/services/sc_pilot_classify_match_orchestrator_service.py:3:1: I001 [*] Import block is un-sorted or un-formatted
src/nativeforge/services/sc_pilot_classify_match_orchestrator_service.py:25:5: F401 [*] `nativeforge.services.real_resolver_validation_gate_service.require_real_resolver_validation_gate` imported but unused
src/nativeforge/services/sc_pilot_classify_match_orchestrator_service.py:147:89: E501 Line too long (90 > 88)
src/nativeforge/services/sc_pilot_classify_match_orchestrator_service.py:156:89: E501 Line too long (95 > 88)
src/nativeforge/services/sc_pilot_fixture_loader_service.py:60:89: E501 Line too long (91 > 88)
src/nativeforge/services/sc_pilot_fixture_loader_service.py:83:89: E501 Line too long (96 > 88)
src/nativeforge/services/sc_pilot_fixture_loader_service.py:161:89: E501 Line too long (91 > 88)
src/nativeforge/services/sc_pilot_fixture_loader_service.py:179:89: E501 Line too long (96 > 88)
src/nativeforge/services/sc_pilot_fixture_loader_service.py:229:89: E501 Line too long (98 > 88)
src/nativeforge/services/sc_pilot_fixture_loader_service.py:305:89: E501 Line too long (101 > 88)
src/nativeforge/services/sc_pilot_fixture_loader_service.py:315:89: E501 Line too long (90 > 88)
src/nativeforge/services/sc_pilot_fixture_loader_service.py:328:89: E501 Line too long (92 > 88)
src/nativeforge/services/sc_pilot_fixture_loader_service.py:332:89: E501 Line too long (97 > 88)
src/nativeforge/services/sc_pilot_fixture_loader_service.py:336:89: E501 Line too long (106 > 88)
src/nativeforge/services/sc_pilot_fixture_loader_service.py:344:89: E501 Line too long (99 > 88)
src/nativeforge/services/sc_pilot_fixture_loader_service.py:359:89: E501 Line too long (93 > 88)
src/nativeforge/services/sc_pilot_fixture_loader_service.py:394:89: E501 Line too long (89 > 88)
src/nativeforge/services/sc_pilot_fixture_loader_service.py:410:89: E501 Line too long (103 > 88)
src/nativeforge/services/sc_pilot_fixture_loader_service.py:411:89: E501 Line too long (93 > 88)
src/nativeforge/services/sc_pilot_fixture_loader_service.py:443:89: E501 Line too long (100 > 88)
src/nativeforge/services/scaled_federal_corpus_persist_service.py:62:89: E501 Line too long (94 > 88)
src/nativeforge/services/seed_source_human_activation_service.py:99:89: E501 Line too long (91 > 88)
src/nativeforge/services/ta_tier3_honesty_regression_service.py:11:61: F401 [*] `nativeforge.services.no_live_nofo_state_service.build_no_live_nofo_grant` imported but unused
src/nativeforge/services/tier3_classify_match_orchestrator_service.py:71:89: E501 Line too long (107 > 88)
src/nativeforge/services/tier3_foundation_batch_activation_service.py:6:8: F401 [*] `uuid` imported but unused
src/nativeforge/services/tier3_foundation_batch_activation_service.py:95:5: I001 [*] Import block is un-sorted or un-formatted
src/nativeforge/services/tier3_foundation_batch_live_fetch_service.py:3:1: I001 [*] Import block is un-sorted or un-formatted
src/nativeforge/services/tier3_foundation_batch_live_fetch_service.py:9:89: E501 Line too long (91 > 88)
src/nativeforge/services/tier3_foundation_corpus_persist_service.py:3:1: I001 [*] Import block is un-sorted or un-formatted
src/nativeforge/services/tier3_foundation_corpus_persist_service.py:10:89: E501 Line too long (91 > 88)
src/nativeforge/services/tier3_foundation_corpus_persist_service.py:60:89: E501 Line too long (94 > 88)
src/nativeforge/services/tier3_foundation_corpus_persist_service.py:65:89: E501 Line too long (92 > 88)
src/nativeforge/services/tier3_foundation_corpus_persist_service.py:220:89: E501 Line too long (90 > 88)
src/nativeforge/services/tier3_org_cluster_config_service.py:134:89: E501 Line too long (94 > 88)
tests/test_bu_sprint002_browser_run_id.py:3:1: I001 [*] Import block is un-sorted or un-formatted
tests/test_bu_sprint002_browser_run_id.py:5:89: E501 Line too long (92 > 88)
tests/test_bu_sprint005_validate_browser_result.py:19:89: E501 Line too long (93 > 88)
tests/test_bu_sprint025_header_nav.py:9:89: E501 Line too long (90 > 88)
tests/test_bu_sprint029_page_readonly.py:9:89: E501 Line too long (90 > 88)
tests/test_bu_sprint031_generate_browser_run_id.py:3:1: I001 [*] Import block is un-sorted or un-formatted
tests/test_bu_sprint031_generate_browser_run_id.py:5:89: E501 Line too long (92 > 88)
tests/test_bu_sprint032_evaluate_browser_screens.py:3:1: I001 [*] Import block is un-sorted or un-formatted
tests/test_bu_sprint032_evaluate_browser_screens.py:11:89: E501 Line too long (92 > 88)
tests/test_bu_sprint032_evaluate_browser_screens.py:16:89: E501 Line too long (90 > 88)
tests/test_bu_sprint032_evaluate_browser_screens.py:17:89: E501 Line too long (92 > 88)
tests/test_bu_sprint033_run_browser_smoke.py:3:1: I001 [*] Import block is un-sorted or un-formatted
tests/test_bu_sprint033_run_browser_smoke.py:5:89: E501 Line too long (92 > 88)
tests/test_bu_sprint035_hard_stop_page.py:3:1: I001 [*] Import block is un-sorted or un-formatted
tests/test_bu_sprint035_hard_stop_page.py:8:89: E501 Line too long (92 > 88)
tests/test_grants_gov_eligibility_completeness.py:9:8: F401 [*] `pytest` imported but unused
tests/test_grants_gov_eligibility_completeness.py:53:89: E501 Line too long (94 > 88)
tests/test_grants_gov_eligibility_completeness.py:59:89: E501 Line too long (96 > 88)
tests/test_grants_gov_eligibility_completeness.py:140:89: E501 Line too long (121 > 88)
tests/test_grants_gov_eligibility_completeness.py:179:89: E501 Line too long (92 > 88)
tests/test_nm_wa_operator_review_queue.py:3:1: I001 [*] Import block is un-sorted or un-formatted
tests/test_nm_wa_operator_review_queue.py:5:89: E501 Line too long (90 > 88)
tests/test_nm_wa_queue_priority.py:3:1: I001 [*] Import block is un-sorted or un-formatted
tests/test_nm_wa_queue_priority.py:5:89: E501 Line too long (90 > 88)
tests/test_nm_wa_queue_priority.py:21:89: E501 Line too long (89 > 88)
tests/test_nm_wa_queue_reasons_present.py:3:1: I001 [*] Import block is un-sorted or un-formatted
tests/test_nm_wa_queue_reasons_present.py:5:89: E501 Line too long (90 > 88)
tests/test_nm_wa_sc_regression_smoke.py:22:89: E501 Line too long (91 > 88)
tests/test_os_sprint009_synthetic_fixture_inspect.py:3:1: I001 [*] Import block is un-sorted or un-formatted
tests/test_os_sprint014_nm_unknowns_visible.py:25:89: E501 Line too long (91 > 88)
tests/test_os_sprint026_wa_no_final_claim.py:9:89: E501 Line too long (157 > 88)
tests/test_os_sprint027_wa_next_check.py:9:89: E501 Line too long (157 > 88)
tests/test_os_sprint028_wa_broad_remain.py:9:89: E501 Line too long (157 > 88)
tests/test_os_sprint029_wa_advisory_flags.py:9:89: E501 Line too long (157 > 88)
tests/test_os_sprint030_wa_checkpoint.py:9:89: E501 Line too long (157 > 88)
tests/test_os_sprint031_combined_queue.py:9:89: E501 Line too long (155 > 88)
tests/test_os_sprint032_combined_rollup.py:9:89: E501 Line too long (155 > 88)
tests/test_os_sprint033_stable_ordering.py:9:89: E501 Line too long (155 > 88)
tests/test_os_sprint034_confidence_distribution.py:9:89: E501 Line too long (155 > 88)
tests/test_os_sprint035_provenance_summary.py:9:89: E501 Line too long (155 > 88)
tests/test_os_sprint036_review_reason_vocab.py:12:89: E501 Line too long (155 > 88)
tests/test_os_sprint037_missing_data_count.py:9:89: E501 Line too long (155 > 88)
tests/test_os_sprint038_no_match_logic_change.py:9:89: E501 Line too long (155 > 88)
tests/test_os_sprint039_combined_next_checks.py:9:89: E501 Line too long (155 > 88)
tests/test_os_sprint040_combined_checkpoint.py:9:89: E501 Line too long (155 > 88)
tests/test_os_sprint041_closeout_packet.py:9:89: E501 Line too long (155 > 88)
tests/test_os_sprint043_closeout_invariants.py:9:89: E501 Line too long (155 > 88)
tests/test_os_sprint044_prior_classify_match_still_green.py:22:89: E501 Line too long (89 > 88)
tests/test_os_sprint044_prior_classify_match_still_green.py:23:89: E501 Line too long (89 > 88)
tests/test_pw_sprint005_validate_result.py:19:89: E501 Line too long (96 > 88)
tests/test_pw_sprint022_spec_nm_wa_markers.py:9:89: E501 Line too long (93 > 88)
tests/test_pw_sprint023_spec_combined_missing.py:9:89: E501 Line too long (93 > 88)
tests/test_pw_sprint024_spec_review_next.py:9:89: E501 Line too long (93 > 88)
tests/test_pw_sprint025_spec_provenance_confidence.py:9:89: E501 Line too long (93 > 88)
tests/test_pw_sprint026_spec_no_claim_discoverable.py:9:89: E501 Line too long (93 > 88)
tests/test_pw_sprint028_spec_offline_header.py:9:89: E501 Line too long (93 > 88)
tests/test_pw_sprint029_fourteen_screens_mapped.py:29:89: E501 Line too long (93 > 88)
tests/test_pw_sprint041_closeout_packet.py:22:89: E501 Line too long (90 > 88)
tests/test_recognition_requirement_coverage_expansion.py:1:89: E501 Line too long (93 > 88)
tests/test_recognition_requirement_coverage_expansion.py:3:1: I001 [*] Import block is un-sorted or un-formatted
tests/test_recognition_requirement_coverage_expansion.py:8:8: F401 [*] `pytest` imported but unused
tests/test_recognition_requirement_coverage_expansion.py:16:5: F401 [*] `nativeforge.services.grants_gov_applicant_type_recognition_service.derive_recognition_from_grant_applicant_types` imported but unused
tests/test_recognition_requirement_coverage_expansion.py:36:89: E501 Line too long (90 > 88)
tests/test_recognition_requirement_coverage_expansion.py:37:89: E501 Line too long (97 > 88)
tests/test_recognition_requirement_coverage_expansion.py:83:89: E501 Line too long (90 > 88)
tests/test_recognition_requirement_coverage_expansion.py:84:89: E501 Line too long (103 > 88)
tests/test_recognition_requirement_coverage_expansion.py:103:89: E501 Line too long (93 > 88)
tests/test_recognition_requirement_coverage_expansion.py:115:89: E501 Line too long (90 > 88)
tests/test_recognition_requirement_coverage_expansion.py:116:89: E501 Line too long (108 > 88)
tests/test_recognition_requirement_coverage_expansion.py:126:89: E501 Line too long (89 > 88)
tests/test_recognition_requirement_coverage_expansion.py:157:89: E501 Line too long (92 > 88)
tests/test_recognition_requirement_coverage_expansion.py:195:89: E501 Line too long (96 > 88)
tests/test_recognition_requirement_coverage_expansion.py:233:89: E501 Line too long (107 > 88)
tests/test_recognition_requirement_coverage_expansion.py:240:89: E501 Line too long (100 > 88)
tests/test_recognition_requirement_coverage_expansion.py:242:89: E501 Line too long (104 > 88)
tests/test_rt_matching_profile_provenance.py:7:89: E501 Line too long (89 > 88)
tests/test_rt_matching_profile_provenance.py:15:5: F401 [*] `nativeforge.services.matching_profile_provenance_service.build_matching_profile_provenance_contract` imported but unused
tests/test_rt_matching_profile_provenance.py:30:5: F401 [*] `nativeforge.services.real_grant_classify_match_service.classify_and_match_real_grants` imported but unused
tests/test_rt_matching_profile_provenance.py:34:5: F401 [*] `nativeforge.services.real_grant_opportunity_metadata_service.derive_required_geography_from_grant` imported but unused
tests/test_rt_matching_profile_provenance.py:68:89: E501 Line too long (91 > 88)
tests/test_rt_matching_profile_provenance.py:78:89: E501 Line too long (92 > 88)
tests/test_rt_matching_profile_provenance.py:91:89: E501 Line too long (94 > 88)
tests/test_rt_matching_profile_provenance.py:129:89: E501 Line too long (92 > 88)
tests/test_sc_pilot_recognition_tier_gate.py:3:1: I001 [*] Import block is un-sorted or un-formatted
tests/test_sc_pilot_recognition_tier_gate.py:22:5: F401 [*] `nativeforge.services.matching_readiness_matching_evaluator_service.evaluate_match` imported but unused
tests/test_sc_pilot_recognition_tier_gate.py:107:89: E501 Line too long (102 > 88)
tests/test_sc_pilot_recognition_tier_gate.py:132:89: E501 Line too long (96 > 88)
tests/test_sc_pilot_recognition_tier_gate.py:142:89: E501 Line too long (89 > 88)
tests/test_sc_pilot_recognition_tier_gate.py:153:89: E501 Line too long (90 > 88)
tests/test_sc_pilot_recognition_tier_gate.py:156:89: E501 Line too long (89 > 88)
tests/test_sc_pilot_recognition_tier_gate.py:167:89: E501 Line too long (92 > 88)
tests/test_sc_pilot_recognition_tier_gate.py:172:89: E501 Line too long (95 > 88)
tests/test_sc_pilot_recognition_tier_gate.py:178:89: E501 Line too long (92 > 88)
tests/test_sc_pilot_recognition_tier_gate.py:203:89: E501 Line too long (89 > 88)
tests/test_sc_pilot_recognition_tier_gate.py:220:89: E501 Line too long (89 > 88)
tests/test_sc_pilot_recognition_tier_gate.py:225:89: E501 Line too long (91 > 88)
tests/test_sc_pilot_recognition_tier_gate.py:232:89: E501 Line too long (89 > 88)
tests/test_sc_pilot_recognition_tier_gate.py:239:89: E501 Line too long (93 > 88)
tests/test_sc_pilot_recognition_tier_gate.py:240:89: E501 Line too long (89 > 88)
tests/test_sm_sprint006_smoke_manifest.py:3:1: I001 [*] Import block is un-sorted or un-formatted
tests/test_sm_sprint006_smoke_manifest.py:6:89: E501 Line too long (90 > 88)
tests/test_sm_sprint007_manifest_surfaces.py:3:1: I001 [*] Import block is un-sorted or un-formatted
tests/test_sm_sprint007_manifest_surfaces.py:9:89: E501 Line too long (90 > 88)
tests/test_sm_sprint009_expected_surface_coverage.py:3:1: I001 [*] Import block is un-sorted or un-formatted
tests/test_sm_sprint009_expected_surface_coverage.py:5:89: E501 Line too long (90 > 88)
tests/test_sm_sprint032_evaluate_surfaces.py:3:1: I001 [*] Import block is un-sorted or un-formatted
tests/test_sm_sprint032_evaluate_surfaces.py:9:89: E501 Line too long (90 > 88)
tests/test_sm_sprint035_hard_stop_combined.py:18:89: E501 Line too long (111 > 88)
tests/test_sm_sprint046_staging_verify_recorded.py:12:89: E501 Line too long (92 > 88)
tests/test_sprint173_funding_opportunity_intake_operator_duplicate_detection.py:5:89: E501 Line too long (98 > 88)
tests/test_sprint175_funding_opportunity_intake_hardened_record.py:17:89: E501 Line too long (96 > 88)
tests/test_sprint175_funding_opportunity_intake_hardened_record.py:24:89: E501 Line too long (96 > 88)
tests/test_sprint178_funding_opportunity_intake_operator_review_queue.py:11:89: E501 Line too long (91 > 88)
tests/test_sprint178_funding_opportunity_intake_operator_review_queue.py:18:89: E501 Line too long (96 > 88)
tests/test_sprint179_funding_opportunity_intake_stage5_gate_verification.py:5:89: E501 Line too long (94 > 88)
tests/test_sprint180_funding_opportunity_intake_stage5_verification_rollup.py:5:89: E501 Line too long (96 > 88)
tests/test_sprint181_funding_opportunity_intake_stage5_closeout_packet.py:7:89: E501 Line too long (92 > 88)
tests/test_sprint182_native_relevance_classification_label_vocabulary.py:5:89: E501 Line too long (91 > 88)
tests/test_sprint183_native_relevance_classification_label_explanation.py:5:89: E501 Line too long (92 > 88)
tests/test_sprint183_native_relevance_classification_label_explanation.py:10:89: E501 Line too long (91 > 88)
tests/test_sprint184_native_relevance_classification_confidence.py:22:89: E501 Line too long (97 > 88)
tests/test_sprint185_native_relevance_classification_human_review_trigger.py:5:89: E501 Line too long (95 > 88)
tests/test_sprint186_native_relevance_classification_overclaim_guard.py:5:89: E501 Line too long (91 > 88)
tests/test_sprint186_native_relevance_classification_overclaim_guard.py:10:89: E501 Line too long (90 > 88)
tests/test_sprint187_native_relevance_classification_over_filter_guard.py:5:89: E501 Line too long (91 > 88)
tests/test_sprint187_native_relevance_classification_over_filter_guard.py:9:89: E501 Line too long (92 > 88)
tests/test_sprint189_native_relevance_classification_evaluator.py:12:89: E501 Line too long (91 > 88)
tests/test_sprint190_native_relevance_classification_explanation_builder.py:8:89: E501 Line too long (94 > 88)
tests/test_sprint190_native_relevance_classification_explanation_builder.py:15:89: E501 Line too long (112 > 88)
tests/test_sprint190_native_relevance_classification_explanation_builder.py:29:89: E501 Line too long (109 > 88)
tests/test_sprint191_native_relevance_classification_record.py:15:89: E501 Line too long (114 > 88)
tests/test_sprint191_native_relevance_classification_record.py:20:89: E501 Line too long (108 > 88)
tests/test_sprint192_native_relevance_classification_discovery_bridge.py:8:89: E501 Line too long (91 > 88)
tests/test_sprint194_native_relevance_classification_operator_review_queue.py:8:89: E501 Line too long (96 > 88)
tests/test_sprint195_native_relevance_classification_stage6_gate_verification.py:5:89: E501 Line too long (99 > 88)
tests/test_sprint196_native_relevance_classification_stage6_closeout_packet.py:7:89: E501 Line too long (97 > 88)
tests/test_sprint197_eligibility_fit_assessment_dimension_vocabulary.py:5:89: E501 Line too long (90 > 88)
tests/test_sprint198_eligibility_fit_assessment_deadline_and_documentation.py:10:89: E501 Line too long (93 > 88)
tests/test_sprint202_eligibility_fit_assessment_no_claim_without_evidence_guard.py:5:89: E501 Line too long (101 > 88)
tests/test_sprint203_eligibility_fit_assessment_incomplete_discoverability_guard.py:5:89: E501 Line too long (102 > 88)
tests/test_sprint204_eligibility_fit_assessment_demo_fixture.py:22:89: E501 Line too long (99 > 88)
tests/test_sprint205_eligibility_fit_assessment_dimension_evaluator.py:9:89: E501 Line too long (89 > 88)
tests/test_sprint205_eligibility_fit_assessment_dimension_evaluator.py:13:89: E501 Line too long (90 > 88)
tests/test_sprint205_eligibility_fit_assessment_dimension_evaluator.py:24:89: E501 Line too long (99 > 88)
tests/test_sprint205_eligibility_fit_assessment_dimension_evaluator.py:34:89: E501 Line too long (99 > 88)
tests/test_sprint205_eligibility_fit_assessment_dimension_evaluator.py:46:89: E501 Line too long (97 > 88)
tests/test_sprint205_eligibility_fit_assessment_dimension_evaluator.py:47:89: E501 Line too long (98 > 88)
tests/test_sprint206_eligibility_fit_assessment_evaluator.py:13:89: E501 Line too long (102 > 88)
tests/test_sprint206_eligibility_fit_assessment_evaluator.py:22:89: E501 Line too long (99 > 88)
tests/test_sprint206_eligibility_fit_assessment_evaluator.py:33:89: E501 Line too long (103 > 88)
tests/test_sprint206_eligibility_fit_assessment_evaluator.py:43:89: E501 Line too long (99 > 88)
tests/test_sprint207_eligibility_fit_assessment_operator_next_check.py:9:89: E501 Line too long (89 > 88)
tests/test_sprint207_eligibility_fit_assessment_operator_next_check.py:17:89: E501 Line too long (99 > 88)
tests/test_sprint208_eligibility_fit_assessment_record.py:16:89: E501 Line too long (99 > 88)
tests/test_sprint210_eligibility_fit_assessment_stage7_gate_verification.py:8:89: E501 Line too long (94 > 88)
tests/test_sprint211_eligibility_fit_assessment_stage7_closeout_packet.py:7:89: E501 Line too long (92 > 88)
tests/test_sprint219_matching_readiness_missing_data_fail_closed_guard.py:6:5: F401 [*] `nativeforge.services.matching_readiness_match_label_vocabulary_service.LABEL_BLOCKED` imported but unused
tests/test_sprint242_canonical_operator_guidance_reconciliation.py:3:1: I001 [*] Import block is un-sorted or un-formatted
tests/test_sprint242_canonical_operator_guidance_reconciliation.py:10:89: E501 Line too long (89 > 88)
tests/test_sprint242_canonical_operator_guidance_reconciliation.py:26:89: E501 Line too long (99 > 88)
tests/test_sprint242_canonical_operator_guidance_reconciliation.py:29:89: E501 Line too long (100 > 88)
tests/test_sprint246_stage12_demo_reset.py:3:1: I001 [*] Import block is un-sorted or un-formatted
tests/test_sprint246_stage12_demo_reset.py:7:89: E501 Line too long (95 > 88)
tests/test_sprint280_staging_activation_dry_run_routes.py:59:89: E501 Line too long (101 > 88)
tests/test_sprint324_classification_evidence_honest_guard.py:10:89: E501 Line too long (91 > 88)
tests/test_sprint49_active_source_runtime_migration_approval_intake.py:16:89: E501 Line too long (90 > 88)
tests/test_sprint50_active_source_runtime_migration_readiness_gate.py:19:89: E501 Line too long (90 > 88)
tests/test_sprint50_active_source_runtime_migration_readiness_gate.py:22:89: E501 Line too long (89 > 88)
tests/test_sprint50_active_source_runtime_migration_readiness_gate.py:105:89: E501 Line too long (104 > 88)
tests/test_sprint50_active_source_runtime_migration_readiness_gate.py:260:89: E501 Line too long (92 > 88)
tests/test_sprint50_active_source_runtime_migration_readiness_gate.py:269:89: E501 Line too long (96 > 88)
tests/test_sprint51_active_source_runtime_migration_dry_run_command_package.py:17:89: E501 Line too long (98 > 88)
tests/test_sprint51_active_source_runtime_migration_dry_run_command_package.py:149:89: E501 Line too long (90 > 88)
tests/test_sprint51_active_source_runtime_migration_dry_run_command_package.py:155:89: E501 Line too long (90 > 88)
tests/test_sprint51_active_source_runtime_migration_dry_run_command_package.py:161:89: E501 Line too long (90 > 88)
tests/test_sprint51_active_source_runtime_migration_dry_run_command_package.py:173:89: E501 Line too long (90 > 88)
tests/test_sprint51_active_source_runtime_migration_dry_run_command_package.py:195:89: E501 Line too long (90 > 88)
tests/test_sprint51_active_source_runtime_migration_dry_run_command_package.py:204:89: E501 Line too long (90 > 88)
tests/test_sprint51_active_source_runtime_migration_dry_run_command_package.py:213:89: E501 Line too long (90 > 88)
tests/test_sprint51_active_source_runtime_migration_dry_run_command_package.py:229:89: E501 Line too long (90 > 88)
tests/test_sprint52_active_source_runtime_migration_apply_execution.py:1:89: E501 Line too long (89 > 88)
tests/test_sprint52_active_source_runtime_migration_apply_execution.py:17:89: E501 Line too long (90 > 88)
tests/test_sprint52_active_source_runtime_migration_apply_execution.py:190:89: E501 Line too long (90 > 88)
tests/test_sprint52_active_source_runtime_migration_apply_execution.py:293:89: E501 Line too long (93 > 88)
tests/test_sprint53_active_source_runtime_migration_post_apply_verification.py:17:89: E501 Line too long (98 > 88)
tests/test_sprint53_active_source_runtime_migration_post_apply_verification.py:104:89: E501 Line too long (93 > 88)
tests/test_sprint53_active_source_runtime_migration_post_apply_verification.py:287:89: E501 Line too long (93 > 88)
tests/test_sprint54_active_source_empty_state_read_model.py:1:89: E501 Line too long (92 > 88)
tests/test_sprint54_active_source_empty_state_read_model.py:26:89: E501 Line too long (98 > 88)
tests/test_sprint54_active_source_empty_state_read_model.py:42:89: E501 Line too long (93 > 88)
tests/test_sprint54_active_source_empty_state_read_model.py:74:89: E501 Line too long (96 > 88)
tests/test_sprint54_active_source_empty_state_read_model.py:221:89: E501 Line too long (90 > 88)
tests/test_sprint55_active_source_creation_request.py:25:89: E501 Line too long (98 > 88)
tests/test_sprint55_active_source_creation_request.py:57:89: E501 Line too long (92 > 88)
tests/test_sprint55_active_source_creation_request.py:64:89: E501 Line too long (89 > 88)
tests/test_sprint55_active_source_creation_request.py:67:89: E501 Line too long (94 > 88)
tests/test_sprint55_active_source_creation_request.py:86:89: E501 Line too long (90 > 88)
tests/test_sprint56_active_source_human_approval_intake.py:1:89: E501 Line too long (89 > 88)
tests/test_sprint56_active_source_human_approval_intake.py:3:1: I001 [*] Import block is un-sorted or un-formatted
tests/test_sprint56_active_source_human_approval_intake.py:57:89: E501 Line too long (92 > 88)
tests/test_sprint56_active_source_human_approval_intake.py:64:89: E501 Line too long (89 > 88)
tests/test_sprint56_active_source_human_approval_intake.py:67:89: E501 Line too long (94 > 88)
tests/test_sprint56_active_source_human_approval_intake.py:89:89: E501 Line too long (90 > 88)
tests/test_sprint56_active_source_human_approval_intake.py:90:89: E501 Line too long (94 > 88)
tests/test_sprint56_active_source_human_approval_intake.py:118:89: E501 Line too long (95 > 88)
tests/test_sprint56_active_source_human_approval_intake.py:143:5: F841 Local variable `oid` is assigned to but never used
tests/test_sprint56_active_source_human_approval_intake.py:190:89: E501 Line too long (90 > 88)
tests/test_sprint57_active_source_creation_execution_dry_run.py:3:1: I001 [*] Import block is un-sorted or un-formatted
tests/test_sprint57_active_source_creation_execution_dry_run.py:64:89: E501 Line too long (92 > 88)
tests/test_sprint57_active_source_creation_execution_dry_run.py:71:89: E501 Line too long (89 > 88)
tests/test_sprint57_active_source_creation_execution_dry_run.py:96:89: E501 Line too long (92 > 88)
tests/test_sprint57_active_source_creation_execution_dry_run.py:97:89: E501 Line too long (94 > 88)
tests/test_sprint57_active_source_creation_execution_dry_run.py:129:89: E501 Line too long (100 > 88)
tests/test_sprint57_active_source_creation_execution_dry_run.py:176:89: E501 Line too long (91 > 88)
tests/test_sprint57_active_source_creation_execution_dry_run.py:390:89: E501 Line too long (89 > 88)
tests/test_sprint58_active_source_creation_execution_readiness_gate.py:3:1: I001 [*] Import block is un-sorted or un-formatted
tests/test_sprint58_active_source_creation_execution_readiness_gate.py:21:89: E501 Line too long (90 > 88)
tests/test_sprint58_active_source_creation_execution_readiness_gate.py:81:89: E501 Line too long (92 > 88)
tests/test_sprint58_active_source_creation_execution_readiness_gate.py:88:89: E501 Line too long (89 > 88)
tests/test_sprint58_active_source_creation_execution_readiness_gate.py:113:89: E501 Line too long (92 > 88)
tests/test_sprint58_active_source_creation_execution_readiness_gate.py:114:89: E501 Line too long (94 > 88)
tests/test_sprint58_active_source_creation_execution_readiness_gate.py:177:89: E501 Line too long (176 > 88)
tests/test_sprint58_active_source_creation_execution_readiness_gate.py:189:89: E501 Line too long (101 > 88)
tests/test_sprint58_active_source_creation_execution_readiness_gate.py:356:89: E501 Line too long (97 > 88)
tests/test_sprint58_active_source_creation_execution_readiness_gate.py:406:89: E501 Line too long (90 > 88)
tests/test_sprint58_active_source_creation_execution_readiness_gate.py:515:89: E501 Line too long (96 > 88)
tests/test_sprint59_active_source_creation_execution_command_package.py:3:1: I001 [*] Import block is un-sorted or un-formatted
tests/test_sprint59_active_source_creation_execution_command_package.py:13:89: E501 Line too long (91 > 88)
tests/test_sprint59_active_source_creation_execution_command_package.py:27:89: E501 Line too long (90 > 88)
tests/test_sprint59_active_source_creation_execution_command_package.py:85:89: E501 Line too long (92 > 88)
tests/test_sprint59_active_source_creation_execution_command_package.py:92:89: E501 Line too long (89 > 88)
tests/test_sprint59_active_source_creation_execution_command_package.py:95:89: E501 Line too long (94 > 88)
tests/test_sprint59_active_source_creation_execution_command_package.py:117:89: E501 Line too long (92 > 88)
tests/test_sprint59_active_source_creation_execution_command_package.py:118:89: E501 Line too long (94 > 88)
tests/test_sprint60_active_source_creation_execution_plan.py:3:1: I001 [*] Import block is un-sorted or un-formatted
tests/test_sprint60_active_source_creation_execution_plan.py:13:89: E501 Line too long (91 > 88)
tests/test_sprint60_active_source_creation_execution_plan.py:33:89: E501 Line too long (90 > 88)
tests/test_sprint60_active_source_creation_execution_plan.py:35:39: F401 [*] `nativeforge.services.active_source_creation_execution_readiness_gate_service.READINESS_BLOCKED_HUMAN_REVIEW` imported but unused
tests/test_sprint60_active_source_creation_execution_plan.py:36:41: F401 [*] `nativeforge.services.active_source_creation_execution_readiness_gate_service.READINESS_READY_FUTURE_EXECUTION` imported but unused
tests/test_sprint60_active_source_creation_execution_plan.py:87:89: E501 Line too long (92 > 88)
tests/test_sprint60_active_source_creation_execution_plan.py:94:89: E501 Line too long (89 > 88)
tests/test_sprint60_active_source_creation_execution_plan.py:97:89: E501 Line too long (94 > 88)
tests/test_sprint60_active_source_creation_execution_plan.py:119:89: E501 Line too long (92 > 88)
tests/test_sprint60_active_source_creation_execution_plan.py:120:89: E501 Line too long (94 > 88)
tests/test_sprint60_active_source_creation_execution_plan.py:227:89: E501 Line too long (90 > 88)
tests/test_sprint60_active_source_creation_execution_plan.py:415:89: E501 Line too long (104 > 88)
tests/test_sprint61_active_source_creation_execution_evidence_packet.py:3:1: I001 [*] Import block is un-sorted or un-formatted
tests/test_sprint61_active_source_creation_execution_evidence_packet.py:13:89: E501 Line too long (91 > 88)
tests/test_sprint61_active_source_creation_execution_evidence_packet.py:34:89: E501 Line too long (90 > 88)
tests/test_sprint61_active_source_creation_execution_evidence_packet.py:76:89: E501 Line too long (92 > 88)
tests/test_sprint61_active_source_creation_execution_evidence_packet.py:83:89: E501 Line too long (89 > 88)
tests/test_sprint61_active_source_creation_execution_evidence_packet.py:108:89: E501 Line too long (92 > 88)
tests/test_sprint61_active_source_creation_execution_evidence_packet.py:109:89: E501 Line too long (94 > 88)
tests/test_sprint61_active_source_creation_execution_evidence_packet.py:474:89: E501 Line too long (89 > 88)
tests/test_sprint61_active_source_creation_execution_evidence_packet.py:477:89: E501 Line too long (91 > 88)
tests/test_sprint64_active_source_activation_readiness_gate.py:3:1: I001 [*] Import block is un-sorted or un-formatted
tests/test_sprint64_active_source_activation_readiness_gate.py:152:89: E501 Line too long (90 > 88)
tests/test_sprint64_active_source_activation_readiness_gate.py:169:89: E501 Line too long (92 > 88)
tests/test_sprint64_post_runtime_active_source_verification.py:3:1: I001 [*] Import block is un-sorted or un-formatted
tests/test_sprint64_post_runtime_active_source_verification.py:442:89: E501 Line too long (97 > 88)
tests/test_sprint64_post_runtime_active_source_verification.py:444:89: E501 Line too long (94 > 88)
tests/test_sprint65_active_source_activation_review_packet.py:3:1: I001 [*] Import block is un-sorted or un-formatted
tests/test_sprint65_active_source_activation_review_packet.py:199:89: E501 Line too long (91 > 88)
tests/test_sprint65_active_source_activation_review_packet.py:200:89: E501 Line too long (93 > 88)
tests/test_sprint65_active_source_activation_review_packet.py:223:89: E501 Line too long (89 > 88)
tests/test_sprint65_active_source_activation_review_packet.py:409:89: E501 Line too long (92 > 88)
tests/test_sprint65_active_source_activation_review_packet.py:418:89: E501 Line too long (89 > 88)
tests/test_sprint65_active_source_activation_review_packet.py:463:89: E501 Line too long (92 > 88)
tests/test_sprint65_active_source_activation_review_packet.py:473:89: E501 Line too long (90 > 88)
tests/test_sprint65_active_source_activation_review_packet.py:479:89: E501 Line too long (94 > 88)
tests/test_sprint65_active_source_activation_review_packet.py:487:89: E501 Line too long (89 > 88)
tests/test_sprint66_active_source_activation_command_package.py:71:89: E501 Line too long (94 > 88)
tests/test_sprint66_active_source_activation_command_package.py:99:89: E501 Line too long (93 > 88)
tests/test_sprint66_active_source_activation_command_package.py:100:89: E501 Line too long (93 > 88)
tests/test_sprint66_active_source_activation_command_package.py:105:89: E501 Line too long (116 > 88)
tests/test_sprint66_active_source_activation_command_package.py:137:89: E501 Line too long (89 > 88)
tests/test_sprint66_active_source_activation_command_package.py:138:89: E501 Line too long (95 > 88)
tests/test_sprint66_active_source_activation_command_package.py:153:89: E501 Line too long (95 > 88)
tests/test_sprint66_active_source_activation_command_package.py:166:89: E501 Line too long (99 > 88)
tests/test_sprint66_active_source_activation_command_package.py:173:89: E501 Line too long (116 > 88)
tests/test_sprint66_active_source_activation_command_package.py:179:89: E501 Line too long (116 > 88)
tests/test_sprint66_active_source_activation_command_package.py:185:89: E501 Line too long (95 > 88)
tests/test_sprint66_active_source_activation_command_package.py:188:89: E501 Line too long (89 > 88)
tests/test_sprint66_active_source_activation_command_package.py:193:89: E501 Line too long (95 > 88)
tests/test_sprint66_active_source_activation_command_package.py:214:89: E501 Line too long (106 > 88)
tests/test_sprint67_active_source_activation_operator_decision_review.py:1:89: E501 Line too long (92 > 88)
tests/test_sprint67_active_source_activation_operator_decision_review.py:3:1: I001 [*] Import block is un-sorted or un-formatted
tests/test_sprint67_active_source_activation_operator_decision_review.py:14:89: E501 Line too long (92 > 88)
tests/test_sprint67_active_source_activation_operator_decision_review.py:74:89: E501 Line too long (94 > 88)
tests/test_sprint67_active_source_activation_operator_decision_review.py:152:89: E501 Line too long (89 > 88)
tests/test_sprint67_active_source_activation_operator_decision_review.py:153:89: E501 Line too long (95 > 88)
tests/test_sprint67_active_source_activation_operator_decision_review.py:155:89: E501 Line too long (106 > 88)
tests/test_sprint67_active_source_activation_operator_decision_review.py:177:89: E501 Line too long (95 > 88)
tests/test_sprint67_active_source_activation_operator_decision_review.py:178:89: E501 Line too long (106 > 88)
tests/test_sprint67_active_source_activation_operator_decision_review.py:195:89: E501 Line too long (106 > 88)
tests/test_sprint67_active_source_activation_operator_decision_review.py:197:89: E501 Line too long (89 > 88)
tests/test_sprint67_active_source_activation_operator_decision_review.py:203:89: E501 Line too long (106 > 88)
tests/test_sprint67_active_source_activation_operator_decision_review.py:210:89: E501 Line too long (106 > 88)
tests/test_sprint67_active_source_activation_operator_decision_review.py:212:89: E501 Line too long (96 > 88)
tests/test_sprint67_active_source_activation_operator_decision_review.py:219:89: E501 Line too long (106 > 88)
tests/test_sprint67_active_source_activation_operator_decision_review.py:229:89: E501 Line too long (106 > 88)
tests/test_sprint67_active_source_activation_operator_decision_review.py:238:89: E501 Line too long (92 > 88)
tests/test_sprint67_active_source_activation_operator_decision_review.py:270:89: E501 Line too long (106 > 88)
tests/test_sprint67_active_source_activation_operator_decision_review.py:277:89: E501 Line too long (106 > 88)
tests/test_sprint68_active_source_activation_authorization_readiness_packet.py:1:89: E501 Line too long (97 > 88)
tests/test_sprint68_active_source_activation_authorization_readiness_packet.py:10:89: E501 Line too long (98 > 88)
tests/test_sprint68_active_source_activation_authorization_readiness_packet.py:19:89: E501 Line too long (92 > 88)
tests/test_sprint68_active_source_activation_authorization_readiness_packet.py:77:89: E501 Line too long (94 > 88)
tests/test_sprint68_active_source_activation_authorization_readiness_packet.py:173:89: E501 Line too long (93 > 88)
tests/test_sprint68_active_source_activation_authorization_readiness_packet.py:189:89: E501 Line too long (95 > 88)
tests/test_sprint68_active_source_activation_authorization_readiness_packet.py:190:89: E501 Line too long (106 > 88)
tests/test_sprint68_active_source_activation_authorization_readiness_packet.py:204:89: E501 Line too long (92 > 88)
tests/test_sprint68_active_source_activation_authorization_readiness_packet.py:210:89: E501 Line too long (110 > 88)
tests/test_sprint68_active_source_activation_authorization_readiness_packet.py:212:89: E501 Line too long (94 > 88)
tests/test_sprint68_active_source_activation_authorization_readiness_packet.py:218:89: E501 Line too long (110 > 88)
tests/test_sprint68_active_source_activation_authorization_readiness_packet.py:220:89: E501 Line too long (110 > 88)
tests/test_sprint68_active_source_activation_authorization_readiness_packet.py:226:89: E501 Line too long (110 > 88)
tests/test_sprint68_active_source_activation_authorization_readiness_packet.py:228:89: E501 Line too long (110 > 88)
tests/test_sprint68_active_source_activation_authorization_readiness_packet.py:233:89: E501 Line too long (110 > 88)
tests/test_sprint68_active_source_activation_authorization_readiness_packet.py:234:89: E501 Line too long (110 > 88)
tests/test_sprint68_active_source_activation_authorization_readiness_packet.py:236:89: E501 Line too long (91 > 88)
tests/test_sprint68_active_source_activation_authorization_readiness_packet.py:244:89: E501 Line too long (98 > 88)
tests/test_sprint68_active_source_activation_authorization_readiness_packet.py:276:89: E501 Line too long (110 > 88)
tests/test_sprint68_active_source_activation_authorization_readiness_packet.py:283:89: E501 Line too long (110 > 88)
tests/test_sprint68_active_source_activation_authorization_readiness_packet.py:290:89: E501 Line too long (110 > 88)
tests/test_sprint68_active_source_activation_authorization_readiness_packet.py:297:89: E501 Line too long (110 > 88)
tests/test_sprint69_active_source_activation_human_authorization_request_packet.py:1:89: E501 Line too long (100 > 88)
tests/test_sprint69_active_source_activation_human_authorization_request_packet.py:10:89: E501 Line too long (98 > 88)
tests/test_sprint69_active_source_activation_human_authorization_request_packet.py:16:89: E501 Line too long (102 > 88)
tests/test_sprint69_active_source_activation_human_authorization_request_packet.py:22:89: E501 Line too long (92 > 88)
tests/test_sprint69_active_source_activation_human_authorization_request_packet.py:24:5: F401 [*] `nativeforge.services.active_source_activation_operator_decision_review_service.OPERATOR_DECISION_READY_FOR_FUTURE_AUTH_REVIEW` imported but unused
tests/test_sprint69_active_source_activation_human_authorization_request_packet.py:80:89: E501 Line too long (94 > 88)
tests/test_sprint69_active_source_activation_human_authorization_request_packet.py:143:89: E501 Line too long (90 > 88)
tests/test_sprint69_active_source_activation_human_authorization_request_packet.py:182:89: E501 Line too long (103 > 88)
tests/test_sprint69_active_source_activation_human_authorization_request_packet.py:187:89: E501 Line too long (101 > 88)
tests/test_sprint69_active_source_activation_human_authorization_request_packet.py:198:89: E501 Line too long (95 > 88)
tests/test_sprint69_active_source_activation_human_authorization_request_packet.py:199:89: E501 Line too long (106 > 88)
tests/test_sprint69_active_source_activation_human_authorization_request_packet.py:200:89: E501 Line too long (110 > 88)
tests/test_sprint69_active_source_activation_human_authorization_request_packet.py:214:89: E501 Line too long (92 > 88)
tests/test_sprint69_active_source_activation_human_authorization_request_packet.py:234:89: E501 Line too long (110 > 88)
tests/test_sprint69_active_source_activation_human_authorization_request_packet.py:244:89: E501 Line too long (110 > 88)
tests/test_sprint69_active_source_activation_human_authorization_request_packet.py:254:89: E501 Line too long (114 > 88)
tests/test_sprint69_active_source_activation_human_authorization_request_packet.py:259:89: E501 Line too long (112 > 88)
tests/test_sprint69_active_source_activation_human_authorization_request_packet.py:272:89: E501 Line too long (102 > 88)
tests/test_sprint69_active_source_activation_human_authorization_request_packet.py:298:89: E501 Line too long (90 > 88)
tests/test_sprint69_active_source_activation_human_authorization_request_packet.py:319:89: E501 Line too long (102 > 88)
tests/test_sprint70_active_source_activation_human_authorization_decision_packet.py:1:89: E501 Line too long (114 > 88)
tests/test_sprint70_active_source_activation_human_authorization_decision_packet.py:10:89: E501 Line too long (98 > 88)
tests/test_sprint70_active_source_activation_human_authorization_decision_packet.py:16:89: E501 Line too long (103 > 88)
tests/test_sprint70_active_source_activation_human_authorization_decision_packet.py:24:89: E501 Line too long (102 > 88)
tests/test_sprint70_active_source_activation_human_authorization_decision_packet.py:29:89: E501 Line too long (92 > 88)
tests/test_sprint70_active_source_activation_human_authorization_decision_packet.py:85:89: E501 Line too long (94 > 88)
tests/test_sprint70_active_source_activation_human_authorization_decision_packet.py:168:89: E501 Line too long (108 > 88)
tests/test_sprint70_active_source_activation_human_authorization_decision_packet.py:185:89: E501 Line too long (92 > 88)
tests/test_sprint70_active_source_activation_human_authorization_decision_packet.py:221:89: E501 Line too long (92 > 88)
tests/test_sprint70_active_source_activation_human_authorization_decision_packet.py:226:89: E501 Line too long (98 > 88)
tests/test_sprint70_active_source_activation_human_authorization_decision_packet.py:255:89: E501 Line too long (96 > 88)
tests/test_sprint70_active_source_activation_human_authorization_decision_packet.py:265:89: E501 Line too long (115 > 88)
tests/test_sprint70_active_source_activation_human_authorization_decision_packet.py:288:89: E501 Line too long (90 > 88)
tests/test_sprint70_active_source_activation_human_authorization_decision_packet.py:293:89: E501 Line too long (98 > 88)
tests/test_sprint70_active_source_activation_human_authorization_decision_packet.py:310:89: E501 Line too long (103 > 88)
tests/test_sprint70_active_source_activation_human_authorization_decision_packet.py:336:89: E501 Line too long (91 > 88)
tests/test_sprint70_active_source_activation_human_authorization_decision_packet.py:365:89: E501 Line too long (108 > 88)
tests/test_sprint70_active_source_activation_human_authorization_decision_packet.py:385:89: E501 Line too long (90 > 88)
tests/test_sprint71_active_source_activation_execution_plan_review_packet.py:1:89: E501 Line too long (110 > 88)
tests/test_sprint71_active_source_activation_execution_plan_review_packet.py:10:89: E501 Line too long (98 > 88)
tests/test_sprint71_active_source_activation_execution_plan_review_packet.py:16:89: E501 Line too long (96 > 88)
tests/test_sprint71_active_source_activation_execution_plan_review_packet.py:22:89: E501 Line too long (103 > 88)
tests/test_sprint71_active_source_activation_execution_plan_review_packet.py:27:89: E501 Line too long (102 > 88)
tests/test_sprint71_active_source_activation_execution_plan_review_packet.py:31:89: E501 Line too long (92 > 88)
tests/test_sprint71_active_source_activation_execution_plan_review_packet.py:87:89: E501 Line too long (94 > 88)
tests/test_sprint71_active_source_activation_execution_plan_review_packet.py:162:89: E501 Line too long (90 > 88)
tests/test_sprint71_active_source_activation_execution_plan_review_packet.py:169:89: E501 Line too long (94 > 88)
tests/test_sprint71_active_source_activation_execution_plan_review_packet.py:174:89: E501 Line too long (90 > 88)
tests/test_sprint71_active_source_activation_execution_plan_review_packet.py:180:89: E501 Line too long (93 > 88)
tests/test_sprint71_active_source_activation_execution_plan_review_packet.py:215:89: E501 Line too long (102 > 88)
tests/test_sprint71_active_source_activation_execution_plan_review_packet.py:220:89: E501 Line too long (101 > 88)
tests/test_sprint71_active_source_activation_execution_plan_review_packet.py:249:89: E501 Line too long (94 > 88)
tests/test_sprint71_active_source_activation_execution_plan_review_packet.py:259:89: E501 Line too long (114 > 88)
tests/test_sprint71_active_source_activation_execution_plan_review_packet.py:287:89: E501 Line too long (92 > 88)
tests/test_sprint71_active_source_activation_execution_plan_review_packet.py:292:89: E501 Line too long (92 > 88)
tests/test_sprint71_active_source_activation_execution_plan_review_packet.py:297:89: E501 Line too long (96 > 88)
tests/test_sprint71_active_source_activation_execution_plan_review_packet.py:323:89: E501 Line too long (96 > 88)
tests/test_sprint71_active_source_activation_execution_plan_review_packet.py:373:89: E501 Line too long (89 > 88)
tests/test_sprint71_active_source_activation_execution_plan_review_packet.py:385:89: E501 Line too long (89 > 88)
tests/test_sprint71_active_source_activation_execution_plan_review_packet.py:398:89: E501 Line too long (96 > 88)
tests/test_sprint71_active_source_activation_execution_plan_review_packet.py:406:89: E501 Line too long (92 > 88)
tests/test_sprint72_active_source_activation_execution_plan_authoring_authorization_request_packet.py:1:89: E501 Line too long (117 > 88)
tests/test_sprint72_active_source_activation_execution_plan_authoring_authorization_request_packet.py:3:1: I001 [*] Import block is un-sorted or un-formatted
tests/test_sprint72_active_source_activation_execution_plan_authoring_authorization_request_packet.py:10:89: E501 Line too long (98 > 88)
tests/test_sprint72_active_source_activation_execution_plan_authoring_authorization_request_packet.py:16:89: E501 Line too long (121 > 88)
tests/test_sprint72_active_source_activation_execution_plan_authoring_authorization_request_packet.py:23:89: E501 Line too long (96 > 88)
tests/test_sprint72_active_source_activation_execution_plan_authoring_authorization_request_packet.py:29:89: E501 Line too long (103 > 88)
tests/test_sprint72_active_source_activation_execution_plan_authoring_authorization_request_packet.py:33:89: E501 Line too long (102 > 88)
tests/test_sprint72_active_source_activation_execution_plan_authoring_authorization_request_packet.py:37:89: E501 Line too long (92 > 88)
tests/test_sprint72_active_source_activation_execution_plan_authoring_authorization_request_packet.py:53:89: E501 Line too long (97 > 88)
tests/test_sprint72_active_source_activation_execution_plan_authoring_authorization_request_packet.py:93:89: E501 Line too long (94 > 88)
tests/test_sprint72_active_source_activation_execution_plan_authoring_authorization_request_packet.py:157:89: E501 Line too long (95 > 88)
tests/test_sprint72_active_source_activation_execution_plan_authoring_authorization_request_packet.py:160:89: E501 Line too long (102 > 88)
tests/test_sprint72_active_source_activation_execution_plan_authoring_authorization_request_packet.py:164:89: E501 Line too long (95 > 88)
tests/test_sprint72_active_source_activation_execution_plan_authoring_authorization_request_packet.py:169:89: E501 Line too long (93 > 88)
tests/test_sprint72_active_source_activation_execution_plan_authoring_authorization_request_packet.py:172:89: E501 Line too long (93 > 88)
tests/test_sprint72_active_source_activation_execution_plan_authoring_authorization_request_packet.py:179:89: E501 Line too long (95 > 88)
tests/test_sprint72_active_source_activation_execution_plan_authoring_authorization_request_packet.py:186:89: E501 Line too long (117 > 88)
tests/test_sprint72_active_source_activation_execution_plan_authoring_authorization_request_packet.py:195:89: E501 Line too long (101 > 88)
tests/test_sprint72_active_source_activation_execution_plan_authoring_authorization_request_packet.py:198:89: E501 Line too long (108 > 88)
tests/test_sprint72_active_source_activation_execution_plan_authoring_authorization_request_packet.py:199:89: E501 Line too long (101 > 88)
tests/test_sprint72_active_source_activation_execution_plan_authoring_authorization_request_packet.py:201:89: E501 Line too long (103 > 88)
tests/test_sprint72_active_source_activation_execution_plan_authoring_authorization_request_packet.py:204:89: E501 Line too long (112 > 88)
tests/test_sprint72_active_source_activation_execution_plan_authoring_authorization_request_packet.py:205:89: E501 Line too long (104 > 88)
tests/test_sprint72_active_source_activation_execution_plan_authoring_authorization_request_packet.py:232:89: E501 Line too long (95 > 88)
tests/test_sprint72_active_source_activation_execution_plan_authoring_authorization_request_packet.py:235:89: E501 Line too long (102 > 88)
tests/test_sprint72_active_source_activation_execution_plan_authoring_authorization_request_packet.py:241:89: E501 Line too long (95 > 88)
tests/test_sprint72_active_source_activation_execution_plan_authoring_authorization_request_packet.py:244:89: E501 Line too long (104 > 88)
tests/test_sprint72_active_source_activation_execution_plan_authoring_authorization_request_packet.py:251:89: E501 Line too long (95 > 88)
tests/test_sprint72_active_source_activation_execution_plan_authoring_authorization_request_packet.py:254:89: E501 Line too long (104 > 88)
tests/test_sprint72_active_source_activation_execution_plan_authoring_authorization_request_packet.py:260:89: E501 Line too long (95 > 88)
tests/test_sprint72_active_source_activation_execution_plan_authoring_authorization_request_packet.py:263:89: E501 Line too long (104 > 88)
tests/test_sprint72_active_source_activation_execution_plan_authoring_authorization_request_packet.py:269:89: E501 Line too long (95 > 88)
tests/test_sprint72_active_source_activation_execution_plan_authoring_authorization_request_packet.py:272:89: E501 Line too long (104 > 88)
tests/test_sprint72_active_source_activation_execution_plan_authoring_authorization_request_packet.py:273:89: E501 Line too long (93 > 88)
tests/test_sprint72_active_source_activation_execution_plan_authoring_authorization_request_packet.py:279:89: E501 Line too long (95 > 88)
tests/test_sprint72_active_source_activation_execution_plan_authoring_authorization_request_packet.py:282:89: E501 Line too long (102 > 88)
tests/test_sprint72_active_source_activation_execution_plan_authoring_authorization_request_packet.py:288:89: E501 Line too long (95 > 88)
tests/test_sprint72_active_source_activation_execution_plan_authoring_authorization_request_packet.py:291:89: E501 Line too long (104 > 88)
tests/test_sprint72_active_source_activation_execution_plan_authoring_authorization_request_packet.py:292:89: E501 Line too long (107 > 88)
tests/test_sprint72_active_source_activation_execution_plan_authoring_authorization_request_packet.py:298:89: E501 Line too long (95 > 88)
tests/test_sprint72_active_source_activation_execution_plan_authoring_authorization_request_packet.py:301:89: E501 Line too long (104 > 88)
tests/test_sprint72_active_source_activation_execution_plan_authoring_authorization_request_packet.py:307:89: E501 Line too long (95 > 88)
tests/test_sprint72_active_source_activation_execution_plan_authoring_authorization_request_packet.py:310:89: E501 Line too long (104 > 88)
tests/test_sprint72_active_source_activation_execution_plan_authoring_authorization_request_packet.py:316:89: E501 Line too long (95 > 88)
tests/test_sprint72_active_source_activation_execution_plan_authoring_authorization_request_packet.py:319:89: E501 Line too long (104 > 88)
tests/test_sprint72_active_source_activation_execution_plan_authoring_authorization_request_packet.py:322:89: E501 Line too long (93 > 88)
tests/test_sprint72_active_source_activation_execution_plan_authoring_authorization_request_packet.py:325:89: E501 Line too long (95 > 88)
tests/test_sprint72_active_source_activation_execution_plan_authoring_authorization_request_packet.py:328:89: E501 Line too long (104 > 88)
tests/test_sprint72_active_source_activation_execution_plan_authoring_authorization_request_packet.py:335:89: E501 Line too long (95 > 88)
tests/test_sprint72_active_source_activation_execution_plan_authoring_authorization_request_packet.py:338:89: E501 Line too long (104 > 88)
tests/test_sprint72_active_source_activation_execution_plan_authoring_authorization_request_packet.py:344:89: E501 Line too long (95 > 88)
tests/test_sprint72_active_source_activation_execution_plan_authoring_authorization_request_packet.py:347:89: E501 Line too long (104 > 88)
tests/test_sprint72_active_source_activation_execution_plan_authoring_authorization_request_packet.py:348:89: E501 Line too long (94 > 88)
tests/test_sprint72_active_source_activation_execution_plan_authoring_authorization_request_packet.py:354:89: E501 Line too long (95 > 88)
tests/test_sprint72_active_source_activation_execution_plan_authoring_authorization_request_packet.py:357:89: E501 Line too long (104 > 88)
tests/test_sprint72_active_source_activation_execution_plan_authoring_authorization_request_packet.py:358:89: E501 Line too long (92 > 88)
tests/test_sprint72_active_source_activation_execution_plan_authoring_authorization_request_packet.py:364:89: E501 Line too long (95 > 88)
tests/test_sprint72_active_source_activation_execution_plan_authoring_authorization_request_packet.py:367:89: E501 Line too long (104 > 88)
tests/test_sprint72_active_source_activation_execution_plan_authoring_authorization_request_packet.py:368:89: E501 Line too long (92 > 88)
tests/test_sprint72_active_source_activation_execution_plan_authoring_authorization_request_packet.py:374:89: E501 Line too long (95 > 88)
tests/test_sprint72_active_source_activation_execution_plan_authoring_authorization_request_packet.py:377:89: E501 Line too long (104 > 88)
tests/test_sprint72_active_source_activation_execution_plan_authoring_authorization_request_packet.py:378:89: E501 Line too long (96 > 88)
tests/test_sprint72_active_source_activation_execution_plan_authoring_authorization_request_packet.py:383:89: E501 Line too long (90 > 88)
tests/test_sprint72_active_source_activation_execution_plan_authoring_authorization_request_packet.py:386:89: E501 Line too long (95 > 88)
tests/test_sprint72_active_source_activation_execution_plan_authoring_authorization_request_packet.py:389:89: E501 Line too long (104 > 88)
tests/test_sprint72_active_source_activation_execution_plan_authoring_authorization_request_packet.py:394:89: E501 Line too long (90 > 88)
tests/test_sprint72_active_source_activation_execution_plan_authoring_authorization_request_packet.py:397:89: E501 Line too long (95 > 88)
tests/test_sprint72_active_source_activation_execution_plan_authoring_authorization_request_packet.py:400:89: E501 Line too long (104 > 88)
tests/test_sprint72_active_source_activation_execution_plan_authoring_authorization_request_packet.py:404:89: E501 Line too long (99 > 88)
tests/test_sprint72_active_source_activation_execution_plan_authoring_authorization_request_packet.py:407:89: E501 Line too long (97 > 88)
tests/test_sprint72_active_source_activation_execution_plan_authoring_authorization_request_packet.py:417:89: E501 Line too long (99 > 88)
tests/test_sprint72_active_source_activation_execution_plan_authoring_authorization_request_packet.py:420:89: E501 Line too long (97 > 88)
tests/test_sprint72_active_source_activation_execution_plan_authoring_authorization_request_packet.py:439:89: E501 Line too long (95 > 88)
tests/test_sprint72_active_source_activation_execution_plan_authoring_authorization_request_packet.py:444:89: E501 Line too long (104 > 88)
tests/test_sprint72_active_source_activation_execution_plan_authoring_authorization_request_packet.py:448:89: E501 Line too long (114 > 88)
tests/test_sprint72_active_source_activation_execution_plan_authoring_authorization_request_packet.py:453:89: E501 Line too long (95 > 88)
tests/test_sprint72_active_source_activation_execution_plan_authoring_authorization_request_packet.py:475:89: E501 Line too long (109 > 88)
tests/test_sprint72_active_source_activation_execution_plan_authoring_authorization_request_packet.py:479:89: E501 Line too long (95 > 88)
tests/test_sprint72_active_source_activation_execution_plan_authoring_authorization_request_packet.py:504:89: E501 Line too long (92 > 88)
tests/test_sprint72_active_source_activation_execution_plan_authoring_authorization_request_packet.py:505:89: E501 Line too long (95 > 88)
tests/test_sprint72_active_source_activation_execution_plan_authoring_authorization_request_packet.py:508:89: E501 Line too long (104 > 88)
tests/test_sprint72_active_source_activation_execution_plan_authoring_authorization_request_packet.py:525:89: E501 Line too long (95 > 88)
tests/test_sprint72_active_source_activation_execution_plan_authoring_authorization_request_packet.py:528:89: E501 Line too long (104 > 88)
tests/test_sprint72_active_source_activation_execution_plan_authoring_authorization_request_packet.py:532:89: E501 Line too long (98 > 88)
tests/test_sprint73_active_source_activation_execution_plan_authoring_authorization_decision_packet.py:1:89: E501 Line too long (118 > 88)
tests/test_sprint73_active_source_activation_execution_plan_authoring_authorization_decision_packet.py:3:1: I001 [*] Import block is un-sorted or un-formatted
tests/test_sprint73_active_source_activation_execution_plan_authoring_authorization_decision_packet.py:10:89: E501 Line too long (98 > 88)
tests/test_sprint73_active_source_activation_execution_plan_authoring_authorization_decision_packet.py:16:89: E501 Line too long (122 > 88)
tests/test_sprint73_active_source_activation_execution_plan_authoring_authorization_decision_packet.py:23:89: E501 Line too long (121 > 88)
tests/test_sprint73_active_source_activation_execution_plan_authoring_authorization_decision_packet.py:29:89: E501 Line too long (96 > 88)
tests/test_sprint73_active_source_activation_execution_plan_authoring_authorization_decision_packet.py:33:89: E501 Line too long (103 > 88)
tests/test_sprint73_active_source_activation_execution_plan_authoring_authorization_decision_packet.py:37:89: E501 Line too long (102 > 88)
tests/test_sprint73_active_source_activation_execution_plan_authoring_authorization_decision_packet.py:41:89: E501 Line too long (92 > 88)
tests/test_sprint73_active_source_activation_execution_plan_authoring_authorization_decision_packet.py:57:89: E501 Line too long (98 > 88)
tests/test_sprint73_active_source_activation_execution_plan_authoring_authorization_decision_packet.py:97:89: E501 Line too long (94 > 88)
tests/test_sprint73_active_source_activation_execution_plan_authoring_authorization_decision_packet.py:148:89: E501 Line too long (96 > 88)
tests/test_sprint73_active_source_activation_execution_plan_authoring_authorization_decision_packet.py:167:89: E501 Line too long (96 > 88)
tests/test_sprint73_active_source_activation_execution_plan_authoring_authorization_decision_packet.py:170:89: E501 Line too long (107 > 88)
tests/test_sprint73_active_source_activation_execution_plan_authoring_authorization_decision_packet.py:180:89: E501 Line too long (94 > 88)
tests/test_sprint73_active_source_activation_execution_plan_authoring_authorization_decision_packet.py:183:89: E501 Line too long (94 > 88)
tests/test_sprint73_active_source_activation_execution_plan_authoring_authorization_decision_packet.py:190:89: E501 Line too long (96 > 88)
tests/test_sprint73_active_source_activation_execution_plan_authoring_authorization_decision_packet.py:197:89: E501 Line too long (118 > 88)
tests/test_sprint73_active_source_activation_execution_plan_authoring_authorization_decision_packet.py:207:89: E501 Line too long (96 > 88)
tests/test_sprint73_active_source_activation_execution_plan_authoring_authorization_decision_packet.py:237:89: E501 Line too long (102 > 88)
tests/test_sprint73_active_source_activation_execution_plan_authoring_authorization_decision_packet.py:238:89: E501 Line too long (96 > 88)
tests/test_sprint73_active_source_activation_execution_plan_authoring_authorization_decision_packet.py:241:89: E501 Line too long (107 > 88)
tests/test_sprint73_active_source_activation_execution_plan_authoring_authorization_decision_packet.py:242:89: E501 Line too long (97 > 88)
tests/test_sprint73_active_source_activation_execution_plan_authoring_authorization_decision_packet.py:247:89: E501 Line too long (96 > 88)
tests/test_sprint73_active_source_activation_execution_plan_authoring_authorization_decision_packet.py:250:89: E501 Line too long (106 > 88)
tests/test_sprint73_active_source_activation_execution_plan_authoring_authorization_decision_packet.py:258:89: E501 Line too long (96 > 88)
tests/test_sprint73_active_source_activation_execution_plan_authoring_authorization_decision_packet.py:261:89: E501 Line too long (106 > 88)
tests/test_sprint73_active_source_activation_execution_plan_authoring_authorization_decision_packet.py:267:89: E501 Line too long (96 > 88)
tests/test_sprint73_active_source_activation_execution_plan_authoring_authorization_decision_packet.py:270:89: E501 Line too long (106 > 88)
tests/test_sprint73_active_source_activation_execution_plan_authoring_authorization_decision_packet.py:271:89: E501 Line too long (117 > 88)
tests/test_sprint73_active_source_activation_execution_plan_authoring_authorization_decision_packet.py:277:89: E501 Line too long (96 > 88)
tests/test_sprint73_active_source_activation_execution_plan_authoring_authorization_decision_packet.py:280:89: E501 Line too long (106 > 88)
tests/test_sprint73_active_source_activation_execution_plan_authoring_authorization_decision_packet.py:286:89: E501 Line too long (96 > 88)
tests/test_sprint73_active_source_activation_execution_plan_authoring_authorization_decision_packet.py:289:89: E501 Line too long (106 > 88)
tests/test_sprint73_active_source_activation_execution_plan_authoring_authorization_decision_packet.py:299:89: E501 Line too long (96 > 88)
tests/test_sprint73_active_source_activation_execution_plan_authoring_authorization_decision_packet.py:302:89: E501 Line too long (106 > 88)
tests/test_sprint73_active_source_activation_execution_plan_authoring_authorization_decision_packet.py:308:89: E501 Line too long (96 > 88)
tests/test_sprint73_active_source_activation_execution_plan_authoring_authorization_decision_packet.py:311:89: E501 Line too long (106 > 88)
tests/test_sprint73_active_source_activation_execution_plan_authoring_authorization_decision_packet.py:317:89: E501 Line too long (96 > 88)
tests/test_sprint73_active_source_activation_execution_plan_authoring_authorization_decision_packet.py:320:89: E501 Line too long (106 > 88)
tests/test_sprint73_active_source_activation_execution_plan_authoring_authorization_decision_packet.py:325:89: E501 Line too long (96 > 88)
tests/test_sprint73_active_source_activation_execution_plan_authoring_authorization_decision_packet.py:327:89: E501 Line too long (96 > 88)
tests/test_sprint73_active_source_activation_execution_plan_authoring_authorization_decision_packet.py:330:89: E501 Line too long (106 > 88)
tests/test_sprint73_active_source_activation_execution_plan_authoring_authorization_decision_packet.py:336:89: E501 Line too long (96 > 88)
tests/test_sprint73_active_source_activation_execution_plan_authoring_authorization_decision_packet.py:339:89: E501 Line too long (106 > 88)
tests/test_sprint73_active_source_activation_execution_plan_authoring_authorization_decision_packet.py:340:89: E501 Line too long (94 > 88)
tests/test_sprint73_active_source_activation_execution_plan_authoring_authorization_decision_packet.py:346:89: E501 Line too long (96 > 88)
tests/test_sprint73_active_source_activation_execution_plan_authoring_authorization_decision_packet.py:349:89: E501 Line too long (106 > 88)
tests/test_sprint73_active_source_activation_execution_plan_authoring_authorization_decision_packet.py:350:89: E501 Line too long (92 > 88)
tests/test_sprint73_active_source_activation_execution_plan_authoring_authorization_decision_packet.py:356:89: E501 Line too long (96 > 88)
tests/test_sprint73_active_source_activation_execution_plan_authoring_authorization_decision_packet.py:359:89: E501 Line too long (106 > 88)
tests/test_sprint73_active_source_activation_execution_plan_authoring_authorization_decision_packet.py:360:89: E501 Line too long (92 > 88)
tests/test_sprint73_active_source_activation_execution_plan_authoring_authorization_decision_packet.py:366:89: E501 Line too long (96 > 88)
tests/test_sprint73_active_source_activation_execution_plan_authoring_authorization_decision_packet.py:369:89: E501 Line too long (106 > 88)
tests/test_sprint73_active_source_activation_execution_plan_authoring_authorization_decision_packet.py:370:89: E501 Line too long (96 > 88)
tests/test_sprint73_active_source_activation_execution_plan_authoring_authorization_decision_packet.py:375:89: E501 Line too long (108 > 88)
tests/test_sprint73_active_source_activation_execution_plan_authoring_authorization_decision_packet.py:376:89: E501 Line too long (96 > 88)
tests/test_sprint73_active_source_activation_execution_plan_authoring_authorization_decision_packet.py:379:89: E501 Line too long (106 > 88)
tests/test_sprint73_active_source_activation_execution_plan_authoring_authorization_decision_packet.py:380:89: E501 Line too long (109 > 88)
tests/test_sprint73_active_source_activation_execution_plan_authoring_authorization_decision_packet.py:385:89: E501 Line too long (117 > 88)
tests/test_sprint73_active_source_activation_execution_plan_authoring_authorization_decision_packet.py:388:89: E501 Line too long (96 > 88)
tests/test_sprint73_active_source_activation_execution_plan_authoring_authorization_decision_packet.py:391:89: E501 Line too long (106 > 88)
tests/test_sprint73_active_source_activation_execution_plan_authoring_authorization_decision_packet.py:396:89: E501 Line too long (117 > 88)
tests/test_sprint73_active_source_activation_execution_plan_authoring_authorization_decision_packet.py:399:89: E501 Line too long (96 > 88)
tests/test_sprint73_active_source_activation_execution_plan_authoring_authorization_decision_packet.py:402:89: E501 Line too long (106 > 88)
tests/test_sprint73_active_source_activation_execution_plan_authoring_authorization_decision_packet.py:407:89: E501 Line too long (117 > 88)
tests/test_sprint73_active_source_activation_execution_plan_authoring_authorization_decision_packet.py:410:89: E501 Line too long (96 > 88)
tests/test_sprint73_active_source_activation_execution_plan_authoring_authorization_decision_packet.py:413:89: E501 Line too long (106 > 88)
tests/test_sprint73_active_source_activation_execution_plan_authoring_authorization_decision_packet.py:418:89: E501 Line too long (117 > 88)
tests/test_sprint73_active_source_activation_execution_plan_authoring_authorization_decision_packet.py:421:89: E501 Line too long (96 > 88)
tests/test_sprint73_active_source_activation_execution_plan_authoring_authorization_decision_packet.py:424:89: E501 Line too long (106 > 88)
tests/test_sprint73_active_source_activation_execution_plan_authoring_authorization_decision_packet.py:429:89: E501 Line too long (117 > 88)
tests/test_sprint73_active_source_activation_execution_plan_authoring_authorization_decision_packet.py:432:89: E501 Line too long (96 > 88)
tests/test_sprint73_active_source_activation_execution_plan_authoring_authorization_decision_packet.py:435:89: E501 Line too long (106 > 88)
tests/test_sprint73_active_source_activation_execution_plan_authoring_authorization_decision_packet.py:439:89: E501 Line too long (100 > 88)
tests/test_sprint73_active_source_activation_execution_plan_authoring_authorization_decision_packet.py:442:89: E501 Line too long (98 > 88)
tests/test_sprint73_active_source_activation_execution_plan_authoring_authorization_decision_packet.py:452:89: E501 Line too long (100 > 88)
tests/test_sprint73_active_source_activation_execution_plan_authoring_authorization_decision_packet.py:455:89: E501 Line too long (98 > 88)
tests/test_sprint73_active_source_activation_execution_plan_authoring_authorization_decision_packet.py:474:89: E501 Line too long (96 > 88)
tests/test_sprint73_active_source_activation_execution_plan_authoring_authorization_decision_packet.py:477:89: E501 Line too long (89 > 88)
tests/test_sprint73_active_source_activation_execution_plan_authoring_authorization_decision_packet.py:479:89: E501 Line too long (105 > 88)
tests/test_sprint73_active_source_activation_execution_plan_authoring_authorization_decision_packet.py:483:89: E501 Line too long (115 > 88)
tests/test_sprint73_active_source_activation_execution_plan_authoring_authorization_decision_packet.py:488:89: E501 Line too long (96 > 88)
tests/test_sprint73_active_source_activation_execution_plan_authoring_authorization_decision_packet.py:510:89: E501 Line too long (110 > 88)
tests/test_sprint73_active_source_activation_execution_plan_authoring_authorization_decision_packet.py:514:89: E501 Line too long (96 > 88)
tests/test_sprint73_active_source_activation_execution_plan_authoring_authorization_decision_packet.py:532:89: E501 Line too long (92 > 88)
tests/test_sprint73_active_source_activation_execution_plan_authoring_authorization_decision_packet.py:533:89: E501 Line too long (96 > 88)
tests/test_sprint73_active_source_activation_execution_plan_authoring_authorization_decision_packet.py:536:89: E501 Line too long (106 > 88)
tests/test_sprint73_active_source_activation_execution_plan_authoring_authorization_decision_packet.py:553:89: E501 Line too long (95 > 88)
tests/test_sprint73_active_source_activation_execution_plan_authoring_authorization_decision_packet.py:556:89: E501 Line too long (104 > 88)
tests/test_sprint73_active_source_activation_execution_plan_authoring_authorization_decision_packet.py:557:89: E501 Line too long (96 > 88)
tests/test_sprint73_active_source_activation_execution_plan_authoring_authorization_decision_packet.py:560:89: E501 Line too long (106 > 88)
tests/test_sprint73_active_source_activation_execution_plan_authoring_authorization_decision_packet.py:564:89: E501 Line too long (123 > 88)
tests/test_sprint73_active_source_activation_execution_plan_authoring_authorization_decision_packet.py:570:89: E501 Line too long (96 > 88)
tests/test_sprint73_active_source_activation_execution_plan_authoring_authorization_decision_packet.py:573:89: E501 Line too long (106 > 88)
tests/test_sprint74_active_source_activation_execution_plan_authoring_review_packet.py:1:89: E501 Line too long (103 > 88)
tests/test_sprint74_active_source_activation_execution_plan_authoring_review_packet.py:3:1: I001 [*] Import block is un-sorted or un-formatted
tests/test_sprint74_active_source_activation_execution_plan_authoring_review_packet.py:10:89: E501 Line too long (98 > 88)
tests/test_sprint74_active_source_activation_execution_plan_authoring_review_packet.py:16:89: E501 Line too long (122 > 88)
tests/test_sprint74_active_source_activation_execution_plan_authoring_review_packet.py:22:89: E501 Line too long (121 > 88)
tests/test_sprint74_active_source_activation_execution_plan_authoring_review_packet.py:26:89: E501 Line too long (106 > 88)
tests/test_sprint74_active_source_activation_execution_plan_authoring_review_packet.py:33:89: E501 Line too long (96 > 88)
tests/test_sprint74_active_source_activation_execution_plan_authoring_review_packet.py:36:89: E501 Line too long (103 > 88)
tests/test_sprint74_active_source_activation_execution_plan_authoring_review_packet.py:40:89: E501 Line too long (102 > 88)
tests/test_sprint74_active_source_activation_execution_plan_authoring_review_packet.py:44:89: E501 Line too long (92 > 88)
tests/test_sprint74_active_source_activation_execution_plan_authoring_review_packet.py:100:89: E501 Line too long (94 > 88)
tests/test_sprint74_active_source_activation_execution_plan_authoring_review_packet.py:151:89: E501 Line too long (96 > 88)
tests/test_sprint74_active_source_activation_execution_plan_authoring_review_packet.py:157:89: E501 Line too long (97 > 88)
tests/test_sprint74_active_source_activation_execution_plan_authoring_review_packet.py:179:89: E501 Line too long (97 > 88)
tests/test_sprint74_active_source_activation_execution_plan_authoring_review_packet.py:194:89: E501 Line too long (99 > 88)
tests/test_sprint74_active_source_activation_execution_plan_authoring_review_packet.py:195:89: E501 Line too long (116 > 88)
tests/test_sprint74_active_source_activation_execution_plan_authoring_review_packet.py:204:89: E501 Line too long (99 > 88)
tests/test_sprint74_active_source_activation_execution_plan_authoring_review_packet.py:205:89: E501 Line too long (118 > 88)
tests/test_sprint74_active_source_activation_execution_plan_authoring_review_packet.py:214:89: E501 Line too long (99 > 88)
tests/test_sprint74_active_source_activation_execution_plan_authoring_review_packet.py:227:89: E501 Line too long (99 > 88)
tests/test_sprint74_active_source_activation_execution_plan_authoring_review_packet.py:236:89: E501 Line too long (99 > 88)
tests/test_sprint74_active_source_activation_execution_plan_authoring_review_packet.py:245:89: E501 Line too long (99 > 88)
tests/test_sprint74_active_source_activation_execution_plan_authoring_review_packet.py:250:89: E501 Line too long (98 > 88)
tests/test_sprint74_active_source_activation_execution_plan_authoring_review_packet.py:255:89: E501 Line too long (99 > 88)
tests/test_sprint74_active_source_activation_execution_plan_authoring_review_packet.py:256:89: E501 Line too long (122 > 88)
tests/test_sprint74_active_source_activation_execution_plan_authoring_review_packet.py:259:89: E501 Line too long (93 > 88)
tests/test_sprint74_active_source_activation_execution_plan_authoring_review_packet.py:265:89: E501 Line too long (99 > 88)
tests/test_sprint74_active_source_activation_execution_plan_authoring_review_packet.py:274:89: E501 Line too long (99 > 88)
tests/test_sprint74_active_source_activation_execution_plan_authoring_review_packet.py:283:89: E501 Line too long (99 > 88)
tests/test_sprint74_active_source_activation_execution_plan_authoring_review_packet.py:296:89: E501 Line too long (99 > 88)
tests/test_sprint74_active_source_activation_execution_plan_authoring_review_packet.py:309:89: E501 Line too long (99 > 88)
tests/test_sprint74_active_source_activation_execution_plan_authoring_review_packet.py:310:89: E501 Line too long (94 > 88)
tests/test_sprint74_active_source_activation_execution_plan_authoring_review_packet.py:319:89: E501 Line too long (99 > 88)
tests/test_sprint74_active_source_activation_execution_plan_authoring_review_packet.py:320:89: E501 Line too long (92 > 88)
tests/test_sprint74_active_source_activation_execution_plan_authoring_review_packet.py:329:89: E501 Line too long (99 > 88)
tests/test_sprint74_active_source_activation_execution_plan_authoring_review_packet.py:330:89: E501 Line too long (92 > 88)
tests/test_sprint74_active_source_activation_execution_plan_authoring_review_packet.py:339:89: E501 Line too long (99 > 88)
tests/test_sprint74_active_source_activation_execution_plan_authoring_review_packet.py:340:89: E501 Line too long (96 > 88)
tests/test_sprint74_active_source_activation_execution_plan_authoring_review_packet.py:345:89: E501 Line too long (106 > 88)
tests/test_sprint74_active_source_activation_execution_plan_authoring_review_packet.py:349:89: E501 Line too long (99 > 88)
tests/test_sprint74_active_source_activation_execution_plan_authoring_review_packet.py:350:89: E501 Line too long (109 > 88)
tests/test_sprint74_active_source_activation_execution_plan_authoring_review_packet.py:355:89: E501 Line too long (118 > 88)
tests/test_sprint74_active_source_activation_execution_plan_authoring_review_packet.py:361:89: E501 Line too long (99 > 88)
tests/test_sprint74_active_source_activation_execution_plan_authoring_review_packet.py:366:89: E501 Line too long (118 > 88)
tests/test_sprint74_active_source_activation_execution_plan_authoring_review_packet.py:372:89: E501 Line too long (99 > 88)
tests/test_sprint74_active_source_activation_execution_plan_authoring_review_packet.py:377:89: E501 Line too long (118 > 88)
tests/test_sprint74_active_source_activation_execution_plan_authoring_review_packet.py:383:89: E501 Line too long (99 > 88)
tests/test_sprint74_active_source_activation_execution_plan_authoring_review_packet.py:388:89: E501 Line too long (118 > 88)
tests/test_sprint74_active_source_activation_execution_plan_authoring_review_packet.py:394:89: E501 Line too long (99 > 88)
tests/test_sprint74_active_source_activation_execution_plan_authoring_review_packet.py:399:89: E501 Line too long (118 > 88)
tests/test_sprint74_active_source_activation_execution_plan_authoring_review_packet.py:405:89: E501 Line too long (99 > 88)
tests/test_sprint74_active_source_activation_execution_plan_authoring_review_packet.py:410:89: E501 Line too long (118 > 88)
tests/test_sprint74_active_source_activation_execution_plan_authoring_review_packet.py:416:89: E501 Line too long (99 > 88)
tests/test_sprint74_active_source_activation_execution_plan_authoring_review_packet.py:482:89: E501 Line too long (89 > 88)
tests/test_sprint74_active_source_activation_execution_plan_authoring_review_packet.py:483:89: E501 Line too long (106 > 88)
tests/test_sprint74_active_source_activation_execution_plan_authoring_review_packet.py:490:89: E501 Line too long (112 > 88)
tests/test_sprint74_active_source_activation_execution_plan_authoring_review_packet.py:504:89: E501 Line too long (98 > 88)
tests/test_sprint74_active_source_activation_execution_plan_authoring_review_packet.py:507:89: E501 Line too long (107 > 88)
tests/test_sprint74_active_source_activation_execution_plan_authoring_review_packet.py:554:89: E501 Line too long (94 > 88)
tests/test_sprint74_active_source_activation_execution_plan_authoring_review_packet.py:558:89: E501 Line too long (99 > 88)
tests/test_sprint74_active_source_activation_execution_plan_authoring_review_packet.py:587:89: E501 Line too long (92 > 88)
tests/test_sprint74_active_source_activation_execution_plan_authoring_review_packet.py:591:89: E501 Line too long (99 > 88)
tests/test_sprint74_active_source_activation_execution_plan_authoring_review_packet.py:597:89: E501 Line too long (102 > 88)
tests/test_sprint74_active_source_activation_execution_plan_authoring_review_packet.py:601:89: E501 Line too long (99 > 88)
tests/test_sprint74_active_source_activation_execution_plan_authoring_review_packet.py:602:89: E501 Line too long (108 > 88)
tests/test_sprint74_active_source_activation_execution_plan_authoring_review_packet.py:609:89: E501 Line too long (99 > 88)
tests/test_sprint74_active_source_activation_execution_plan_authoring_review_packet.py:627:89: E501 Line too long (95 > 88)
tests/test_sprint74_active_source_activation_execution_plan_authoring_review_packet.py:630:89: E501 Line too long (104 > 88)
tests/test_sprint74_active_source_activation_execution_plan_authoring_review_packet.py:631:89: E501 Line too long (96 > 88)
tests/test_sprint74_active_source_activation_execution_plan_authoring_review_packet.py:634:89: E501 Line too long (106 > 88)
tests/test_sprint74_active_source_activation_execution_plan_authoring_review_packet.py:638:89: E501 Line too long (99 > 88)
tests/test_static_extraction_gap.py:3:1: I001 [*] Import block is un-sorted or un-formatted
tests/test_static_extraction_gap.py:9:89: E501 Line too long (91 > 88)
tests/test_static_extraction_gap.py:19:89: E501 Line too long (89 > 88)
tests/test_ta_tier3_foundation_adapter.py:3:1: I001 [*] Import block is un-sorted or un-formatted
tests/test_ta_tier3_foundation_adapter.py:9:89: E501 Line too long (91 > 88)
tests/test_ta_tier3_foundation_adapter.py:20:89: E501 Line too long (89 > 88)
tests/test_ta_tier3_foundation_adapter.py:60:46: E741 Ambiguous variable name: `l`
tests/test_ta_tier3_foundation_adapter.py:106:89: E501 Line too long (108 > 88)
tests/test_ta_tier3_foundation_adapter.py:137:89: E501 Line too long (95 > 88)
Found 1285 errors.
[*] 82 fixable with the `--fix` option (3 hidden fixes can be enabled with the `--unsafe-fixes` option).
