[1msrc/nativeforge/db/models.py[0m[36m:[0m173[36m:[0m89[36m:[0m [1m[31mE501[0m Line too long (92 > 88)
[1msrc/nativeforge/services/active_source_activation_authorization_readiness_packet_service.py[0m[36m:[0m1[36m:[0m89[36m:[0m [1m[31mE501[0m Line too long (94 > 88)
[1msrc/nativeforge/services/active_source_activation_authorization_readiness_packet_service.py[0m[36m:[0m3[36m:[0m89[36m:[0m [1m[31mE501[0m Line too long (93 > 88)
[1msrc/nativeforge/services/active_source_activation_authorization_readiness_packet_service.py[0m[36m:[0m4[36m:[0m89[36m:[0m [1m[31mE501[0m Line too long (92 > 88)
[1msrc/nativeforge/services/active_source_activation_authorization_readiness_packet_service.py[0m[36m:[0m6[36m:[0m89[36m:[0m [1m[31mE501[0m Line too long (91 > 88)
[1msrc/nativeforge/services/active_source_activation_authorization_readiness_packet_service.py[0m[36m:[0m24[36m:[0m89[36m:[0m [1m[31mE501[0m Line too long (92 > 88)
[1msrc/nativeforge/services/active_source_activation_authorization_readiness_packet_service.py[0m[36m:[0m27[36m:[0m89[36m:[0m [1m[31mE501[0m Line too long (92 > 88)
[1msrc/nativeforge/services/active_source_activation_authorization_readiness_packet_service.py[0m[36m:[0m31[36m:[0m89[36m:[0m [1m[31mE501[0m Line too long (92 > 88)
[1msrc/nativeforge/services/active_source_activation_command_package_service.py[0m[36m:[0m175[36m:[0m89[36m:[0m [1m[31mE501[0m Line too long (114 > 88)
[1msrc/nativeforge/services/active_source_activation_command_package_service.py[0m[36m:[0m187[36m:[0m89[36m:[0m [1m[31mE501[0m Line too long (94 > 88)
[1msrc/nativeforge/services/active_source_activation_command_package_service.py[0m[36m:[0m191[36m:[0m89[36m:[0m [1m[31mE501[0m Line too long (122 > 88)
[1msrc/nativeforge/services/active_source_activation_command_package_service.py[0m[36m:[0m208[36m:[0m89[36m:[0m [1m[31mE501[0m Line too long (105 > 88)
[1msrc/nativeforge/services/active_source_activation_command_package_service.py[0m[36m:[0m209[36m:[0m89[36m:[0m [1m[31mE501[0m Line too long (99 > 88)
[1msrc/nativeforge/services/active_source_activation_command_package_service.py[0m[36m:[0m216[36m:[0m89[36m:[0m [1m[31mE501[0m Line too long (92 > 88)
[1msrc/nativeforge/services/active_source_activation_command_package_service.py[0m[36m:[0m217[36m:[0m89[36m:[0m [1m[31mE501[0m Line too long (99 > 88)
[1msrc/nativeforge/services/active_source_activation_command_package_service.py[0m[36m:[0m230[36m:[0m89[36m:[0m [1m[31mE501[0m Line too long (91 > 88)
[1msrc/nativeforge/services/active_source_activation_execution_plan_authoring_authorization_decision_packet_service.py[0m[36m:[0m1[36m:[0m89[36m:[0m [1m[31mE501[0m Line too long (101 > 88)
[1msrc/nativeforge/services/active_source_activation_execution_plan_authoring_authorization_decision_packet_service.py[0m[36m:[0m3[36m:[0m89[36m:[0m [1m[31mE501[0m Line too long (109 > 88)
[1msrc/nativeforge/services/active_source_activation_execution_plan_authoring_authorization_decision_packet_service.py[0m[36m:[0m4[36m:[0m89[36m:[0m [1m[31mE501[0m Line too long (108 > 88)
[1msrc/nativeforge/services/active_source_activation_execution_plan_authoring_authorization_decision_packet_service.py[0m[36m:[0m5[36m:[0m89[36m:[0m [1m[31mE501[0m Line too long (101 > 88)
[1msrc/nativeforge/services/active_source_activation_execution_plan_authoring_authorization_decision_packet_service.py[0m[36m:[0m6[36m:[0m89[36m:[0m [1m[31mE501[0m Line too long (110 > 88)
[1msrc/nativeforge/services/active_source_activation_execution_plan_authoring_authorization_decision_packet_service.py[0m[36m:[0m7[36m:[0m89[36m:[0m [1m[31mE501[0m Line too long (103 > 88)
[1msrc/nativeforge/services/active_source_activation_execution_plan_authoring_authorization_decision_packet_service.py[0m[36m:[0m15[36m:[0m89[36m:[0m [1m[31mE501[0m Line too long (121 > 88)
[1msrc/nativeforge/services/active_source_activation_execution_plan_authoring_authorization_decision_packet_service.py[0m[36m:[0m18[36m:[0m89[36m:[0m [1m[31mE501[0m Line too long (121 > 88)
[1msrc/nativeforge/services/active_source_activation_execution_plan_authoring_authorization_decision_packet_service.py[0m[36m:[0m21[36m:[0m89[36m:[0m [1m[31mE501[0m Line too long (121 > 88)
[1msrc/nativeforge/services/active_source_activation_execution_plan_authoring_authorization_decision_packet_service.py[0m[36m:[0m24[36m:[0m89[36m:[0m [1m[31mE501[0m Line too long (121 > 88)
[1msrc/nativeforge/services/active_source_activation_execution_plan_authoring_authorization_decision_packet_service.py[0m[36m:[0m28[36m:[0m89[36m:[0m [1m[31mE501[0m Line too long (103 > 88)
[1msrc/nativeforge/services/active_source_activation_execution_plan_authoring_authorization_decision_packet_service.py[0m[36m:[0m349[36m:[0m89[36m:[0m [1m[31mE501[0m Line too long (90 > 88)
[1msrc/nativeforge/services/active_source_activation_execution_plan_authoring_authorization_decision_packet_service.py[0m[36m:[0m385[36m:[0m89[36m:[0m [1m[31mE501[0m Line too long (94 > 88)
[1msrc/nativeforge/services/active_source_activation_execution_plan_authoring_authorization_decision_packet_service.py[0m[36m:[0m386[36m:[0m89[36m:[0m [1m[31mE501[0m Line too long (102 > 88)
[1msrc/nativeforge/services/active_source_activation_execution_plan_authoring_authorization_decision_packet_service.py[0m[36m:[0m387[36m:[0m89[36m:[0m [1m[31mE501[0m Line too long (99 > 88)
[1msrc/nativeforge/services/active_source_activation_execution_plan_authoring_authorization_decision_packet_service.py[0m[36m:[0m397[36m:[0m89[36m:[0m [1m[31mE501[0m Line too long (120 > 88)
[1msrc/nativeforge/services/active_source_activation_execution_plan_authoring_authorization_decision_packet_service.py[0m[36m:[0m400[36m:[0m89[36m:[0m [1m[31mE501[0m Line too long (121 > 88)
[1msrc/nativeforge/services/active_source_activation_execution_plan_authoring_authorization_decision_packet_service.py[0m[36m:[0m401[36m:[0m89[36m:[0m [1m[31mE501[0m Line too long (133 > 88)
[1msrc/nativeforge/services/active_source_activation_execution_plan_authoring_authorization_decision_packet_service.py[0m[36m:[0m402[36m:[0m89[36m:[0m [1m[31mE501[0m Line too long (113 > 88)
[1msrc/nativeforge/services/active_source_activation_execution_plan_authoring_authorization_decision_packet_service.py[0m[36m:[0m409[36m:[0m89[36m:[0m [1m[31mE501[0m Line too long (127 > 88)
[1msrc/nativeforge/services/active_source_activation_execution_plan_authoring_authorization_request_packet_service.py[0m[36m:[0m1[36m:[0m89[36m:[0m [1m[31mE501[0m Line too long (106 > 88)
[1msrc/nativeforge/services/active_source_activation_execution_plan_authoring_authorization_request_packet_service.py[0m[36m:[0m3[36m:[0m89[36m:[0m [1m[31mE501[0m Line too long (105 > 88)
[1msrc/nativeforge/services/active_source_activation_execution_plan_authoring_authorization_request_packet_service.py[0m[36m:[0m4[36m:[0m89[36m:[0m [1m[31mE501[0m Line too long (103 > 88)
[1msrc/nativeforge/services/active_source_activation_execution_plan_authoring_authorization_request_packet_service.py[0m[36m:[0m5[36m:[0m89[36m:[0m [1m[31mE501[0m Line too long (101 > 88)
[1msrc/nativeforge/services/active_source_activation_execution_plan_authoring_authorization_request_packet_service.py[0m[36m:[0m6[36m:[0m89[36m:[0m [1m[31mE501[0m Line too long (104 > 88)
[1msrc/nativeforge/services/active_source_activation_execution_plan_authoring_authorization_request_packet_service.py[0m[36m:[0m15[36m:[0m89[36m:[0m [1m[31mE501[0m Line too long (96 > 88)
[1msrc/nativeforge/services/active_source_activation_execution_plan_authoring_authorization_request_packet_service.py[0m[36m:[0m18[36m:[0m89[36m:[0m [1m[31mE501[0m Line too long (96 > 88)
[1msrc/nativeforge/services/active_source_activation_execution_plan_authoring_authorization_request_packet_service.py[0m[36m:[0m21[36m:[0m89[36m:[0m [1m[31mE501[0m Line too long (96 > 88)
[1msrc/nativeforge/services/active_source_activation_execution_plan_authoring_authorization_request_packet_service.py[0m[36m:[0m25[36m:[0m89[36m:[0m [1m[31mE501[0m Line too long (102 > 88)
[1msrc/nativeforge/services/active_source_activation_execution_plan_authoring_authorization_request_packet_service.py[0m[36m:[0m220[36m:[0m89[36m:[0m [1m[31mE501[0m Line too long (95 > 88)
[1msrc/nativeforge/services/active_source_activation_execution_plan_authoring_authorization_request_packet_service.py[0m[36m:[0m326[36m:[0m89[36m:[0m [1m[31mE501[0m Line too long (89 > 88)
[1msrc/nativeforge/services/active_source_activation_execution_plan_authoring_authorization_request_packet_service.py[0m[36m:[0m489[36m:[0m89[36m:[0m [1m[31mE501[0m Line too long (93 > 88)
[1msrc/nativeforge/services/active_source_activation_execution_plan_authoring_authorization_request_packet_service.py[0m[36m:[0m490[36m:[0m89[36m:[0m [1m[31mE501[0m Line too long (101 > 88)
[1msrc/nativeforge/services/active_source_activation_execution_plan_authoring_authorization_request_packet_service.py[0m[36m:[0m491[36m:[0m89[36m:[0m [1m[31mE501[0m Line too long (98 > 88)
[1msrc/nativeforge/services/active_source_activation_execution_plan_authoring_authorization_request_packet_service.py[0m[36m:[0m501[36m:[0m89[36m:[0m [1m[31mE501[0m Line too long (90 > 88)
[1msrc/nativeforge/services/active_source_activation_execution_plan_authoring_authorization_request_packet_service.py[0m[36m:[0m504[36m:[0m89[36m:[0m [1m[31mE501[0m Line too long (119 > 88)
[1msrc/nativeforge/services/active_source_activation_execution_plan_authoring_authorization_request_packet_service.py[0m[36m:[0m507[36m:[0m89[36m:[0m [1m[31mE501[0m Line too long (89 > 88)
[1msrc/nativeforge/services/active_source_activation_execution_plan_authoring_authorization_request_packet_service.py[0m[36m:[0m517[36m:[0m89[36m:[0m [1m[31mE501[0m Line too long (126 > 88)
[1msrc/nativeforge/services/active_source_activation_execution_plan_authoring_authorization_request_packet_service.py[0m[36m:[0m518[36m:[0m89[36m:[0m [1m[31mE501[0m Line too long (151 > 88)
[1msrc/nativeforge/services/active_source_activation_execution_plan_authoring_review_packet_service.py[0m[36m:[0m3[36m:[0m89[36m:[0m [1m[31mE501[0m Line too long (110 > 88)
[1msrc/nativeforge/services/active_source_activation_execution_plan_authoring_review_packet_service.py[0m[36m:[0m4[36m:[0m89[36m:[0m [1m[31mE501[0m Line too long (104 > 88)
[1msrc/nativeforge/services/active_source_activation_execution_plan_authoring_review_packet_service.py[0m[36m:[0m5[36m:[0m89[36m:[0m [1m[31mE501[0m Line too long (102 > 88)
[1msrc/nativeforge/services/active_source_activation_execution_plan_authoring_review_packet_service.py[0m[36m:[0m6[36m:[0m89[36m:[0m [1m[31mE501[0m Line too long (103 > 88)
[1msrc/nativeforge/services/active_source_activation_execution_plan_authoring_review_packet_service.py[0m[36m:[0m15[36m:[0m89[36m:[0m [1m[31mE501[0m Line too long (122 > 88)
[1msrc/nativeforge/services/active_source_activation_execution_plan_authoring_review_packet_service.py[0m[36m:[0m18[36m:[0m89[36m:[0m [1m[31mE501[0m Line too long (122 > 88)
[1msrc/nativeforge/services/active_source_activation_execution_plan_authoring_review_packet_service.py[0m[36m:[0m21[36m:[0m89[36m:[0m [1m[31mE501[0m Line too long (122 > 88)
[1msrc/nativeforge/services/active_source_activation_execution_plan_authoring_review_packet_service.py[0m[36m:[0m423[36m:[0m89[36m:[0m [1m[31mE501[0m Line too long (95 > 88)
[1msrc/nativeforge/services/active_source_activation_execution_plan_authoring_review_packet_service.py[0m[36m:[0m434[36m:[0m89[36m:[0m [1m[31mE501[0m Line too long (121 > 88)
[1msrc/nativeforge/services/active_source_activation_execution_plan_authoring_review_packet_service.py[0m[36m:[0m437[36m:[0m89[36m:[0m [1m[31mE501[0m Line too long (89 > 88)
[1msrc/nativeforge/services/active_source_activation_execution_plan_authoring_review_packet_service.py[0m[36m:[0m441[36m:[0m89[36m:[0m [1m[31mE501[0m Line too long (125 > 88)
[1msrc/nativeforge/services/active_source_activation_execution_plan_authoring_review_packet_service.py[0m[36m:[0m448[36m:[0m89[36m:[0m [1m[31mE501[0m Line too long (121 > 88)
[1msrc/nativeforge/services/active_source_activation_execution_plan_review_packet_service.py[0m[36m:[0m1[36m:[0m89[36m:[0m [1m[31mE501[0m Line too long (92 > 88)
[1msrc/nativeforge/services/active_source_activation_execution_plan_review_packet_service.py[0m[36m:[0m3[36m:[0m89[36m:[0m [1m[31mE501[0m Line too long (104 > 88)
[1msrc/nativeforge/services/active_source_activation_execution_plan_review_packet_service.py[0m[36m:[0m4[36m:[0m89[36m:[0m [1m[31mE501[0m Line too long (96 > 88)
[1msrc/nativeforge/services/active_source_activation_execution_plan_review_packet_service.py[0m[36m:[0m5[36m:[0m89[36m:[0m [1m[31mE501[0m Line too long (100 > 88)
[1msrc/nativeforge/services/active_source_activation_execution_plan_review_packet_service.py[0m[36m:[0m6[36m:[0m89[36m:[0m [1m[31mE501[0m Line too long (100 > 88)
[1msrc/nativeforge/services/active_source_activation_execution_plan_review_packet_service.py[0m[36m:[0m15[36m:[0m89[36m:[0m [1m[31mE501[0m Line too long (103 > 88)
[1msrc/nativeforge/services/active_source_activation_execution_plan_review_packet_service.py[0m[36m:[0m18[36m:[0m89[36m:[0m [1m[31mE501[0m Line too long (103 > 88)
[1msrc/nativeforge/services/active_source_activation_execution_plan_review_packet_service.py[0m[36m:[0m21[36m:[0m89[36m:[0m [1m[31mE501[0m Line too long (103 > 88)
[1msrc/nativeforge/services/active_source_activation_execution_plan_review_packet_service.py[0m[36m:[0m24[36m:[0m89[36m:[0m [1m[31mE501[0m Line too long (102 > 88)
[1msrc/nativeforge/services/active_source_activation_execution_plan_review_packet_service.py[0m[36m:[0m481[36m:[0m89[36m:[0m [1m[31mE501[0m Line too long (104 > 88)
[1msrc/nativeforge/services/active_source_activation_execution_plan_review_packet_service.py[0m[36m:[0m487[36m:[0m89[36m:[0m [1m[31mE501[0m Line too long (95 > 88)
[1msrc/nativeforge/services/active_source_activation_execution_plan_review_packet_service.py[0m[36m:[0m497[36m:[0m89[36m:[0m [1m[31mE501[0m Line too long (99 > 88)
[1msrc/nativeforge/services/active_source_activation_execution_plan_review_packet_service.py[0m[36m:[0m498[36m:[0m89[36m:[0m [1m[31mE501[0m Line too long (129 > 88)
[1msrc/nativeforge/services/active_source_activation_human_authorization_decision_packet_service.py[0m[36m:[0m1[36m:[0m89[36m:[0m [1m[31mE501[0m Line too long (108 > 88)
[1msrc/nativeforge/services/active_source_activation_human_authorization_decision_packet_service.py[0m[36m:[0m3[36m:[0m89[36m:[0m [1m[31mE501[0m Line too long (103 > 88)
[1msrc/nativeforge/services/active_source_activation_human_authorization_decision_packet_service.py[0m[36m:[0m4[36m:[0m89[36m:[0m [1m[31mE501[0m Line too long (101 > 88)
[1msrc/nativeforge/services/active_source_activation_human_authorization_decision_packet_service.py[0m[36m:[0m5[36m:[0m89[36m:[0m [1m[31mE501[0m Line too long (103 > 88)
[1msrc/nativeforge/services/active_source_activation_human_authorization_decision_packet_service.py[0m[36m:[0m6[36m:[0m89[36m:[0m [1m[31mE501[0m Line too long (98 > 88)
[1msrc/nativeforge/services/active_source_activation_human_authorization_decision_packet_service.py[0m[36m:[0m15[36m:[0m89[36m:[0m [1m[31mE501[0m Line too long (98 > 88)
[1msrc/nativeforge/services/active_source_activation_human_authorization_decision_packet_service.py[0m[36m:[0m18[36m:[0m89[36m:[0m [1m[31mE501[0m Line too long (98 > 88)
[1msrc/nativeforge/services/active_source_activation_human_authorization_decision_packet_service.py[0m[36m:[0m21[36m:[0m89[36m:[0m [1m[31mE501[0m Line too long (102 > 88)
[1msrc/nativeforge/services/active_source_activation_human_authorization_decision_packet_service.py[0m[36m:[0m24[36m:[0m89[36m:[0m [1m[31mE501[0m Line too long (102 > 88)
[1msrc/nativeforge/services/active_source_activation_human_authorization_decision_packet_service.py[0m[36m:[0m27[36m:[0m89[36m:[0m [1m[31mE501[0m Line too long (102 > 88)
[1msrc/nativeforge/services/active_source_activation_human_authorization_decision_packet_service.py[0m[36m:[0m473[36m:[0m89[36m:[0m [1m[31mE501[0m Line too long (95 > 88)
[1msrc/nativeforge/services/active_source_activation_human_authorization_decision_packet_service.py[0m[36m:[0m482[36m:[0m89[36m:[0m [1m[31mE501[0m Line too long (102 > 88)
[1msrc/nativeforge/services/active_source_activation_human_authorization_decision_packet_service.py[0m[36m:[0m499[36m:[0m89[36m:[0m [1m[31mE501[0m Line too long (93 > 88)
[1msrc/nativeforge/services/active_source_activation_human_authorization_decision_packet_service.py[0m[36m:[0m500[36m:[0m89[36m:[0m [1m[31mE501[0m Line too long (109 > 88)
[1msrc/nativeforge/services/active_source_activation_human_authorization_request_packet_service.py[0m[36m:[0m1[36m:[0m89[36m:[0m [1m[31mE501[0m Line too long (97 > 88)
[1msrc/nativeforge/services/active_source_activation_human_authorization_request_packet_service.py[0m[36m:[0m3[36m:[0m89[36m:[0m [1m[31mE501[0m Line too long (99 > 88)
[1msrc/nativeforge/services/active_source_activation_human_authorization_request_packet_service.py[0m[36m:[0m5[36m:[0m89[36m:[0m [1m[31mE501[0m Line too long (98 > 88)
[1msrc/nativeforge/services/active_source_activation_human_authorization_request_packet_service.py[0m[36m:[0m6[36m:[0m89[36m:[0m [1m[31mE501[0m Line too long (98 > 88)
[1msrc/nativeforge/services/active_source_activation_human_authorization_request_packet_service.py[0m[36m:[0m15[36m:[0m89[36m:[0m [1m[31mE501[0m Line too long (98 > 88)
[1msrc/nativeforge/services/active_source_activation_human_authorization_request_packet_service.py[0m[36m:[0m18[36m:[0m89[36m:[0m [1m[31mE501[0m Line too long (98 > 88)
[1msrc/nativeforge/services/active_source_activation_human_authorization_request_packet_service.py[0m[36m:[0m21[36m:[0m89[36m:[0m [1m[31mE501[0m Line too long (98 > 88)
[1msrc/nativeforge/services/active_source_activation_human_authorization_request_packet_service.py[0m[36m:[0m24[36m:[0m89[36m:[0m [1m[31mE501[0m Line too long (92 > 88)
[1msrc/nativeforge/services/active_source_activation_human_authorization_request_packet_service.py[0m[36m:[0m27[36m:[0m89[36m:[0m [1m[31mE501[0m Line too long (92 > 88)
[1msrc/nativeforge/services/active_source_activation_human_authorization_request_packet_service.py[0m[36m:[0m426[36m:[0m89[36m:[0m [1m[31mE501[0m Line too long (91 > 88)
[1msrc/nativeforge/services/active_source_activation_human_authorization_request_packet_service.py[0m[36m:[0m437[36m:[0m89[36m:[0m [1m[31mE501[0m Line too long (94 > 88)
[1msrc/nativeforge/services/active_source_activation_human_authorization_request_packet_service.py[0m[36m:[0m453[36m:[0m89[36m:[0m [1m[31mE501[0m Line too long (99 > 88)
[1msrc/nativeforge/services/active_source_activation_operator_decision_review_service.py[0m[36m:[0m1[36m:[0m89[36m:[0m [1m[31mE501[0m Line too long (93 > 88)
[1msrc/nativeforge/services/active_source_activation_operator_decision_review_service.py[0m[36m:[0m3[36m:[0m89[36m:[0m [1m[31mE501[0m Line too long (92 > 88)
[1msrc/nativeforge/services/active_source_activation_readiness_gate_service.py[0m[36m:[0m3[36m:[0m89[36m:[0m [1m[31mE501[0m Line too long (90 > 88)
[1msrc/nativeforge/services/active_source_activation_readiness_gate_service.py[0m[36m:[0m4[36m:[0m89[36m:[0m [1m[31mE501[0m Line too long (90 > 88)
[1msrc/nativeforge/services/active_source_activation_readiness_gate_service.py[0m[36m:[0m5[36m:[0m89[36m:[0m [1m[31mE501[0m Line too long (91 > 88)
[1msrc/nativeforge/services/active_source_activation_readiness_gate_service.py[0m[36m:[0m123[36m:[0m89[36m:[0m [1m[31mE501[0m Line too long (94 > 88)
[1msrc/nativeforge/services/active_source_activation_readiness_gate_service.py[0m[36m:[0m175[36m:[0m89[36m:[0m [1m[31mE501[0m Line too long (95 > 88)
[1msrc/nativeforge/services/active_source_activation_readiness_gate_service.py[0m[36m:[0m177[36m:[0m89[36m:[0m [1m[31mE501[0m Line too long (92 > 88)
[1msrc/nativeforge/services/active_source_activation_readiness_gate_service.py[0m[36m:[0m178[36m:[0m89[36m:[0m [1m[31mE501[0m Line too long (93 > 88)
[1msrc/nativeforge/services/active_source_activation_readiness_gate_service.py[0m[36m:[0m279[36m:[0m89[36m:[0m [1m[31mE501[0m Line too long (99 > 88)
[1msrc/nativeforge/services/active_source_activation_readiness_gate_service.py[0m[36m:[0m327[36m:[0m89[36m:[0m [1m[31mE501[0m Line too long (105 > 88)
[1msrc/nativeforge/services/active_source_activation_readiness_gate_service.py[0m[36m:[0m342[36m:[0m89[36m:[0m [1m[31mE501[0m Line too long (99 > 88)
[1msrc/nativeforge/services/active_source_activation_readiness_gate_service.py[0m[36m:[0m347[36m:[0m89[36m:[0m [1m[31mE501[0m Line too long (90 > 88)
[1msrc/nativeforge/services/active_source_activation_readiness_gate_service.py[0m[36m:[0m352[36m:[0m89[36m:[0m [1m[31mE501[0m Line too long (89 > 88)
[1msrc/nativeforge/services/active_source_activation_readiness_gate_service.py[0m[36m:[0m357[36m:[0m89[36m:[0m [1m[31mE501[0m Line too long (97 > 88)
[1msrc/nativeforge/services/active_source_activation_readiness_gate_service.py[0m[36m:[0m410[36m:[0m89[36m:[0m [1m[31mE501[0m Line too long (114 > 88)
[1msrc/nativeforge/services/active_source_activation_readiness_gate_service.py[0m[36m:[0m433[36m:[0m89[36m:[0m [1m[31mE501[0m Line too long (91 > 88)
[1msrc/nativeforge/services/active_source_activation_readiness_gate_service.py[0m[36m:[0m440[36m:[0m89[36m:[0m [1m[31mE501[0m Line too long (97 > 88)
[1msrc/nativeforge/services/active_source_activation_readiness_gate_service.py[0m[36m:[0m445[36m:[0m89[36m:[0m [1m[31mE501[0m Line too long (102 > 88)
[1msrc/nativeforge/services/active_source_activation_readiness_gate_service.py[0m[36m:[0m458[36m:[0m89[36m:[0m [1m[31mE501[0m Line too long (91 > 88)
[1msrc/nativeforge/services/active_source_activation_readiness_gate_service.py[0m[36m:[0m466[36m:[0m89[36m:[0m [1m[31mE501[0m Line too long (115 > 88)
[1msrc/nativeforge/services/active_source_activation_readiness_gate_service.py[0m[36m:[0m469[36m:[0m89[36m:[0m [1m[31mE501[0m Line too long (100 > 88)
[1msrc/nativeforge/services/active_source_activation_readiness_gate_service.py[0m[36m:[0m472[36m:[0m89[36m:[0m [1m[31mE501[0m Line too long (95 > 88)
[1msrc/nativeforge/services/active_source_activation_readiness_gate_service.py[0m[36m:[0m500[36m:[0m89[36m:[0m [1m[31mE501[0m Line too long (89 > 88)
[1msrc/nativeforge/services/active_source_activation_readiness_gate_service.py[0m[36m:[0m504[36m:[0m89[36m:[0m [1m[31mE501[0m Line too long (113 > 88)
[1msrc/nativeforge/services/active_source_activation_review_packet_service.py[0m[36m:[0m3[36m:[0m89[36m:[0m [1m[31mE501[0m Line too long (91 > 88)
[1msrc/nativeforge/services/active_source_activation_review_packet_service.py[0m[36m:[0m4[36m:[0m89[36m:[0m [1m[31mE501[0m Line too long (93 > 88)
[1msrc/nativeforge/services/active_source_activation_review_packet_service.py[0m[36m:[0m27[36m:[0m89[36m:[0m [1m[31mE501[0m Line too long (99 > 88)
[1msrc/nativeforge/services/active_source_activation_review_packet_service.py[0m[36m:[0m30[36m:[0m89[36m:[0m [1m[31mE501[0m Line too long (89 > 88)
[1msrc/nativeforge/services/active_source_activation_review_packet_service.py[0m[36m:[0m31[36m:[0m89[36m:[0m [1m[31mE501[0m Line too long (89 > 88)
[1msrc/nativeforge/services/active_source_activation_review_packet_service.py[0m[36m:[0m147[36m:[0m89[36m:[0m [1m[31mE501[0m Line too long (112 > 88)
[1msrc/nativeforge/services/active_source_activation_review_packet_service.py[0m[36m:[0m194[36m:[0m89[36m:[0m [1m[31mE501[0m Line too long (105 > 88)
[1msrc/nativeforge/services/active_source_activation_review_packet_service.py[0m[36m:[0m218[36m:[0m89[36m:[0m [1m[31mE501[0m Line too long (100 > 88)
[1msrc/nativeforge/services/active_source_activation_review_packet_service.py[0m[36m:[0m229[36m:[0m89[36m:[0m [1m[31mE501[0m Line too long (96 > 88)
[1msrc/nativeforge/services/active_source_activation_review_packet_service.py[0m[36m:[0m233[36m:[0m89[36m:[0m [1m[31mE501[0m Line too long (96 > 88)
[1msrc/nativeforge/services/active_source_activation_review_packet_service.py[0m[36m:[0m240[36m:[0m89[36m:[0m [1m[31mE501[0m Line too long (89 > 88)
[1msrc/nativeforge/services/active_source_activation_review_packet_service.py[0m[36m:[0m243[36m:[0m89[36m:[0m [1m[31mE501[0m Line too long (90 > 88)
[1msrc/nativeforge/services/active_source_activation_review_packet_service.py[0m[36m:[0m250[36m:[0m89[36m:[0m [1m[31mE501[0m Line too long (96 > 88)
[1msrc/nativeforge/services/active_source_activation_review_packet_service.py[0m[36m:[0m257[36m:[0m89[36m:[0m [1m[31mE501[0m Line too long (102 > 88)
[1msrc/nativeforge/services/active_source_activation_review_packet_service.py[0m[36m:[0m259[36m:[0m89[36m:[0m [1m[31mE501[0m Line too long (89 > 88)
[1msrc/nativeforge/services/active_source_activation_review_packet_service.py[0m[36m:[0m272[36m:[0m89[36m:[0m [1m[31mE501[0m Line too long (120 > 88)
[1msrc/nativeforge/services/active_source_activation_review_packet_service.py[0m[36m:[0m273[36m:[0m89[36m:[0m [1m[31mE501[0m Line too long (97 > 88)
[1msrc/nativeforge/services/active_source_activation_review_packet_service.py[0m[36m:[0m297[36m:[0m89[36m:[0m [1m[31mE501[0m Line too long (91 > 88)
[1msrc/nativeforge/services/active_source_activation_review_packet_service.py[0m[36m:[0m414[36m:[0m89[36m:[0m [1m[31mE501[0m Line too long (89 > 88)
[1msrc/nativeforge/services/active_source_activation_review_packet_service.py[0m[36m:[0m610[36m:[0m89[36m:[0m [1m[31mE501[0m Line too long (97 > 88)
[1msrc/nativeforge/services/active_source_activation_review_packet_service.py[0m[36m:[0m611[36m:[0m89[36m:[0m [1m[31mE501[0m Line too long (95 > 88)
[1msrc/nativeforge/services/active_source_activation_review_packet_service.py[0m[36m:[0m615[36m:[0m89[36m:[0m [1m[31mE501[0m Line too long (103 > 88)
[1msrc/nativeforge/services/active_source_activation_review_packet_service.py[0m[36m:[0m735[36m:[0m89[36m:[0m [1m[31mE501[0m Line too long (98 > 88)
[1msrc/nativeforge/services/active_source_activation_review_packet_service.py[0m[36m:[0m796[36m:[0m89[36m:[0m [1m[31mE501[0m Line too long (89 > 88)
[1msrc/nativeforge/services/active_source_activation_review_packet_service.py[0m[36m:[0m813[36m:[0m89[36m:[0m [1m[31mE501[0m Line too long (101 > 88)
[1msrc/nativeforge/services/active_source_activation_review_packet_service.py[0m[36m:[0m814[36m:[0m89[36m:[0m [1m[31mE501[0m Line too long (93 > 88)
[1msrc/nativeforge/services/active_source_activation_review_packet_service.py[0m[36m:[0m830[36m:[0m9[36m:[0m [1m[31mF841[0m Local variable `wrong_type` is assigned to but never used
[1msrc/nativeforge/services/active_source_activation_review_packet_service.py[0m[36m:[0m839[36m:[0m89[36m:[0m [1m[31mE501[0m Line too long (89 > 88)
[1msrc/nativeforge/services/active_source_activation_review_packet_service.py[0m[36m:[0m865[36m:[0m89[36m:[0m [1m[31mE501[0m Line too long (115 > 88)
[1msrc/nativeforge/services/active_source_activation_review_packet_service.py[0m[36m:[0m893[36m:[0m89[36m:[0m [1m[31mE501[0m Line too long (89 > 88)
[1msrc/nativeforge/services/active_source_activation_review_packet_service.py[0m[36m:[0m894[36m:[0m89[36m:[0m [1m[31mE501[0m Line too long (89 > 88)
[1msrc/nativeforge/services/active_source_activation_review_packet_service.py[0m[36m:[0m905[36m:[0m89[36m:[0m [1m[31mE501[0m Line too long (99 > 88)
[1msrc/nativeforge/services/active_source_activation_review_packet_service.py[0m[36m:[0m906[36m:[0m89[36m:[0m [1m[31mE501[0m Line too long (107 > 88)
[1msrc/nativeforge/services/active_source_activation_review_packet_service.py[0m[36m:[0m907[36m:[0m89[36m:[0m [1m[31mE501[0m Line too long (109 > 88)
[1msrc/nativeforge/services/active_source_activation_review_packet_service.py[0m[36m:[0m908[36m:[0m89[36m:[0m [1m[31mE501[0m Line too long (106 > 88)
[1msrc/nativeforge/services/active_source_activation_review_packet_service.py[0m[36m:[0m909[36m:[0m89[36m:[0m [1m[31mE501[0m Line too long (106 > 88)
[1msrc/nativeforge/services/active_source_activation_review_packet_service.py[0m[36m:[0m910[36m:[0m89[36m:[0m [1m[31mE501[0m Line too long (107 > 88)
[1msrc/nativeforge/services/active_source_activation_review_packet_service.py[0m[36m:[0m911[36m:[0m89[36m:[0m [1m[31mE501[0m Line too long (95 > 88)
[1msrc/nativeforge/services/active_source_activation_review_packet_service.py[0m[36m:[0m916[36m:[0m89[36m:[0m [1m[31mE501[0m Line too long (93 > 88)
[1msrc/nativeforge/services/active_source_activation_review_packet_service.py[0m[36m:[0m1095[36m:[0m89[36m:[0m [1m[31mE501[0m Line too long (108 > 88)
[1msrc/nativeforge/services/active_source_activation_review_packet_service.py[0m[36m:[0m1098[36m:[0m89[36m:[0m [1m[31mE501[0m Line too long (108 > 88)
[1msrc/nativeforge/services/active_source_activation_review_packet_service.py[0m[36m:[0m1167[36m:[0m89[36m:[0m [1m[31mE501[0m Line too long (105 > 88)
[1msrc/nativeforge/services/active_source_activation_review_packet_service.py[0m[36m:[0m1182[36m:[0m89[36m:[0m [1m[31mE501[0m Line too long (92 > 88)
[1msrc/nativeforge/services/active_source_creation_execution_command_package_service.py[0m[36m:[0m1[36m:[0m89[36m:[0m [1m[31mE501[0m Line too long (113 > 88)
[1msrc/nativeforge/services/active_source_creation_execution_command_package_service.py[0m[36m:[0m3[36m:[0m89[36m:[0m [1m[31mE501[0m Line too long (97 > 88)
[1msrc/nativeforge/services/active_source_creation_execution_command_package_service.py[0m[36m:[0m4[36m:[0m89[36m:[0m [1m[31mE501[0m Line too long (97 > 88)
[1msrc/nativeforge/services/active_source_creation_execution_command_package_service.py[0m[36m:[0m20[36m:[0m89[36m:[0m [1m[31mE501[0m Line too long (90 > 88)
[1msrc/nativeforge/services/active_source_creation_execution_command_package_service.py[0m[36m:[0m23[36m:[0m89[36m:[0m [1m[31mE501[0m Line too long (90 > 88)
[1msrc/nativeforge/services/active_source_creation_execution_command_package_service.py[0m[36m:[0m26[36m:[0m89[36m:[0m [1m[31mE501[0m Line too long (90 > 88)
[1msrc/nativeforge/services/active_source_creation_execution_command_package_service.py[0m[36m:[0m257[36m:[0m89[36m:[0m [1m[31mE501[0m Line too long (89 > 88)
[1msrc/nativeforge/services/active_source_creation_execution_command_package_service.py[0m[36m:[0m296[36m:[0m89[36m:[0m [1m[31mE501[0m Line too long (91 > 88)
[1msrc/nativeforge/services/active_source_creation_execution_command_package_service.py[0m[36m:[0m326[36m:[0m89[36m:[0m [1m[31mE501[0m Line too long (89 > 88)
[1msrc/nativeforge/services/active_source_creation_execution_command_package_service.py[0m[36m:[0m338[36m:[0m89[36m:[0m [1m[31mE501[0m Line too long (90 > 88)
[1msrc/nativeforge/services/active_source_creation_execution_command_package_service.py[0m[36m:[0m342[36m:[0m89[36m:[0m [1m[31mE501[0m Line too long (91 > 88)
[1msrc/nativeforge/services/active_source_creation_execution_command_package_service.py[0m[36m:[0m346[36m:[0m89[36m:[0m [1m[31mE501[0m Line too long (98 > 88)
[1msrc/nativeforge/services/active_source_creation_execution_command_package_service.py[0m[36m:[0m350[36m:[0m89[36m:[0m [1m[31mE501[0m Line too long (92 > 88)
[1msrc/nativeforge/services/active_source_creation_execution_command_package_service.py[0m[36m:[0m354[36m:[0m89[36m:[0m [1m[31mE501[0m Line too long (91 > 88)
[1msrc/nativeforge/services/active_source_creation_execution_command_package_service.py[0m[36m:[0m369[36m:[0m89[36m:[0m [1m[31mE501[0m Line too long (99 > 88)
[1msrc/nativeforge/services/active_source_creation_execution_command_package_service.py[0m[36m:[0m378[36m:[0m89[36m:[0m [1m[31mE501[0m Line too long (97 > 88)
[1msrc/nativeforge/services/active_source_creation_execution_command_package_service.py[0m[36m:[0m381[36m:[0m89[36m:[0m [1m[31mE501[0m Line too long (92 > 88)
[1msrc/nativeforge/services/active_source_creation_execution_command_package_service.py[0m[36m:[0m384[36m:[0m89[36m:[0m [1m[31mE501[0m Line too long (95 > 88)
[1msrc/nativeforge/services/active_source_creation_execution_command_package_service.py[0m[36m:[0m393[36m:[0m89[36m:[0m [1m[31mE501[0m Line too long (89 > 88)
[1msrc/nativeforge/services/active_source_creation_execution_command_package_service.py[0m[36m:[0m418[36m:[0m89[36m:[0m [1m[31mE501[0m Line too long (98 > 88)
[1msrc/nativeforge/services/active_source_creation_execution_command_package_service.py[0m[36m:[0m609[36m:[0m89[36m:[0m [1m[31mE501[0m Line too long (108 > 88)
[1msrc/nativeforge/services/active_source_creation_execution_command_package_service.py[0m[36m:[0m611[36m:[0m89[36m:[0m [1m[31mE501[0m Line too long (114 > 88)
[1msrc/nativeforge/services/active_source_creation_execution_command_package_service.py[0m[36m:[0m623[36m:[0m89[36m:[0m [1m[31mE501[0m Line too long (117 > 88)
[1msrc/nativeforge/services/active_source_creation_execution_command_package_service.py[0m[36m:[0m630[36m:[0m89[36m:[0m [1m[31mE501[0m Line too long (107 > 88)
[1msrc/nativeforge/services/active_source_creation_execution_command_package_service.py[0m[36m:[0m673[36m:[0m89[36m:[0m [1m[31mE501[0m Line too long (89 > 88)
[1msrc/nativeforge/services/active_source_creation_execution_command_package_service.py[0m[36m:[0m761[36m:[0m89[36m:[0m [1m[31mE501[0m Line too long (96 > 88)
[1msrc/nativeforge/services/active_source_creation_execution_command_package_service.py[0m[36m:[0m764[36m:[0m89[36m:[0m [1m[31mE501[0m Line too long (90 > 88)
[1msrc/nativeforge/services/active_source_creation_execution_dry_run_service.py[0m[36m:[0m1[36m:[0m89[36m:[0m [1m[31mE501[0m Line too long (98 > 88)
[1msrc/nativeforge/services/active_source_creation_execution_dry_run_service.py[0m[36m:[0m240[36m:[0m89[36m:[0m [1m[31mE501[0m Line too long (98 > 88)
[1msrc/nativeforge/services/active_source_creation_execution_dry_run_service.py[0m[36m:[0m265[36m:[0m89[36m:[0m [1m[31mE501[0m Line too long (90 > 88)
[1msrc/nativeforge/services/active_source_creation_execution_dry_run_service.py[0m[36m:[0m327[36m:[0m89[36m:[0m [1m[31mE501[0m Line too long (89 > 88)
[1msrc/nativeforge/services/active_source_creation_execution_dry_run_service.py[0m[36m:[0m410[36m:[0m89[36m:[0m [1m[31mE501[0m Line too long (108 > 88)
[1msrc/nativeforge/services/active_source_creation_execution_evidence_service.py[0m[36m:[0m1[36m:[0m89[36m:[0m [1m[31mE501[0m Line too long (101 > 88)
[1msrc/nativeforge/services/active_source_creation_execution_evidence_service.py[0m[36m:[0m20[36m:[0m89[36m:[0m [1m[31mE501[0m Line too long (91 > 88)
[1msrc/nativeforge/services/active_source_creation_execution_evidence_service.py[0m[36m:[0m23[36m:[0m89[36m:[0m [1m[31mE501[0m Line too long (91 > 88)
[1msrc/nativeforge/services/active_source_creation_execution_evidence_service.py[0m[36m:[0m34[36m:[0m89[36m:[0m [1m[31mE501[0m Line too long (90 > 88)
[1msrc/nativeforge/services/active_source_creation_execution_evidence_service.py[0m[36m:[0m361[36m:[0m89[36m:[0m [1m[31mE501[0m Line too long (94 > 88)
[1msrc/nativeforge/services/active_source_creation_execution_evidence_service.py[0m[36m:[0m592[36m:[0m89[36m:[0m [1m[31mE501[0m Line too long (95 > 88)
[1msrc/nativeforge/services/active_source_creation_execution_evidence_service.py[0m[36m:[0m662[36m:[0m89[36m:[0m [1m[31mE501[0m Line too long (89 > 88)
[1msrc/nativeforge/services/active_source_creation_execution_evidence_service.py[0m[36m:[0m755[36m:[0m89[36m:[0m [1m[31mE501[0m Line too long (89 > 88)
[1msrc/nativeforge/services/active_source_creation_execution_evidence_service.py[0m[36m:[0m897[36m:[0m89[36m:[0m [1m[31mE501[0m Line too long (92 > 88)
[1msrc/nativeforge/services/active_source_creation_execution_plan_service.py[0m[36m:[0m1[36m:[0m89[36m:[0m [1m[31mE501[0m Line too long (120 > 88)
[1msrc/nativeforge/services/active_source_creation_execution_plan_service.py[0m[36m:[0m3[36m:[0m89[36m:[0m [1m[31mE501[0m Line too long (101 > 88)
[1msrc/nativeforge/services/active_source_creation_execution_plan_service.py[0m[36m:[0m4[36m:[0m89[36m:[0m [1m[31mE501[0m Line too long (106 > 88)
[1msrc/nativeforge/services/active_source_creation_execution_plan_service.py[0m[36m:[0m12[36m:[0m89[36m:[0m [1m[31mE501[0m Line too long (91 > 88)
[1msrc/nativeforge/services/active_source_creation_execution_plan_service.py[0m[36m:[0m15[36m:[0m89[36m:[0m [1m[31mE501[0m Line too long (91 > 88)
[1msrc/nativeforge/services/active_source_creation_execution_plan_service.py[0m[36m:[0m18[36m:[0m89[36m:[0m [1m[31mE501[0m Line too long (91 > 88)
[1msrc/nativeforge/services/active_source_creation_execution_plan_service.py[0m[36m:[0m21[36m:[0m89[36m:[0m [1m[31mE501[0m Line too long (91 > 88)
[1msrc/nativeforge/services/active_source_creation_execution_plan_service.py[0m[36m:[0m24[36m:[0m89[36m:[0m [1m[31mE501[0m Line too long (91 > 88)
[1msrc/nativeforge/services/active_source_creation_execution_plan_service.py[0m[36m:[0m222[36m:[0m89[36m:[0m [1m[31mE501[0m Line too long (90 > 88)
[1msrc/nativeforge/services/active_source_creation_execution_plan_service.py[0m[36m:[0m240[36m:[0m89[36m:[0m [1m[31mE501[0m Line too long (92 > 88)
[1msrc/nativeforge/services/active_source_creation_execution_plan_service.py[0m[36m:[0m244[36m:[0m89[36m:[0m [1m[31mE501[0m Line too long (94 > 88)
[1msrc/nativeforge/services/active_source_creation_execution_plan_service.py[0m[36m:[0m252[36m:[0m89[36m:[0m [1m[31mE501[0m Line too long (95 > 88)
[1msrc/nativeforge/services/active_source_creation_execution_plan_service.py[0m[36m:[0m286[36m:[0m89[36m:[0m [1m[31mE501[0m Line too long (90 > 88)
[1msrc/nativeforge/services/active_source_creation_execution_plan_service.py[0m[36m:[0m289[36m:[0m89[36m:[0m [1m[31mE501[0m Line too long (92 > 88)
[1msrc/nativeforge/services/active_source_creation_execution_plan_service.py[0m[36m:[0m307[36m:[0m89[36m:[0m [1m[31mE501[0m Line too long (90 > 88)
[1msrc/nativeforge/services/active_source_creation_execution_plan_service.py[0m[36m:[0m341[36m:[0m89[36m:[0m [1m[31mE501[0m Line too long (94 > 88)
[1msrc/nativeforge/services/active_source_creation_execution_plan_service.py[0m[36m:[0m437[36m:[0m89[36m:[0m [1m[31mE501[0m Line too long (108 > 88)
[1msrc/nativeforge/services/active_source_creation_execution_plan_service.py[0m[36m:[0m439[36m:[0m89[36m:[0m [1m[31mE501[0m Line too long (113 > 88)
[1msrc/nativeforge/services/active_source_creation_execution_plan_service.py[0m[36m:[0m441[36m:[0m89[36m:[0m [1m[31mE501[0m Line too long (116 > 88)
[1msrc/nativeforge/services/active_source_creation_execution_plan_service.py[0m[36m:[0m476[36m:[0m89[36m:[0m [1m[31mE501[0m Line too long (89 > 88)
[1msrc/nativeforge/services/active_source_creation_execution_plan_service.py[0m[36m:[0m477[36m:[0m89[36m:[0m [1m[31mE501[0m Line too long (92 > 88)
[1msrc/nativeforge/services/active_source_creation_execution_plan_service.py[0m[36m:[0m539[36m:[0m89[36m:[0m [1m[31mE501[0m Line too long (96 > 88)
[1msrc/nativeforge/services/active_source_creation_execution_readiness_gate_service.py[0m[36m:[0m1[36m:[0m89[36m:[0m [1m[31mE501[0m Line too long (110 > 88)
[1msrc/nativeforge/services/active_source_creation_execution_readiness_gate_service.py[0m[36m:[0m239[36m:[0m89[36m:[0m [1m[31mE501[0m Line too long (91 > 88)
[1msrc/nativeforge/services/active_source_creation_execution_readiness_gate_service.py[0m[36m:[0m294[36m:[0m89[36m:[0m [1m[31mE501[0m Line too long (99 > 88)
[1msrc/nativeforge/services/active_source_creation_execution_readiness_gate_service.py[0m[36m:[0m298[36m:[0m89[36m:[0m [1m[31mE501[0m Line too long (99 > 88)
[1msrc/nativeforge/services/active_source_creation_execution_readiness_gate_service.py[0m[36m:[0m303[36m:[0m89[36m:[0m [1m[31mE501[0m Line too long (98 > 88)
[1msrc/nativeforge/services/active_source_creation_execution_readiness_gate_service.py[0m[36m:[0m377[36m:[0m89[36m:[0m [1m[31mE501[0m Line too long (93 > 88)
[1msrc/nativeforge/services/active_source_creation_execution_readiness_gate_service.py[0m[36m:[0m514[36m:[0m89[36m:[0m [1m[31mE501[0m Line too long (107 > 88)
[1msrc/nativeforge/services/active_source_creation_execution_readiness_gate_service.py[0m[36m:[0m524[36m:[0m89[36m:[0m [1m[31mE501[0m Line too long (110 > 88)
[1msrc/nativeforge/services/active_source_creation_execution_readiness_gate_service.py[0m[36m:[0m632[36m:[0m89[36m:[0m [1m[31mE501[0m Line too long (92 > 88)
[1msrc/nativeforge/services/active_source_creation_execution_readiness_gate_service.py[0m[36m:[0m685[36m:[0m89[36m:[0m [1m[31mE501[0m Line too long (95 > 88)
[1msrc/nativeforge/services/active_source_creation_execution_readiness_gate_service.py[0m[36m:[0m688[36m:[0m89[36m:[0m [1m[31mE501[0m Line too long (97 > 88)
[1msrc/nativeforge/services/active_source_creation_request_service.py[0m[36m:[0m1[36m:[0m89[36m:[0m [1m[31mE501[0m Line too long (102 > 88)
[1msrc/nativeforge/services/active_source_empty_state_read_model_service.py[0m[36m:[0m18[36m:[0m89[36m:[0m [1m[31mE501[0m Line too long (98 > 88)
[1msrc/nativeforge/services/active_source_empty_state_read_model_service.py[0m[36m:[0m21[36m:[0m89[36m:[0m [1m[31mE501[0m Line too long (98 > 88)
[1msrc/nativeforge/services/active_source_human_approval_intake_service.py[0m[36m:[0m150[36m:[0m89[36m:[0m [1m[31mE501[0m Line too long (90 > 88)
[1msrc/nativeforge/services/active_source_human_approval_intake_service.py[0m[36m:[0m204[36m:[0m89[36m:[0m [1m[31mE501[0m Line too long (91 > 88)
[1msrc/nativeforge/services/active_source_local_migration_verification_service.py[0m[36m:[0m465[36m:[0m89[36m:[0m [1m[31mE501[0m Line too long (90 > 88)
[1msrc/nativeforge/services/active_source_post_runtime_verification_service.py[0m[36m:[0m4[36m:[0m89[36m:[0m [1m[31mE501[0m Line too long (89 > 88)
[1msrc/nativeforge/services/active_source_post_runtime_verification_service.py[0m[36m:[0m23[36m:[0m89[36m:[0m [1m[31mE501[0m Line too long (90 > 88)
[1msrc/nativeforge/services/active_source_post_runtime_verification_service.py[0m[36m:[0m35[36m:[0m89[36m:[0m [1m[31mE501[0m Line too long (102 > 88)
[1msrc/nativeforge/services/active_source_post_runtime_verification_service.py[0m[36m:[0m124[36m:[0m89[36m:[0m [1m[31mE501[0m Line too long (95 > 88)
[1msrc/nativeforge/services/active_source_post_runtime_verification_service.py[0m[36m:[0m234[36m:[0m89[36m:[0m [1m[31mE501[0m Line too long (98 > 88)
[1msrc/nativeforge/services/active_source_post_runtime_verification_service.py[0m[36m:[0m335[36m:[0m89[36m:[0m [1m[31mE501[0m Line too long (92 > 88)
[1msrc/nativeforge/services/active_source_post_runtime_verification_service.py[0m[36m:[0m424[36m:[0m89[36m:[0m [1m[31mE501[0m Line too long (91 > 88)
[1msrc/nativeforge/services/active_source_post_runtime_verification_service.py[0m[36m:[0m450[36m:[0m89[36m:[0m [1m[31mE501[0m Line too long (92 > 88)
[1msrc/nativeforge/services/active_source_post_runtime_verification_service.py[0m[36m:[0m486[36m:[0m89[36m:[0m [1m[31mE501[0m Line too long (95 > 88)
[1msrc/nativeforge/services/active_source_post_runtime_verification_service.py[0m[36m:[0m537[36m:[0m89[36m:[0m [1m[31mE501[0m Line too long (93 > 88)
[1msrc/nativeforge/services/active_source_runtime_migration_apply_execution_service.py[0m[36m:[0m3[36m:[0m89[36m:[0m [1m[31mE501[0m Line too long (89 > 88)
[1msrc/nativeforge/services/active_source_runtime_migration_apply_execution_service.py[0m[36m:[0m65[36m:[0m89[36m:[0m [1m[31mE501[0m Line too long (89 > 88)
[1msrc/nativeforge/services/active_source_runtime_migration_apply_execution_service.py[0m[36m:[0m104[36m:[0m89[36m:[0m [1m[31mE501[0m Line too long (90 > 88)
[1msrc/nativeforge/services/active_source_runtime_migration_apply_execution_service.py[0m[36m:[0m122[36m:[0m89[36m:[0m [1m[31mE501[0m Line too long (92 > 88)
[1msrc/nativeforge/services/active_source_runtime_migration_apply_execution_service.py[0m[36m:[0m212[36m:[0m89[36m:[0m [1m[31mE501[0m Line too long (91 > 88)
[1msrc/nativeforge/services/active_source_runtime_migration_apply_plan_service.py[0m[36m:[0m345[36m:[0m17[36m:[0m [1m[31mUP034[0m [[36m*[0m] Avoid extraneous parentheses
[1msrc/nativeforge/services/active_source_runtime_migration_apply_plan_service.py[0m[36m:[0m389[36m:[0m89[36m:[0m [1m[31mE501[0m Line too long (91 > 88)
[1msrc/nativeforge/services/active_source_runtime_migration_dry_run_command_package_service.py[0m[36m:[0m32[36m:[0m89[36m:[0m [1m[31mE501[0m Line too long (93 > 88)
[1msrc/nativeforge/services/active_source_runtime_migration_dry_run_command_package_service.py[0m[36m:[0m33[36m:[0m89[36m:[0m [1m[31mE501[0m Line too long (91 > 88)
[1msrc/nativeforge/services/active_source_runtime_migration_dry_run_command_package_service.py[0m[36m:[0m35[36m:[0m89[36m:[0m [1m[31mE501[0m Line too long (95 > 88)
[1msrc/nativeforge/services/active_source_runtime_migration_dry_run_command_package_service.py[0m[36m:[0m38[36m:[0m89[36m:[0m [1m[31mE501[0m Line too long (89 > 88)
[1msrc/nativeforge/services/active_source_runtime_migration_dry_run_command_package_service.py[0m[36m:[0m61[36m:[0m89[36m:[0m [1m[31mE501[0m Line too long (89 > 88)
[1msrc/nativeforge/services/active_source_runtime_migration_dry_run_command_package_service.py[0m[36m:[0m62[36m:[0m89[36m:[0m [1m[31mE501[0m Line too long (89 > 88)
[1msrc/nativeforge/services/active_source_runtime_migration_dry_run_command_package_service.py[0m[36m:[0m84[36m:[0m89[36m:[0m [1m[31mE501[0m Line too long (89 > 88)
[1msrc/nativeforge/services/active_source_runtime_migration_dry_run_command_package_service.py[0m[36m:[0m96[36m:[0m89[36m:[0m [1m[31mE501[0m Line too long (89 > 88)
[1msrc/nativeforge/services/active_source_runtime_migration_dry_run_command_package_service.py[0m[36m:[0m120[36m:[0m89[36m:[0m [1m[31mE501[0m Line too long (90 > 88)
[1msrc/nativeforge/services/active_source_runtime_migration_dry_run_command_package_service.py[0m[36m:[0m130[36m:[0m89[36m:[0m [1m[31mE501[0m Line too long (92 > 88)
[1msrc/nativeforge/services/active_source_runtime_migration_dry_run_command_package_service.py[0m[36m:[0m197[36m:[0m89[36m:[0m [1m[31mE501[0m Line too long (89 > 88)
[1msrc/nativeforge/services/active_source_runtime_migration_post_apply_verification_service.py[0m[36m:[0m33[36m:[0m89[36m:[0m [1m[31mE501[0m Line too long (97 > 88)
[1msrc/nativeforge/services/active_source_runtime_migration_post_apply_verification_service.py[0m[36m:[0m117[36m:[0m89[36m:[0m [1m[31mE501[0m Line too long (90 > 88)
[1msrc/nativeforge/services/active_source_runtime_migration_post_apply_verification_service.py[0m[36m:[0m130[36m:[0m89[36m:[0m [1m[31mE501[0m Line too long (89 > 88)
[1msrc/nativeforge/services/active_source_runtime_migration_post_apply_verification_service.py[0m[36m:[0m302[36m:[0m89[36m:[0m [1m[31mE501[0m Line too long (91 > 88)
[1msrc/nativeforge/services/active_source_runtime_migration_post_apply_verification_service.py[0m[36m:[0m314[36m:[0m89[36m:[0m [1m[31mE501[0m Line too long (89 > 88)
[1msrc/nativeforge/services/active_source_runtime_migration_readiness_gate_service.py[0m[36m:[0m95[36m:[0m89[36m:[0m [1m[31mE501[0m Line too long (90 > 88)
[1msrc/nativeforge/services/active_source_runtime_migration_readiness_gate_service.py[0m[36m:[0m240[36m:[0m89[36m:[0m [1m[31mE501[0m Line too long (89 > 88)
[1msrc/nativeforge/services/active_source_runtime_migration_readiness_gate_service.py[0m[36m:[0m269[36m:[0m89[36m:[0m [1m[31mE501[0m Line too long (122 > 88)
[1msrc/nativeforge/services/active_source_runtime_migration_readiness_gate_service.py[0m[36m:[0m396[36m:[0m89[36m:[0m [1m[31mE501[0m Line too long (91 > 88)
[1msrc/nativeforge/services/eligibility_fit_assessment_demo_fixture_service.py[0m[36m:[0m11[36m:[0m89[36m:[0m [1m[31mE501[0m Line too long (95 > 88)
[1msrc/nativeforge/services/eligibility_fit_assessment_demo_fixture_service.py[0m[36m:[0m47[36m:[0m89[36m:[0m [1m[31mE501[0m Line too long (91 > 88)
[1msrc/nativeforge/services/eligibility_fit_assessment_dimension_evaluator_service.py[0m[36m:[0m8[36m:[0m89[36m:[0m [1m[31mE501[0m Line too long (90 > 88)
[1msrc/nativeforge/services/eligibility_fit_assessment_dimension_evaluator_service.py[0m[36m:[0m47[36m:[0m89[36m:[0m [1m[31mE501[0m Line too long (99 > 88)
[1msrc/nativeforge/services/eligibility_fit_assessment_dimension_evaluator_service.py[0m[36m:[0m78[36m:[0m89[36m:[0m [1m[31mE501[0m Line too long (101 > 88)
[1msrc/nativeforge/services/eligibility_fit_assessment_dimension_evaluator_service.py[0m[36m:[0m79[36m:[0m89[36m:[0m [1m[31mE501[0m Line too long (98 > 88)
[1msrc/nativeforge/services/eligibility_fit_assessment_dimension_evaluator_service.py[0m[36m:[0m85[36m:[0m89[36m:[0m [1m[31mE501[0m Line too long (91 > 88)
[1msrc/nativeforge/services/eligibility_fit_assessment_dimension_evaluator_service.py[0m[36m:[0m135[36m:[0m89[36m:[0m [1m[31mE501[0m Line too long (97 > 88)
[1msrc/nativeforge/services/eligibility_fit_assessment_dimension_evaluator_service.py[0m[36m:[0m163[36m:[0m89[36m:[0m [1m[31mE501[0m Line too long (98 > 88)
[1msrc/nativeforge/services/eligibility_fit_assessment_dimension_evaluator_service.py[0m[36m:[0m198[36m:[0m89[36m:[0m [1m[31mE501[0m Line too long (104 > 88)
[1msrc/nativeforge/services/eligibility_fit_assessment_evaluator_service.py[0m[36m:[0m30[36m:[0m89[36m:[0m [1m[31mE501[0m Line too long (89 > 88)
[1msrc/nativeforge/services/eligibility_fit_assessment_evaluator_service.py[0m[36m:[0m33[36m:[0m89[36m:[0m [1m[31mE501[0m Line too long (90 > 88)
[1msrc/nativeforge/services/eligibility_fit_assessment_evaluator_service.py[0m[36m:[0m37[36m:[0m89[36m:[0m [1m[31mE501[0m Line too long (93 > 88)
[1msrc/nativeforge/services/eligibility_fit_assessment_evaluator_service.py[0m[36m:[0m42[36m:[0m89[36m:[0m [1m[31mE501[0m Line too long (102 > 88)
[1msrc/nativeforge/services/eligibility_fit_assessment_evaluator_service.py[0m[36m:[0m54[36m:[0m89[36m:[0m [1m[31mE501[0m Line too long (101 > 88)
[1msrc/nativeforge/services/eligibility_fit_assessment_no_claim_without_evidence_guard_service.py[0m[36m:[0m1[36m:[0m89[36m:[0m [1m[31mE501[0m Line too long (89 > 88)
[1msrc/nativeforge/services/eligibility_fit_assessment_operator_guidance_service.py[0m[36m:[0m12[36m:[0m89[36m:[0m [1m[31mE501[0m Line too long (101 > 88)
[1msrc/nativeforge/services/eligibility_fit_assessment_operator_guidance_service.py[0m[36m:[0m15[36m:[0m89[36m:[0m [1m[31mE501[0m Line too long (100 > 88)
[1msrc/nativeforge/services/eligibility_fit_assessment_operator_guidance_service.py[0m[36m:[0m18[36m:[0m89[36m:[0m [1m[31mE501[0m Line too long (102 > 88)
[1msrc/nativeforge/services/eligibility_fit_assessment_operator_guidance_service.py[0m[36m:[0m21[36m:[0m89[36m:[0m [1m[31mE501[0m Line too long (94 > 88)
[1msrc/nativeforge/services/eligibility_fit_assessment_operator_guidance_service.py[0m[36m:[0m24[36m:[0m89[36m:[0m [1m[31mE501[0m Line too long (96 > 88)
[1msrc/nativeforge/services/eligibility_fit_assessment_operator_guidance_service.py[0m[36m:[0m27[36m:[0m89[36m:[0m [1m[31mE501[0m Line too long (89 > 88)
[1msrc/nativeforge/services/eligibility_fit_assessment_operator_guidance_service.py[0m[36m:[0m30[36m:[0m89[36m:[0m [1m[31mE501[0m Line too long (95 > 88)
[1msrc/nativeforge/services/eligibility_fit_assessment_operator_guidance_service.py[0m[36m:[0m33[36m:[0m89[36m:[0m [1m[31mE501[0m Line too long (94 > 88)
[1msrc/nativeforge/services/eligibility_fit_assessment_operator_next_check_service.py[0m[36m:[0m60[36m:[0m89[36m:[0m [1m[31mE501[0m Line too long (91 > 88)
[1msrc/nativeforge/services/eligibility_fit_assessment_rollup_service.py[0m[36m:[0m33[36m:[0m89[36m:[0m [1m[31mE501[0m Line too long (94 > 88)
[1msrc/nativeforge/services/eligibility_fit_assessment_rollup_service.py[0m[36m:[0m35[36m:[0m89[36m:[0m [1m[31mE501[0m Line too long (93 > 88)
[1msrc/nativeforge/services/eligibility_fit_assessment_stage7_closeout_packet_service.py[0m[36m:[0m8[36m:[0m89[36m:[0m [1m[31mE501[0m Line too long (94 > 88)
[1msrc/nativeforge/services/eligibility_fit_assessment_stage7_closeout_packet_service.py[0m[36m:[0m15[36m:[0m89[36m:[0m [1m[31mE501[0m Line too long (93 > 88)
[1msrc/nativeforge/services/eligibility_fit_assessment_stage7_closeout_packet_service.py[0m[36m:[0m34[36m:[0m89[36m:[0m [1m[31mE501[0m Line too long (92 > 88)
[1msrc/nativeforge/services/eligibility_fit_assessment_stage7_closeout_packet_service.py[0m[36m:[0m53[36m:[0m89[36m:[0m [1m[31mE501[0m Line too long (89 > 88)
[1msrc/nativeforge/services/eligibility_fit_assessment_stage7_closeout_packet_service.py[0m[36m:[0m59[36m:[0m89[36m:[0m [1m[31mE501[0m Line too long (93 > 88)
[1msrc/nativeforge/services/eligibility_fit_assessment_stage7_gate_verification_service.py[0m[36m:[0m43[36m:[0m89[36m:[0m [1m[31mE501[0m Line too long (94 > 88)
[1msrc/nativeforge/services/funding_opportunity_intake_hardened_record_service.py[0m[36m:[0m55[36m:[0m89[36m:[0m [1m[31mE501[0m Line too long (91 > 88)
[1msrc/nativeforge/services/funding_opportunity_intake_stage5_closeout_packet_service.py[0m[36m:[0m29[36m:[0m89[36m:[0m [1m[31mE501[0m Line too long (93 > 88)
[1msrc/nativeforge/services/funding_opportunity_intake_stage5_closeout_packet_service.py[0m[36m:[0m70[36m:[0m89[36m:[0m [1m[31mE501[0m Line too long (89 > 88)
[1msrc/nativeforge/services/funding_opportunity_intake_stage5_verification_rollup_service.py[0m[36m:[0m21[36m:[0m89[36m:[0m [1m[31mE501[0m Line too long (100 > 88)
[1msrc/nativeforge/services/funding_opportunity_intake_stage5_verification_rollup_service.py[0m[36m:[0m24[36m:[0m89[36m:[0m [1m[31mE501[0m Line too long (90 > 88)
[1msrc/nativeforge/services/funding_opportunity_intake_stage5_verification_rollup_service.py[0m[36m:[0m26[36m:[0m89[36m:[0m [1m[31mE501[0m Line too long (95 > 88)
[1msrc/nativeforge/services/funding_opportunity_intake_stage5_verification_rollup_service.py[0m[36m:[0m27[36m:[0m89[36m:[0m [1m[31mE501[0m Line too long (92 > 88)
[1msrc/nativeforge/services/grant_eligibility_conditions_service.py[0m[36m:[0m30[36m:[0m89[36m:[0m [1m[31mE501[0m Line too long (92 > 88)
[1msrc/nativeforge/services/grant_eligibility_conditions_service.py[0m[36m:[0m48[36m:[0m89[36m:[0m [1m[31mE501[0m Line too long (97 > 88)
[1msrc/nativeforge/services/grant_eligibility_conditions_service.py[0m[36m:[0m52[36m:[0m89[36m:[0m [1m[31mE501[0m Line too long (96 > 88)
[1msrc/nativeforge/services/grant_eligibility_conditions_service.py[0m[36m:[0m62[36m:[0m89[36m:[0m [1m[31mE501[0m Line too long (92 > 88)
[1msrc/nativeforge/services/grant_eligibility_conditions_service.py[0m[36m:[0m63[36m:[0m89[36m:[0m [1m[31mE501[0m Line too long (93 > 88)
[1msrc/nativeforge/services/grant_eligibility_conditions_service.py[0m[36m:[0m66[36m:[0m89[36m:[0m [1m[31mE501[0m Line too long (95 > 88)
[1msrc/nativeforge/services/grant_eligibility_conditions_service.py[0m[36m:[0m101[36m:[0m89[36m:[0m [1m[31mE501[0m Line too long (90 > 88)
[1msrc/nativeforge/services/grant_eligibility_conditions_service.py[0m[36m:[0m119[36m:[0m89[36m:[0m [1m[31mE501[0m Line too long (93 > 88)
[1msrc/nativeforge/services/grant_eligibility_conditions_service.py[0m[36m:[0m127[36m:[0m89[36m:[0m [1m[31mE501[0m Line too long (89 > 88)
[1msrc/nativeforge/services/grants_gov_applicant_type_recognition_service.py[0m[36m:[0m1[36m:[0m89[36m:[0m [1m[31mE501[0m Line too long (95 > 88)
[1msrc/nativeforge/services/grants_gov_applicant_type_recognition_service.py[0m[36m:[0m154[36m:[0m89[36m:[0m [1m[31mE501[0m Line too long (89 > 88)
[1msrc/nativeforge/services/grants_gov_attachment_recoverable_reaudit_service.py[0m[36m:[0m42[36m:[0m89[36m:[0m [1m[31mE501[0m Line too long (90 > 88)
[1msrc/nativeforge/services/grants_gov_eligibility_completeness_service.py[0m[36m:[0m37[36m:[0m89[36m:[0m [1m[31mE501[0m Line too long (90 > 88)
[1msrc/nativeforge/services/grants_gov_eligibility_parser_service.py[0m[36m:[0m40[36m:[0m89[36m:[0m [1m[31mE501[0m Line too long (91 > 88)
[1msrc/nativeforge/services/grants_gov_eligibility_parser_service.py[0m[36m:[0m95[36m:[0m89[36m:[0m [1m[31mE501[0m Line too long (96 > 88)
[1msrc/nativeforge/services/grants_gov_eligibility_parser_service.py[0m[36m:[0m118[36m:[0m89[36m:[0m [1m[31mE501[0m Line too long (101 > 88)
[1msrc/nativeforge/services/grants_gov_eligibility_parser_service.py[0m[36m:[0m169[36m:[0m89[36m:[0m [1m[31mE501[0m Line too long (99 > 88)
[1msrc/nativeforge/services/grants_gov_eligibility_parser_service.py[0m[36m:[0m170[36m:[0m89[36m:[0m [1m[31mE501[0m Line too long (97 > 88)
[1msrc/nativeforge/services/grants_gov_eligibility_parser_service.py[0m[36m:[0m200[36m:[0m89[36m:[0m [1m[31mE501[0m Line too long (104 > 88)
[1msrc/nativeforge/services/grants_gov_eligibility_parser_service.py[0m[36m:[0m231[36m:[0m89[36m:[0m [1m[31mE501[0m Line too long (90 > 88)
[1msrc/nativeforge/services/grants_gov_eligibility_parser_service.py[0m[36m:[0m244[36m:[0m89[36m:[0m [1m[31mE501[0m Line too long (97 > 88)
[1msrc/nativeforge/services/grants_gov_eligibility_parser_service.py[0m[36m:[0m249[36m:[0m89[36m:[0m [1m[31mE501[0m Line too long (95 > 88)
[1msrc/nativeforge/services/html_card_listing_extractor_service.py[0m[36m:[0m142[36m:[0m89[36m:[0m [1m[31mE501[0m Line too long (92 > 88)
[1msrc/nativeforge/services/matching_profile_provenance_service.py[0m[36m:[0m94[36m:[0m89[36m:[0m [1m[31mE501[0m Line too long (98 > 88)
[1msrc/nativeforge/services/matching_profile_provenance_service.py[0m[36m:[0m110[36m:[0m89[36m:[0m [1m[31mE501[0m Line too long (91 > 88)
[1msrc/nativeforge/services/mixed_corpus_grant_field_derivation_service.py[0m[36m:[0m24[36m:[0m1[36m:[0m [1m[31mF811[0m Redefinition of unused `_TRIBAL_TYPE_RE` from line 13: `_TRIBAL_TYPE_RE` redefined here
[1msrc/nativeforge/services/native_relevance_classification_discovery_bridge_service.py[0m[36m:[0m29[36m:[0m89[36m:[0m [1m[31mE501[0m Line too long (102 > 88)
[1msrc/nativeforge/services/native_relevance_classification_explanation_builder_service.py[0m[36m:[0m11[36m:[0m89[36m:[0m [1m[31mE501[0m Line too long (92 > 88)
[1msrc/nativeforge/services/native_relevance_classification_label_explanation_service.py[0m[36m:[0m8[36m:[0m89[36m:[0m [1m[31mE501[0m Line too long (91 > 88)
[1msrc/nativeforge/services/native_relevance_classification_label_explanation_service.py[0m[36m:[0m25[36m:[0m89[36m:[0m [1m[31mE501[0m Line too long (95 > 88)
[1msrc/nativeforge/services/native_relevance_classification_label_explanation_service.py[0m[36m:[0m35[36m:[0m89[36m:[0m [1m[31mE501[0m Line too long (97 > 88)
[1msrc/nativeforge/services/native_relevance_classification_label_explanation_service.py[0m[36m:[0m40[36m:[0m89[36m:[0m [1m[31mE501[0m Line too long (102 > 88)
[1msrc/nativeforge/services/native_relevance_classification_label_explanation_service.py[0m[36m:[0m42[36m:[0m89[36m:[0m [1m[31mE501[0m Line too long (99 > 88)
[1msrc/nativeforge/services/native_relevance_classification_label_explanation_service.py[0m[36m:[0m43[36m:[0m89[36m:[0m [1m[31mE501[0m Line too long (95 > 88)
[1msrc/nativeforge/services/native_relevance_classification_label_explanation_service.py[0m[36m:[0m45[36m:[0m89[36m:[0m [1m[31mE501[0m Line too long (92 > 88)
[1msrc/nativeforge/services/native_relevance_classification_label_explanation_service.py[0m[36m:[0m53[36m:[0m89[36m:[0m [1m[31mE501[0m Line too long (99 > 88)
[1msrc/nativeforge/services/native_relevance_classification_label_explanation_service.py[0m[36m:[0m55[36m:[0m89[36m:[0m [1m[31mE501[0m Line too long (97 > 88)
[1msrc/nativeforge/services/native_relevance_classification_label_explanation_service.py[0m[36m:[0m57[36m:[0m89[36m:[0m [1m[31mE501[0m Line too long (100 > 88)
[1msrc/nativeforge/services/native_relevance_classification_label_explanation_service.py[0m[36m:[0m62[36m:[0m89[36m:[0m [1m[31mE501[0m Line too long (111 > 88)
[1msrc/nativeforge/services/native_relevance_classification_label_explanation_service.py[0m[36m:[0m65[36m:[0m89[36m:[0m [1m[31mE501[0m Line too long (107 > 88)
[1msrc/nativeforge/services/native_relevance_classification_label_explanation_service.py[0m[36m:[0m67[36m:[0m89[36m:[0m [1m[31mE501[0m Line too long (94 > 88)
[1msrc/nativeforge/services/native_relevance_classification_label_explanation_service.py[0m[36m:[0m69[36m:[0m89[36m:[0m [1m[31mE501[0m Line too long (90 > 88)
[1msrc/nativeforge/services/native_relevance_classification_label_explanation_service.py[0m[36m:[0m74[36m:[0m89[36m:[0m [1m[31mE501[0m Line too long (101 > 88)
[1msrc/nativeforge/services/native_relevance_classification_label_explanation_service.py[0m[36m:[0m76[36m:[0m89[36m:[0m [1m[31mE501[0m Line too long (106 > 88)
[1msrc/nativeforge/services/native_relevance_classification_label_explanation_service.py[0m[36m:[0m79[36m:[0m89[36m:[0m [1m[31mE501[0m Line too long (89 > 88)
[1msrc/nativeforge/services/native_relevance_classification_label_explanation_service.py[0m[36m:[0m83[36m:[0m89[36m:[0m [1m[31mE501[0m Line too long (100 > 88)
[1msrc/nativeforge/services/native_relevance_classification_label_explanation_service.py[0m[36m:[0m85[36m:[0m89[36m:[0m [1m[31mE501[0m Line too long (105 > 88)
[1msrc/nativeforge/services/native_relevance_classification_label_explanation_service.py[0m[36m:[0m93[36m:[0m89[36m:[0m [1m[31mE501[0m Line too long (99 > 88)
[1msrc/nativeforge/services/native_relevance_classification_label_explanation_service.py[0m[36m:[0m94[36m:[0m89[36m:[0m [1m[31mE501[0m Line too long (99 > 88)
[1msrc/nativeforge/services/native_relevance_classification_label_explanation_service.py[0m[36m:[0m97[36m:[0m89[36m:[0m [1m[31mE501[0m Line too long (91 > 88)
[1msrc/nativeforge/services/native_relevance_classification_label_explanation_service.py[0m[36m:[0m101[36m:[0m89[36m:[0m [1m[31mE501[0m Line too long (101 > 88)
[1msrc/nativeforge/services/native_relevance_classification_label_explanation_service.py[0m[36m:[0m130[36m:[0m89[36m:[0m [1m[31mE501[0m Line too long (95 > 88)
[1msrc/nativeforge/services/native_relevance_classification_operator_review_queue_service.py[0m[36m:[0m31[36m:[0m89[36m:[0m [1m[31mE501[0m Line too long (89 > 88)
[1msrc/nativeforge/services/native_relevance_classification_operator_review_queue_service.py[0m[36m:[0m33[36m:[0m89[36m:[0m [1m[31mE501[0m Line too long (101 > 88)
[1msrc/nativeforge/services/native_relevance_classification_over_filter_guard_service.py[0m[36m:[0m8[36m:[0m89[36m:[0m [1m[31mE501[0m Line too long (91 > 88)
[1msrc/nativeforge/services/native_relevance_classification_overclaim_guard_service.py[0m[36m:[0m1[36m:[0m89[36m:[0m [1m[31mE501[0m Line too long (91 > 88)
[1msrc/nativeforge/services/native_relevance_classification_overclaim_guard_service.py[0m[36m:[0m8[36m:[0m89[36m:[0m [1m[31mE501[0m Line too long (95 > 88)
[1msrc/nativeforge/services/native_relevance_classification_overclaim_guard_service.py[0m[36m:[0m11[36m:[0m89[36m:[0m [1m[31mE501[0m Line too long (91 > 88)
[1msrc/nativeforge/services/native_relevance_classification_overclaim_guard_service.py[0m[36m:[0m89[36m:[0m89[36m:[0m [1m[31mE501[0m Line too long (100 > 88)
[1msrc/nativeforge/services/native_relevance_classification_record_service.py[0m[36m:[0m11[36m:[0m89[36m:[0m [1m[31mE501[0m Line too long (94 > 88)
[1msrc/nativeforge/services/native_relevance_classification_rollup_service.py[0m[36m:[0m12[36m:[0m89[36m:[0m [1m[31mE501[0m Line too long (91 > 88)
[1msrc/nativeforge/services/native_relevance_classification_rollup_service.py[0m[36m:[0m39[36m:[0m89[36m:[0m [1m[31mE501[0m Line too long (99 > 88)
[1msrc/nativeforge/services/native_relevance_classification_stage6_closeout_packet_service.py[0m[36m:[0m8[36m:[0m89[36m:[0m [1m[31mE501[0m Line too long (99 > 88)
[1msrc/nativeforge/services/native_relevance_classification_stage6_closeout_packet_service.py[0m[36m:[0m15[36m:[0m89[36m:[0m [1m[31mE501[0m Line too long (98 > 88)
[1msrc/nativeforge/services/native_relevance_classification_stage6_closeout_packet_service.py[0m[36m:[0m34[36m:[0m89[36m:[0m [1m[31mE501[0m Line too long (92 > 88)
[1msrc/nativeforge/services/native_relevance_classification_stage6_closeout_packet_service.py[0m[36m:[0m57[36m:[0m89[36m:[0m [1m[31mE501[0m Line too long (90 > 88)
[1msrc/nativeforge/services/native_relevance_classification_stage6_closeout_packet_service.py[0m[36m:[0m63[36m:[0m89[36m:[0m [1m[31mE501[0m Line too long (93 > 88)
[1msrc/nativeforge/services/nf15_no_evidence_honesty_gate_verification_service.py[0m[36m:[0m94[36m:[0m89[36m:[0m [1m[31mE501[0m Line too long (91 > 88)
[1msrc/nativeforge/services/nf15_no_evidence_honesty_gate_verification_service.py[0m[36m:[0m97[36m:[0m89[36m:[0m [1m[31mE501[0m Line too long (90 > 88)
[1msrc/nativeforge/services/real_grant_opportunity_metadata_service.py[0m[36m:[0m34[36m:[0m89[36m:[0m [1m[31mE501[0m Line too long (100 > 88)
[1msrc/nativeforge/services/real_grant_opportunity_metadata_service.py[0m[36m:[0m80[36m:[0m89[36m:[0m [1m[31mE501[0m Line too long (93 > 88)
[1msrc/nativeforge/services/real_grant_opportunity_metadata_service.py[0m[36m:[0m86[36m:[0m89[36m:[0m [1m[31mE501[0m Line too long (89 > 88)
[1msrc/nativeforge/services/real_grant_opportunity_metadata_service.py[0m[36m:[0m118[36m:[0m89[36m:[0m [1m[31mE501[0m Line too long (90 > 88)
[1msrc/nativeforge/services/real_grant_opportunity_metadata_service.py[0m[36m:[0m128[36m:[0m89[36m:[0m [1m[31mE501[0m Line too long (92 > 88)
[1msrc/nativeforge/services/recognition_requirement_derivation_service.py[0m[36m:[0m1[36m:[0m89[36m:[0m [1m[31mE501[0m Line too long (90 > 88)
[1msrc/nativeforge/services/recognition_requirement_derivation_service.py[0m[36m:[0m27[36m:[0m89[36m:[0m [1m[31mE501[0m Line too long (91 > 88)
[1msrc/nativeforge/services/recognition_requirement_derivation_service.py[0m[36m:[0m39[36m:[0m89[36m:[0m [1m[31mE501[0m Line too long (104 > 88)
[1msrc/nativeforge/services/recognition_requirement_derivation_service.py[0m[36m:[0m40[36m:[0m89[36m:[0m [1m[31mE501[0m Line too long (93 > 88)
[1msrc/nativeforge/services/recognition_requirement_derivation_service.py[0m[36m:[0m54[36m:[0m89[36m:[0m [1m[31mE501[0m Line too long (105 > 88)
[1msrc/nativeforge/services/recognition_requirement_derivation_service.py[0m[36m:[0m145[36m:[0m89[36m:[0m [1m[31mE501[0m Line too long (90 > 88)
[1msrc/nativeforge/services/recognition_requirement_derivation_service.py[0m[36m:[0m147[36m:[0m89[36m:[0m [1m[31mE501[0m Line too long (90 > 88)
[1msrc/nativeforge/services/recognition_requirement_derivation_service.py[0m[36m:[0m204[36m:[0m89[36m:[0m [1m[31mE501[0m Line too long (93 > 88)
[1msrc/nativeforge/services/recognition_requirement_derivation_service.py[0m[36m:[0m221[36m:[0m89[36m:[0m [1m[31mE501[0m Line too long (101 > 88)
[1msrc/nativeforge/services/recognition_requirement_derivation_service.py[0m[36m:[0m269[36m:[0m89[36m:[0m [1m[31mE501[0m Line too long (94 > 88)
[1msrc/nativeforge/services/recognition_requirement_derivation_service.py[0m[36m:[0m286[36m:[0m89[36m:[0m [1m[31mE501[0m Line too long (93 > 88)
[1msrc/nativeforge/services/recognition_requirement_derivation_service.py[0m[36m:[0m300[36m:[0m89[36m:[0m [1m[31mE501[0m Line too long (92 > 88)
[1msrc/nativeforge/services/recognition_requirement_derivation_service.py[0m[36m:[0m312[36m:[0m89[36m:[0m [1m[31mE501[0m Line too long (89 > 88)
[1msrc/nativeforge/services/recognition_tier_eligibility_gate_service.py[0m[36m:[0m12[36m:[0m89[36m:[0m [1m[31mE501[0m Line too long (90 > 88)
[1msrc/nativeforge/services/recognition_tier_eligibility_gate_service.py[0m[36m:[0m51[36m:[0m89[36m:[0m [1m[31mE501[0m Line too long (91 > 88)
[1msrc/nativeforge/services/recognition_tier_eligibility_gate_service.py[0m[36m:[0m53[36m:[0m89[36m:[0m [1m[31mE501[0m Line too long (91 > 88)
[1msrc/nativeforge/services/recognition_tier_eligibility_gate_service.py[0m[36m:[0m54[36m:[0m89[36m:[0m [1m[31mE501[0m Line too long (94 > 88)
[1msrc/nativeforge/services/recognition_tier_eligibility_gate_service.py[0m[36m:[0m70[36m:[0m89[36m:[0m [1m[31mE501[0m Line too long (91 > 88)
[1msrc/nativeforge/services/recognition_tier_eligibility_gate_service.py[0m[36m:[0m71[36m:[0m89[36m:[0m [1m[31mE501[0m Line too long (92 > 88)
[1msrc/nativeforge/services/recognition_tier_eligibility_gate_service.py[0m[36m:[0m90[36m:[0m89[36m:[0m [1m[31mE501[0m Line too long (89 > 88)
[1msrc/nativeforge/services/recognition_tier_eligibility_gate_service.py[0m[36m:[0m106[36m:[0m9[36m:[0m [1m[31mF841[0m Local variable `member_level_only` is assigned to but never used
[1msrc/nativeforge/services/recognition_tier_eligibility_gate_service.py[0m[36m:[0m108[36m:[0m89[36m:[0m [1m[31mE501[0m Line too long (89 > 88)
[1msrc/nativeforge/services/recognition_tier_eligibility_gate_service.py[0m[36m:[0m144[36m:[0m89[36m:[0m [1m[31mE501[0m Line too long (96 > 88)
[1msrc/nativeforge/services/recognition_tier_eligibility_gate_service.py[0m[36m:[0m181[36m:[0m89[36m:[0m [1m[31mE501[0m Line too long (93 > 88)
[1msrc/nativeforge/services/rt_partial_honesty_regression_service.py[0m[36m:[0m69[36m:[0m89[36m:[0m [1m[31mE501[0m Line too long (96 > 88)
[1msrc/nativeforge/services/sc_pilot_fixture_loader_service.py[0m[36m:[0m60[36m:[0m89[36m:[0m [1m[31mE501[0m Line too long (91 > 88)
[1msrc/nativeforge/services/sc_pilot_fixture_loader_service.py[0m[36m:[0m83[36m:[0m89[36m:[0m [1m[31mE501[0m Line too long (96 > 88)
[1msrc/nativeforge/services/sc_pilot_fixture_loader_service.py[0m[36m:[0m161[36m:[0m89[36m:[0m [1m[31mE501[0m Line too long (91 > 88)
[1msrc/nativeforge/services/sc_pilot_fixture_loader_service.py[0m[36m:[0m179[36m:[0m89[36m:[0m [1m[31mE501[0m Line too long (96 > 88)
[1msrc/nativeforge/services/sc_pilot_fixture_loader_service.py[0m[36m:[0m229[36m:[0m89[36m:[0m [1m[31mE501[0m Line too long (98 > 88)
[1msrc/nativeforge/services/sc_pilot_fixture_loader_service.py[0m[36m:[0m305[36m:[0m89[36m:[0m [1m[31mE501[0m Line too long (101 > 88)
[1msrc/nativeforge/services/sc_pilot_fixture_loader_service.py[0m[36m:[0m315[36m:[0m89[36m:[0m [1m[31mE501[0m Line too long (90 > 88)
[1msrc/nativeforge/services/sc_pilot_fixture_loader_service.py[0m[36m:[0m328[36m:[0m89[36m:[0m [1m[31mE501[0m Line too long (92 > 88)
[1msrc/nativeforge/services/sc_pilot_fixture_loader_service.py[0m[36m:[0m332[36m:[0m89[36m:[0m [1m[31mE501[0m Line too long (97 > 88)
[1msrc/nativeforge/services/sc_pilot_fixture_loader_service.py[0m[36m:[0m336[36m:[0m89[36m:[0m [1m[31mE501[0m Line too long (106 > 88)
[1msrc/nativeforge/services/sc_pilot_fixture_loader_service.py[0m[36m:[0m344[36m:[0m89[36m:[0m [1m[31mE501[0m Line too long (99 > 88)
[1msrc/nativeforge/services/sc_pilot_fixture_loader_service.py[0m[36m:[0m359[36m:[0m89[36m:[0m [1m[31mE501[0m Line too long (93 > 88)
[1msrc/nativeforge/services/sc_pilot_fixture_loader_service.py[0m[36m:[0m394[36m:[0m89[36m:[0m [1m[31mE501[0m Line too long (89 > 88)
[1msrc/nativeforge/services/sc_pilot_fixture_loader_service.py[0m[36m:[0m410[36m:[0m89[36m:[0m [1m[31mE501[0m Line too long (103 > 88)
[1msrc/nativeforge/services/sc_pilot_fixture_loader_service.py[0m[36m:[0m411[36m:[0m89[36m:[0m [1m[31mE501[0m Line too long (93 > 88)
[1msrc/nativeforge/services/sc_pilot_fixture_loader_service.py[0m[36m:[0m443[36m:[0m89[36m:[0m [1m[31mE501[0m Line too long (100 > 88)
[1msrc/nativeforge/services/scaled_federal_corpus_persist_service.py[0m[36m:[0m62[36m:[0m89[36m:[0m [1m[31mE501[0m Line too long (94 > 88)
[1msrc/nativeforge/services/seed_source_human_activation_service.py[0m[36m:[0m99[36m:[0m89[36m:[0m [1m[31mE501[0m Line too long (91 > 88)
[1msrc/nativeforge/services/tier3_classify_match_orchestrator_service.py[0m[36m:[0m71[36m:[0m89[36m:[0m [1m[31mE501[0m Line too long (107 > 88)
[1msrc/nativeforge/services/tier3_org_cluster_config_service.py[0m[36m:[0m134[36m:[0m89[36m:[0m [1m[31mE501[0m Line too long (94 > 88)
[1mtests/test_grants_gov_eligibility_completeness.py[0m[36m:[0m3[36m:[0m1[36m:[0m [1m[31mI001[0m [[36m*[0m] Import block is un-sorted or un-formatted
[1mtests/test_grants_gov_eligibility_completeness.py[0m[36m:[0m52[36m:[0m89[36m:[0m [1m[31mE501[0m Line too long (94 > 88)
[1mtests/test_grants_gov_eligibility_completeness.py[0m[36m:[0m58[36m:[0m89[36m:[0m [1m[31mE501[0m Line too long (96 > 88)
[1mtests/test_grants_gov_eligibility_completeness.py[0m[36m:[0m142[36m:[0m89[36m:[0m [1m[31mE501[0m Line too long (95 > 88)
[1mtests/test_pw_sprint041_closeout_packet.py[0m[36m:[0m22[36m:[0m89[36m:[0m [1m[31mE501[0m Line too long (90 > 88)
[1mtests/test_recognition_requirement_coverage_expansion.py[0m[36m:[0m1[36m:[0m89[36m:[0m [1m[31mE501[0m Line too long (93 > 88)
[1mtests/test_recognition_requirement_coverage_expansion.py[0m[36m:[0m3[36m:[0m1[36m:[0m [1m[31mI001[0m [[36m*[0m] Import block is un-sorted or un-formatted
[1mtests/test_recognition_requirement_coverage_expansion.py[0m[36m:[0m85[36m:[0m89[36m:[0m [1m[31mE501[0m Line too long (90 > 88)
[1mtests/test_recognition_requirement_coverage_expansion.py[0m[36m:[0m86[36m:[0m89[36m:[0m [1m[31mE501[0m Line too long (103 > 88)
[1mtests/test_recognition_requirement_coverage_expansion.py[0m[36m:[0m105[36m:[0m89[36m:[0m [1m[31mE501[0m Line too long (93 > 88)
[1mtests/test_recognition_requirement_coverage_expansion.py[0m[36m:[0m117[36m:[0m89[36m:[0m [1m[31mE501[0m Line too long (90 > 88)
[1mtests/test_recognition_requirement_coverage_expansion.py[0m[36m:[0m118[36m:[0m89[36m:[0m [1m[31mE501[0m Line too long (108 > 88)
[1mtests/test_recognition_requirement_coverage_expansion.py[0m[36m:[0m161[36m:[0m89[36m:[0m [1m[31mE501[0m Line too long (92 > 88)
[1mtests/test_recognition_requirement_coverage_expansion.py[0m[36m:[0m254[36m:[0m89[36m:[0m [1m[31mE501[0m Line too long (100 > 88)
[1mtests/test_rt_matching_profile_provenance.py[0m[36m:[0m7[36m:[0m89[36m:[0m [1m[31mE501[0m Line too long (89 > 88)
[1mtests/test_sc_pilot_recognition_tier_gate.py[0m[36m:[0m104[36m:[0m89[36m:[0m [1m[31mE501[0m Line too long (102 > 88)
[1mtests/test_sc_pilot_recognition_tier_gate.py[0m[36m:[0m129[36m:[0m89[36m:[0m [1m[31mE501[0m Line too long (96 > 88)
[1mtests/test_sc_pilot_recognition_tier_gate.py[0m[36m:[0m152[36m:[0m89[36m:[0m [1m[31mE501[0m Line too long (90 > 88)
[1mtests/test_sprint173_funding_opportunity_intake_operator_duplicate_detection.py[0m[36m:[0m5[36m:[0m89[36m:[0m [1m[31mE501[0m Line too long (98 > 88)
[1mtests/test_sprint178_funding_opportunity_intake_operator_review_queue.py[0m[36m:[0m11[36m:[0m89[36m:[0m [1m[31mE501[0m Line too long (91 > 88)
[1mtests/test_sprint179_funding_opportunity_intake_stage5_gate_verification.py[0m[36m:[0m5[36m:[0m89[36m:[0m [1m[31mE501[0m Line too long (94 > 88)
[1mtests/test_sprint180_funding_opportunity_intake_stage5_verification_rollup.py[0m[36m:[0m5[36m:[0m89[36m:[0m [1m[31mE501[0m Line too long (96 > 88)
[1mtests/test_sprint181_funding_opportunity_intake_stage5_closeout_packet.py[0m[36m:[0m7[36m:[0m89[36m:[0m [1m[31mE501[0m Line too long (92 > 88)
[1mtests/test_sprint182_native_relevance_classification_label_vocabulary.py[0m[36m:[0m5[36m:[0m89[36m:[0m [1m[31mE501[0m Line too long (91 > 88)
[1mtests/test_sprint183_native_relevance_classification_label_explanation.py[0m[36m:[0m5[36m:[0m89[36m:[0m [1m[31mE501[0m Line too long (92 > 88)
[1mtests/test_sprint183_native_relevance_classification_label_explanation.py[0m[36m:[0m10[36m:[0m89[36m:[0m [1m[31mE501[0m Line too long (91 > 88)
[1mtests/test_sprint185_native_relevance_classification_human_review_trigger.py[0m[36m:[0m5[36m:[0m89[36m:[0m [1m[31mE501[0m Line too long (95 > 88)
[1mtests/test_sprint186_native_relevance_classification_overclaim_guard.py[0m[36m:[0m5[36m:[0m89[36m:[0m [1m[31mE501[0m Line too long (91 > 88)
[1mtests/test_sprint186_native_relevance_classification_overclaim_guard.py[0m[36m:[0m10[36m:[0m89[36m:[0m [1m[31mE501[0m Line too long (90 > 88)
[1mtests/test_sprint187_native_relevance_classification_over_filter_guard.py[0m[36m:[0m5[36m:[0m89[36m:[0m [1m[31mE501[0m Line too long (91 > 88)
[1mtests/test_sprint187_native_relevance_classification_over_filter_guard.py[0m[36m:[0m9[36m:[0m89[36m:[0m [1m[31mE501[0m Line too long (92 > 88)
[1mtests/test_sprint189_native_relevance_classification_evaluator.py[0m[36m:[0m12[36m:[0m89[36m:[0m [1m[31mE501[0m Line too long (91 > 88)
[1mtests/test_sprint190_native_relevance_classification_explanation_builder.py[0m[36m:[0m8[36m:[0m89[36m:[0m [1m[31mE501[0m Line too long (94 > 88)
[1mtests/test_sprint192_native_relevance_classification_discovery_bridge.py[0m[36m:[0m8[36m:[0m89[36m:[0m [1m[31mE501[0m Line too long (91 > 88)
[1mtests/test_sprint194_native_relevance_classification_operator_review_queue.py[0m[36m:[0m8[36m:[0m89[36m:[0m [1m[31mE501[0m Line too long (96 > 88)
[1mtests/test_sprint195_native_relevance_classification_stage6_gate_verification.py[0m[36m:[0m5[36m:[0m89[36m:[0m [1m[31mE501[0m Line too long (99 > 88)
[1mtests/test_sprint196_native_relevance_classification_stage6_closeout_packet.py[0m[36m:[0m7[36m:[0m89[36m:[0m [1m[31mE501[0m Line too long (97 > 88)
[1mtests/test_sprint197_eligibility_fit_assessment_dimension_vocabulary.py[0m[36m:[0m5[36m:[0m89[36m:[0m [1m[31mE501[0m Line too long (90 > 88)
[1mtests/test_sprint198_eligibility_fit_assessment_deadline_and_documentation.py[0m[36m:[0m10[36m:[0m89[36m:[0m [1m[31mE501[0m Line too long (93 > 88)
[1mtests/test_sprint202_eligibility_fit_assessment_no_claim_without_evidence_guard.py[0m[36m:[0m5[36m:[0m89[36m:[0m [1m[31mE501[0m Line too long (101 > 88)
[1mtests/test_sprint203_eligibility_fit_assessment_incomplete_discoverability_guard.py[0m[36m:[0m5[36m:[0m89[36m:[0m [1m[31mE501[0m Line too long (102 > 88)
[1mtests/test_sprint205_eligibility_fit_assessment_dimension_evaluator.py[0m[36m:[0m9[36m:[0m89[36m:[0m [1m[31mE501[0m Line too long (89 > 88)
[1mtests/test_sprint205_eligibility_fit_assessment_dimension_evaluator.py[0m[36m:[0m13[36m:[0m89[36m:[0m [1m[31mE501[0m Line too long (90 > 88)
[1mtests/test_sprint206_eligibility_fit_assessment_evaluator.py[0m[36m:[0m13[36m:[0m89[36m:[0m [1m[31mE501[0m Line too long (102 > 88)
[1mtests/test_sprint207_eligibility_fit_assessment_operator_next_check.py[0m[36m:[0m9[36m:[0m89[36m:[0m [1m[31mE501[0m Line too long (89 > 88)
[1mtests/test_sprint210_eligibility_fit_assessment_stage7_gate_verification.py[0m[36m:[0m8[36m:[0m89[36m:[0m [1m[31mE501[0m Line too long (94 > 88)
[1mtests/test_sprint211_eligibility_fit_assessment_stage7_closeout_packet.py[0m[36m:[0m7[36m:[0m89[36m:[0m [1m[31mE501[0m Line too long (92 > 88)
[1mtests/test_sprint242_canonical_operator_guidance_reconciliation.py[0m[36m:[0m14[36m:[0m89[36m:[0m [1m[31mE501[0m Line too long (89 > 88)
[1mtests/test_sprint324_classification_evidence_honest_guard.py[0m[36m:[0m10[36m:[0m89[36m:[0m [1m[31mE501[0m Line too long (91 > 88)
[1mtests/test_sprint49_active_source_runtime_migration_approval_intake.py[0m[36m:[0m16[36m:[0m89[36m:[0m [1m[31mE501[0m Line too long (90 > 88)
[1mtests/test_sprint50_active_source_runtime_migration_readiness_gate.py[0m[36m:[0m19[36m:[0m89[36m:[0m [1m[31mE501[0m Line too long (90 > 88)
[1mtests/test_sprint50_active_source_runtime_migration_readiness_gate.py[0m[36m:[0m22[36m:[0m89[36m:[0m [1m[31mE501[0m Line too long (89 > 88)
[1mtests/test_sprint50_active_source_runtime_migration_readiness_gate.py[0m[36m:[0m264[36m:[0m89[36m:[0m [1m[31mE501[0m Line too long (92 > 88)
[1mtests/test_sprint51_active_source_runtime_migration_dry_run_command_package.py[0m[36m:[0m17[36m:[0m89[36m:[0m [1m[31mE501[0m Line too long (98 > 88)
[1mtests/test_sprint52_active_source_runtime_migration_apply_execution.py[0m[36m:[0m1[36m:[0m89[36m:[0m [1m[31mE501[0m Line too long (89 > 88)
[1mtests/test_sprint52_active_source_runtime_migration_apply_execution.py[0m[36m:[0m17[36m:[0m89[36m:[0m [1m[31mE501[0m Line too long (90 > 88)
[1mtests/test_sprint53_active_source_runtime_migration_post_apply_verification.py[0m[36m:[0m17[36m:[0m89[36m:[0m [1m[31mE501[0m Line too long (98 > 88)
[1mtests/test_sprint54_active_source_empty_state_read_model.py[0m[36m:[0m1[36m:[0m89[36m:[0m [1m[31mE501[0m Line too long (92 > 88)
[1mtests/test_sprint54_active_source_empty_state_read_model.py[0m[36m:[0m26[36m:[0m89[36m:[0m [1m[31mE501[0m Line too long (98 > 88)
[1mtests/test_sprint55_active_source_creation_request.py[0m[36m:[0m25[36m:[0m89[36m:[0m [1m[31mE501[0m Line too long (98 > 88)
[1mtests/test_sprint55_active_source_creation_request.py[0m[36m:[0m57[36m:[0m89[36m:[0m [1m[31mE501[0m Line too long (92 > 88)
[1mtests/test_sprint55_active_source_creation_request.py[0m[36m:[0m64[36m:[0m89[36m:[0m [1m[31mE501[0m Line too long (89 > 88)
[1mtests/test_sprint55_active_source_creation_request.py[0m[36m:[0m67[36m:[0m89[36m:[0m [1m[31mE501[0m Line too long (94 > 88)
[1mtests/test_sprint56_active_source_human_approval_intake.py[0m[36m:[0m1[36m:[0m89[36m:[0m [1m[31mE501[0m Line too long (89 > 88)
[1mtests/test_sprint56_active_source_human_approval_intake.py[0m[36m:[0m59[36m:[0m89[36m:[0m [1m[31mE501[0m Line too long (92 > 88)
[1mtests/test_sprint56_active_source_human_approval_intake.py[0m[36m:[0m66[36m:[0m89[36m:[0m [1m[31mE501[0m Line too long (89 > 88)
[1mtests/test_sprint56_active_source_human_approval_intake.py[0m[36m:[0m69[36m:[0m89[36m:[0m [1m[31mE501[0m Line too long (94 > 88)
[1mtests/test_sprint56_active_source_human_approval_intake.py[0m[36m:[0m91[36m:[0m89[36m:[0m [1m[31mE501[0m Line too long (90 > 88)
[1mtests/test_sprint56_active_source_human_approval_intake.py[0m[36m:[0m92[36m:[0m89[36m:[0m [1m[31mE501[0m Line too long (94 > 88)
[1mtests/test_sprint56_active_source_human_approval_intake.py[0m[36m:[0m149[36m:[0m5[36m:[0m [1m[31mF841[0m Local variable `oid` is assigned to but never used
[1mtests/test_sprint57_active_source_creation_execution_dry_run.py[0m[36m:[0m72[36m:[0m89[36m:[0m [1m[31mE501[0m Line too long (92 > 88)
[1mtests/test_sprint57_active_source_creation_execution_dry_run.py[0m[36m:[0m79[36m:[0m89[36m:[0m [1m[31mE501[0m Line too long (89 > 88)
[1mtests/test_sprint57_active_source_creation_execution_dry_run.py[0m[36m:[0m104[36m:[0m89[36m:[0m [1m[31mE501[0m Line too long (92 > 88)
[1mtests/test_sprint57_active_source_creation_execution_dry_run.py[0m[36m:[0m105[36m:[0m89[36m:[0m [1m[31mE501[0m Line too long (94 > 88)
[1mtests/test_sprint58_active_source_creation_execution_readiness_gate.py[0m[36m:[0m25[36m:[0m89[36m:[0m [1m[31mE501[0m Line too long (90 > 88)
[1mtests/test_sprint58_active_source_creation_execution_readiness_gate.py[0m[36m:[0m28[36m:[0m89[36m:[0m [1m[31mE501[0m Line too long (90 > 88)
[1mtests/test_sprint58_active_source_creation_execution_readiness_gate.py[0m[36m:[0m34[36m:[0m89[36m:[0m [1m[31mE501[0m Line too long (90 > 88)
[1mtests/test_sprint58_active_source_creation_execution_readiness_gate.py[0m[36m:[0m97[36m:[0m89[36m:[0m [1m[31mE501[0m Line too long (92 > 88)
[1mtests/test_sprint58_active_source_creation_execution_readiness_gate.py[0m[36m:[0m104[36m:[0m89[36m:[0m [1m[31mE501[0m Line too long (89 > 88)
[1mtests/test_sprint58_active_source_creation_execution_readiness_gate.py[0m[36m:[0m129[36m:[0m89[36m:[0m [1m[31mE501[0m Line too long (92 > 88)
[1mtests/test_sprint58_active_source_creation_execution_readiness_gate.py[0m[36m:[0m130[36m:[0m89[36m:[0m [1m[31mE501[0m Line too long (94 > 88)
[1mtests/test_sprint58_active_source_creation_execution_readiness_gate.py[0m[36m:[0m550[36m:[0m89[36m:[0m [1m[31mE501[0m Line too long (96 > 88)
[1mtests/test_sprint59_active_source_creation_execution_command_package.py[0m[36m:[0m13[36m:[0m89[36m:[0m [1m[31mE501[0m Line too long (91 > 88)
[1mtests/test_sprint59_active_source_creation_execution_command_package.py[0m[36m:[0m16[36m:[0m89[36m:[0m [1m[31mE501[0m Line too long (91 > 88)
[1mtests/test_sprint59_active_source_creation_execution_command_package.py[0m[36m:[0m19[36m:[0m89[36m:[0m [1m[31mE501[0m Line too long (91 > 88)
[1mtests/test_sprint59_active_source_creation_execution_command_package.py[0m[36m:[0m22[36m:[0m89[36m:[0m [1m[31mE501[0m Line too long (91 > 88)
[1mtests/test_sprint59_active_source_creation_execution_command_package.py[0m[36m:[0m35[36m:[0m89[36m:[0m [1m[31mE501[0m Line too long (90 > 88)
[1mtests/test_sprint59_active_source_creation_execution_command_package.py[0m[36m:[0m38[36m:[0m89[36m:[0m [1m[31mE501[0m Line too long (90 > 88)
[1mtests/test_sprint59_active_source_creation_execution_command_package.py[0m[36m:[0m41[36m:[0m89[36m:[0m [1m[31mE501[0m Line too long (90 > 88)
[1mtests/test_sprint59_active_source_creation_execution_command_package.py[0m[36m:[0m44[36m:[0m89[36m:[0m [1m[31mE501[0m Line too long (90 > 88)
[1mtests/test_sprint59_active_source_creation_execution_command_package.py[0m[36m:[0m107[36m:[0m89[36m:[0m [1m[31mE501[0m Line too long (92 > 88)
[1mtests/test_sprint59_active_source_creation_execution_command_package.py[0m[36m:[0m114[36m:[0m89[36m:[0m [1m[31mE501[0m Line too long (89 > 88)
[1mtests/test_sprint59_active_source_creation_execution_command_package.py[0m[36m:[0m117[36m:[0m89[36m:[0m [1m[31mE501[0m Line too long (94 > 88)
[1mtests/test_sprint59_active_source_creation_execution_command_package.py[0m[36m:[0m139[36m:[0m89[36m:[0m [1m[31mE501[0m Line too long (92 > 88)
[1mtests/test_sprint59_active_source_creation_execution_command_package.py[0m[36m:[0m140[36m:[0m89[36m:[0m [1m[31mE501[0m Line too long (94 > 88)
[1mtests/test_sprint59_active_source_creation_execution_command_package.py[0m[36m:[0m625[36m:[0m89[36m:[0m [1m[31mE501[0m Line too long (97 > 88)
[1mtests/test_sprint60_active_source_creation_execution_plan.py[0m[36m:[0m13[36m:[0m89[36m:[0m [1m[31mE501[0m Line too long (91 > 88)
[1mtests/test_sprint60_active_source_creation_execution_plan.py[0m[36m:[0m16[36m:[0m89[36m:[0m [1m[31mE501[0m Line too long (91 > 88)
[1mtests/test_sprint60_active_source_creation_execution_plan.py[0m[36m:[0m19[36m:[0m89[36m:[0m [1m[31mE501[0m Line too long (91 > 88)
[1mtests/test_sprint60_active_source_creation_execution_plan.py[0m[36m:[0m22[36m:[0m89[36m:[0m [1m[31mE501[0m Line too long (91 > 88)
[1mtests/test_sprint60_active_source_creation_execution_plan.py[0m[36m:[0m45[36m:[0m89[36m:[0m [1m[31mE501[0m Line too long (90 > 88)
[1mtests/test_sprint60_active_source_creation_execution_plan.py[0m[36m:[0m48[36m:[0m89[36m:[0m [1m[31mE501[0m Line too long (90 > 88)
[1mtests/test_sprint60_active_source_creation_execution_plan.py[0m[36m:[0m103[36m:[0m89[36m:[0m [1m[31mE501[0m Line too long (92 > 88)
[1mtests/test_sprint60_active_source_creation_execution_plan.py[0m[36m:[0m110[36m:[0m89[36m:[0m [1m[31mE501[0m Line too long (89 > 88)
[1mtests/test_sprint60_active_source_creation_execution_plan.py[0m[36m:[0m113[36m:[0m89[36m:[0m [1m[31mE501[0m Line too long (94 > 88)
[1mtests/test_sprint60_active_source_creation_execution_plan.py[0m[36m:[0m135[36m:[0m89[36m:[0m [1m[31mE501[0m Line too long (92 > 88)
[1mtests/test_sprint60_active_source_creation_execution_plan.py[0m[36m:[0m136[36m:[0m89[36m:[0m [1m[31mE501[0m Line too long (94 > 88)
[1mtests/test_sprint61_active_source_creation_execution_evidence_packet.py[0m[36m:[0m13[36m:[0m89[36m:[0m [1m[31mE501[0m Line too long (91 > 88)
[1mtests/test_sprint61_active_source_creation_execution_evidence_packet.py[0m[36m:[0m34[36m:[0m89[36m:[0m [1m[31mE501[0m Line too long (90 > 88)
[1mtests/test_sprint61_active_source_creation_execution_evidence_packet.py[0m[36m:[0m78[36m:[0m89[36m:[0m [1m[31mE501[0m Line too long (92 > 88)
[1mtests/test_sprint61_active_source_creation_execution_evidence_packet.py[0m[36m:[0m85[36m:[0m89[36m:[0m [1m[31mE501[0m Line too long (89 > 88)
[1mtests/test_sprint61_active_source_creation_execution_evidence_packet.py[0m[36m:[0m110[36m:[0m89[36m:[0m [1m[31mE501[0m Line too long (92 > 88)
[1mtests/test_sprint61_active_source_creation_execution_evidence_packet.py[0m[36m:[0m111[36m:[0m89[36m:[0m [1m[31mE501[0m Line too long (94 > 88)
[1mtests/test_sprint67_active_source_activation_operator_decision_review.py[0m[36m:[0m1[36m:[0m89[36m:[0m [1m[31mE501[0m Line too long (92 > 88)
[1mtests/test_sprint67_active_source_activation_operator_decision_review.py[0m[36m:[0m16[36m:[0m89[36m:[0m [1m[31mE501[0m Line too long (92 > 88)
[1mtests/test_sprint68_active_source_activation_authorization_readiness_packet.py[0m[36m:[0m1[36m:[0m89[36m:[0m [1m[31mE501[0m Line too long (97 > 88)
[1mtests/test_sprint68_active_source_activation_authorization_readiness_packet.py[0m[36m:[0m10[36m:[0m89[36m:[0m [1m[31mE501[0m Line too long (98 > 88)
[1mtests/test_sprint68_active_source_activation_authorization_readiness_packet.py[0m[36m:[0m19[36m:[0m89[36m:[0m [1m[31mE501[0m Line too long (92 > 88)
[1mtests/test_sprint68_active_source_activation_authorization_readiness_packet.py[0m[36m:[0m175[36m:[0m89[36m:[0m [1m[31mE501[0m Line too long (89 > 88)
[1mtests/test_sprint69_active_source_activation_human_authorization_request_packet.py[0m[36m:[0m1[36m:[0m89[36m:[0m [1m[31mE501[0m Line too long (100 > 88)
[1mtests/test_sprint69_active_source_activation_human_authorization_request_packet.py[0m[36m:[0m10[36m:[0m89[36m:[0m [1m[31mE501[0m Line too long (98 > 88)
[1mtests/test_sprint69_active_source_activation_human_authorization_request_packet.py[0m[36m:[0m16[36m:[0m89[36m:[0m [1m[31mE501[0m Line too long (102 > 88)
[1mtests/test_sprint69_active_source_activation_human_authorization_request_packet.py[0m[36m:[0m22[36m:[0m89[36m:[0m [1m[31mE501[0m Line too long (92 > 88)
[1mtests/test_sprint69_active_source_activation_human_authorization_request_packet.py[0m[36m:[0m185[36m:[0m89[36m:[0m [1m[31mE501[0m Line too long (99 > 88)
[1mtests/test_sprint70_active_source_activation_human_authorization_decision_packet.py[0m[36m:[0m1[36m:[0m89[36m:[0m [1m[31mE501[0m Line too long (114 > 88)
[1mtests/test_sprint70_active_source_activation_human_authorization_decision_packet.py[0m[36m:[0m10[36m:[0m89[36m:[0m [1m[31mE501[0m Line too long (98 > 88)
[1mtests/test_sprint70_active_source_activation_human_authorization_decision_packet.py[0m[36m:[0m16[36m:[0m89[36m:[0m [1m[31mE501[0m Line too long (103 > 88)
[1mtests/test_sprint70_active_source_activation_human_authorization_decision_packet.py[0m[36m:[0m24[36m:[0m89[36m:[0m [1m[31mE501[0m Line too long (102 > 88)
[1mtests/test_sprint70_active_source_activation_human_authorization_decision_packet.py[0m[36m:[0m29[36m:[0m89[36m:[0m [1m[31mE501[0m Line too long (92 > 88)
[1mtests/test_sprint71_active_source_activation_execution_plan_review_packet.py[0m[36m:[0m1[36m:[0m89[36m:[0m [1m[31mE501[0m Line too long (110 > 88)
[1mtests/test_sprint71_active_source_activation_execution_plan_review_packet.py[0m[36m:[0m10[36m:[0m89[36m:[0m [1m[31mE501[0m Line too long (98 > 88)
[1mtests/test_sprint71_active_source_activation_execution_plan_review_packet.py[0m[36m:[0m16[36m:[0m89[36m:[0m [1m[31mE501[0m Line too long (96 > 88)
[1mtests/test_sprint71_active_source_activation_execution_plan_review_packet.py[0m[36m:[0m22[36m:[0m89[36m:[0m [1m[31mE501[0m Line too long (103 > 88)
[1mtests/test_sprint71_active_source_activation_execution_plan_review_packet.py[0m[36m:[0m27[36m:[0m89[36m:[0m [1m[31mE501[0m Line too long (102 > 88)
[1mtests/test_sprint71_active_source_activation_execution_plan_review_packet.py[0m[36m:[0m31[36m:[0m89[36m:[0m [1m[31mE501[0m Line too long (92 > 88)
[1mtests/test_sprint71_active_source_activation_execution_plan_review_packet.py[0m[36m:[0m173[36m:[0m89[36m:[0m [1m[31mE501[0m Line too long (90 > 88)
[1mtests/test_sprint71_active_source_activation_execution_plan_review_packet.py[0m[36m:[0m226[36m:[0m89[36m:[0m [1m[31mE501[0m Line too long (98 > 88)
[1mtests/test_sprint72_active_source_activation_execution_plan_authoring_authorization_request_packet.py[0m[36m:[0m1[36m:[0m89[36m:[0m [1m[31mE501[0m Line too long (117 > 88)
[1mtests/test_sprint72_active_source_activation_execution_plan_authoring_authorization_request_packet.py[0m[36m:[0m10[36m:[0m89[36m:[0m [1m[31mE501[0m Line too long (98 > 88)
[1mtests/test_sprint72_active_source_activation_execution_plan_authoring_authorization_request_packet.py[0m[36m:[0m16[36m:[0m89[36m:[0m [1m[31mE501[0m Line too long (121 > 88)
[1mtests/test_sprint72_active_source_activation_execution_plan_authoring_authorization_request_packet.py[0m[36m:[0m23[36m:[0m89[36m:[0m [1m[31mE501[0m Line too long (96 > 88)
[1mtests/test_sprint72_active_source_activation_execution_plan_authoring_authorization_request_packet.py[0m[36m:[0m26[36m:[0m89[36m:[0m [1m[31mE501[0m Line too long (96 > 88)
[1mtests/test_sprint72_active_source_activation_execution_plan_authoring_authorization_request_packet.py[0m[36m:[0m31[36m:[0m89[36m:[0m [1m[31mE501[0m Line too long (103 > 88)
[1mtests/test_sprint72_active_source_activation_execution_plan_authoring_authorization_request_packet.py[0m[36m:[0m35[36m:[0m89[36m:[0m [1m[31mE501[0m Line too long (102 > 88)
[1mtests/test_sprint72_active_source_activation_execution_plan_authoring_authorization_request_packet.py[0m[36m:[0m39[36m:[0m89[36m:[0m [1m[31mE501[0m Line too long (92 > 88)
[1mtests/test_sprint72_active_source_activation_execution_plan_authoring_authorization_request_packet.py[0m[36m:[0m55[36m:[0m89[36m:[0m [1m[31mE501[0m Line too long (97 > 88)
[1mtests/test_sprint72_active_source_activation_execution_plan_authoring_authorization_request_packet.py[0m[36m:[0m161[36m:[0m89[36m:[0m [1m[31mE501[0m Line too long (95 > 88)
[1mtests/test_sprint72_active_source_activation_execution_plan_authoring_authorization_request_packet.py[0m[36m:[0m179[36m:[0m89[36m:[0m [1m[31mE501[0m Line too long (93 > 88)
[1mtests/test_sprint72_active_source_activation_execution_plan_authoring_authorization_request_packet.py[0m[36m:[0m182[36m:[0m89[36m:[0m [1m[31mE501[0m Line too long (93 > 88)
[1mtests/test_sprint72_active_source_activation_execution_plan_authoring_authorization_request_packet.py[0m[36m:[0m189[36m:[0m89[36m:[0m [1m[31mE501[0m Line too long (95 > 88)
[1mtests/test_sprint72_active_source_activation_execution_plan_authoring_authorization_request_packet.py[0m[36m:[0m207[36m:[0m89[36m:[0m [1m[31mE501[0m Line too long (101 > 88)
[1mtests/test_sprint72_active_source_activation_execution_plan_authoring_authorization_request_packet.py[0m[36m:[0m221[36m:[0m89[36m:[0m [1m[31mE501[0m Line too long (103 > 88)
[1mtests/test_sprint72_active_source_activation_execution_plan_authoring_authorization_request_packet.py[0m[36m:[0m260[36m:[0m89[36m:[0m [1m[31mE501[0m Line too long (95 > 88)
[1mtests/test_sprint72_active_source_activation_execution_plan_authoring_authorization_request_packet.py[0m[36m:[0m272[36m:[0m89[36m:[0m [1m[31mE501[0m Line too long (95 > 88)
[1mtests/test_sprint72_active_source_activation_execution_plan_authoring_authorization_request_packet.py[0m[36m:[0m285[36m:[0m89[36m:[0m [1m[31mE501[0m Line too long (95 > 88)
[1mtests/test_sprint72_active_source_activation_execution_plan_authoring_authorization_request_packet.py[0m[36m:[0m297[36m:[0m89[36m:[0m [1m[31mE501[0m Line too long (95 > 88)
[1mtests/test_sprint72_active_source_activation_execution_plan_authoring_authorization_request_packet.py[0m[36m:[0m309[36m:[0m89[36m:[0m [1m[31mE501[0m Line too long (95 > 88)
[1mtests/test_sprint72_active_source_activation_execution_plan_authoring_authorization_request_packet.py[0m[36m:[0m325[36m:[0m89[36m:[0m [1m[31mE501[0m Line too long (95 > 88)
[1mtests/test_sprint72_active_source_activation_execution_plan_authoring_authorization_request_packet.py[0m[36m:[0m337[36m:[0m89[36m:[0m [1m[31mE501[0m Line too long (95 > 88)
[1mtests/test_sprint72_active_source_activation_execution_plan_authoring_authorization_request_packet.py[0m[36m:[0m353[36m:[0m89[36m:[0m [1m[31mE501[0m Line too long (95 > 88)
[1mtests/test_sprint72_active_source_activation_execution_plan_authoring_authorization_request_packet.py[0m[36m:[0m365[36m:[0m89[36m:[0m [1m[31mE501[0m Line too long (95 > 88)
[1mtests/test_sprint72_active_source_activation_execution_plan_authoring_authorization_request_packet.py[0m[36m:[0m377[36m:[0m89[36m:[0m [1m[31mE501[0m Line too long (95 > 88)
[1mtests/test_sprint72_active_source_activation_execution_plan_authoring_authorization_request_packet.py[0m[36m:[0m386[36m:[0m89[36m:[0m [1m[31mE501[0m Line too long (89 > 88)
[1mtests/test_sprint72_active_source_activation_execution_plan_authoring_authorization_request_packet.py[0m[36m:[0m391[36m:[0m89[36m:[0m [1m[31mE501[0m Line too long (95 > 88)
[1mtests/test_sprint72_active_source_activation_execution_plan_authoring_authorization_request_packet.py[0m[36m:[0m404[36m:[0m89[36m:[0m [1m[31mE501[0m Line too long (95 > 88)
[1mtests/test_sprint72_active_source_activation_execution_plan_authoring_authorization_request_packet.py[0m[36m:[0m416[36m:[0m89[36m:[0m [1m[31mE501[0m Line too long (95 > 88)
[1mtests/test_sprint72_active_source_activation_execution_plan_authoring_authorization_request_packet.py[0m[36m:[0m431[36m:[0m89[36m:[0m [1m[31mE501[0m Line too long (95 > 88)
[1mtests/test_sprint72_active_source_activation_execution_plan_authoring_authorization_request_packet.py[0m[36m:[0m448[36m:[0m89[36m:[0m [1m[31mE501[0m Line too long (95 > 88)
[1mtests/test_sprint72_active_source_activation_execution_plan_authoring_authorization_request_packet.py[0m[36m:[0m463[36m:[0m89[36m:[0m [1m[31mE501[0m Line too long (95 > 88)
[1mtests/test_sprint72_active_source_activation_execution_plan_authoring_authorization_request_packet.py[0m[36m:[0m480[36m:[0m89[36m:[0m [1m[31mE501[0m Line too long (95 > 88)
[1mtests/test_sprint72_active_source_activation_execution_plan_authoring_authorization_request_packet.py[0m[36m:[0m493[36m:[0m89[36m:[0m [1m[31mE501[0m Line too long (95 > 88)
[1mtests/test_sprint72_active_source_activation_execution_plan_authoring_authorization_request_packet.py[0m[36m:[0m494[36m:[0m89[36m:[0m [1m[31mE501[0m Line too long (95 > 88)
[1mtests/test_sprint72_active_source_activation_execution_plan_authoring_authorization_request_packet.py[0m[36m:[0m504[36m:[0m89[36m:[0m [1m[31mE501[0m Line too long (99 > 88)
[1mtests/test_sprint72_active_source_activation_execution_plan_authoring_authorization_request_packet.py[0m[36m:[0m507[36m:[0m89[36m:[0m [1m[31mE501[0m Line too long (97 > 88)
[1mtests/test_sprint72_active_source_activation_execution_plan_authoring_authorization_request_packet.py[0m[36m:[0m517[36m:[0m89[36m:[0m [1m[31mE501[0m Line too long (99 > 88)
[1mtests/test_sprint72_active_source_activation_execution_plan_authoring_authorization_request_packet.py[0m[36m:[0m520[36m:[0m89[36m:[0m [1m[31mE501[0m Line too long (97 > 88)
[1mtests/test_sprint72_active_source_activation_execution_plan_authoring_authorization_request_packet.py[0m[36m:[0m539[36m:[0m89[36m:[0m [1m[31mE501[0m Line too long (95 > 88)
[1mtests/test_sprint72_active_source_activation_execution_plan_authoring_authorization_request_packet.py[0m[36m:[0m555[36m:[0m89[36m:[0m [1m[31mE501[0m Line too long (97 > 88)
[1mtests/test_sprint72_active_source_activation_execution_plan_authoring_authorization_request_packet.py[0m[36m:[0m561[36m:[0m89[36m:[0m [1m[31mE501[0m Line too long (95 > 88)
[1mtests/test_sprint72_active_source_activation_execution_plan_authoring_authorization_request_packet.py[0m[36m:[0m589[36m:[0m89[36m:[0m [1m[31mE501[0m Line too long (95 > 88)
[1mtests/test_sprint72_active_source_activation_execution_plan_authoring_authorization_request_packet.py[0m[36m:[0m617[36m:[0m89[36m:[0m [1m[31mE501[0m Line too long (95 > 88)
[1mtests/test_sprint72_active_source_activation_execution_plan_authoring_authorization_request_packet.py[0m[36m:[0m640[36m:[0m89[36m:[0m [1m[31mE501[0m Line too long (95 > 88)
[1mtests/test_sprint73_active_source_activation_execution_plan_authoring_authorization_decision_packet.py[0m[36m:[0m1[36m:[0m89[36m:[0m [1m[31mE501[0m Line too long (118 > 88)
[1mtests/test_sprint73_active_source_activation_execution_plan_authoring_authorization_decision_packet.py[0m[36m:[0m10[36m:[0m89[36m:[0m [1m[31mE501[0m Line too long (98 > 88)
[1mtests/test_sprint73_active_source_activation_execution_plan_authoring_authorization_decision_packet.py[0m[36m:[0m16[36m:[0m89[36m:[0m [1m[31mE501[0m Line too long (122 > 88)
[1mtests/test_sprint73_active_source_activation_execution_plan_authoring_authorization_decision_packet.py[0m[36m:[0m23[36m:[0m89[36m:[0m [1m[31mE501[0m Line too long (121 > 88)
[1mtests/test_sprint73_active_source_activation_execution_plan_authoring_authorization_decision_packet.py[0m[36m:[0m26[36m:[0m89[36m:[0m [1m[31mE501[0m Line too long (121 > 88)
[1mtests/test_sprint73_active_source_activation_execution_plan_authoring_authorization_decision_packet.py[0m[36m:[0m31[36m:[0m89[36m:[0m [1m[31mE501[0m Line too long (96 > 88)
[1mtests/test_sprint73_active_source_activation_execution_plan_authoring_authorization_decision_packet.py[0m[36m:[0m35[36m:[0m89[36m:[0m [1m[31mE501[0m Line too long (103 > 88)
[1mtests/test_sprint73_active_source_activation_execution_plan_authoring_authorization_decision_packet.py[0m[36m:[0m39[36m:[0m89[36m:[0m [1m[31mE501[0m Line too long (102 > 88)
[1mtests/test_sprint73_active_source_activation_execution_plan_authoring_authorization_decision_packet.py[0m[36m:[0m43[36m:[0m89[36m:[0m [1m[31mE501[0m Line too long (92 > 88)
[1mtests/test_sprint73_active_source_activation_execution_plan_authoring_authorization_decision_packet.py[0m[36m:[0m59[36m:[0m89[36m:[0m [1m[31mE501[0m Line too long (98 > 88)
[1mtests/test_sprint73_active_source_activation_execution_plan_authoring_authorization_decision_packet.py[0m[36m:[0m152[36m:[0m89[36m:[0m [1m[31mE501[0m Line too long (96 > 88)
[1mtests/test_sprint73_active_source_activation_execution_plan_authoring_authorization_decision_packet.py[0m[36m:[0m171[36m:[0m89[36m:[0m [1m[31mE501[0m Line too long (96 > 88)
[1mtests/test_sprint73_active_source_activation_execution_plan_authoring_authorization_decision_packet.py[0m[36m:[0m187[36m:[0m89[36m:[0m [1m[31mE501[0m Line too long (94 > 88)
[1mtests/test_sprint73_active_source_activation_execution_plan_authoring_authorization_decision_packet.py[0m[36m:[0m190[36m:[0m89[36m:[0m [1m[31mE501[0m Line too long (94 > 88)
[1mtests/test_sprint73_active_source_activation_execution_plan_authoring_authorization_decision_packet.py[0m[36m:[0m197[36m:[0m89[36m:[0m [1m[31mE501[0m Line too long (96 > 88)
[1mtests/test_sprint73_active_source_activation_execution_plan_authoring_authorization_decision_packet.py[0m[36m:[0m216[36m:[0m89[36m:[0m [1m[31mE501[0m Line too long (96 > 88)
[1mtests/test_sprint73_active_source_activation_execution_plan_authoring_authorization_decision_packet.py[0m[36m:[0m250[36m:[0m89[36m:[0m [1m[31mE501[0m Line too long (96 > 88)
[1mtests/test_sprint73_active_source_activation_execution_plan_authoring_authorization_decision_packet.py[0m[36m:[0m264[36m:[0m89[36m:[0m [1m[31mE501[0m Line too long (96 > 88)
[1mtests/test_sprint73_active_source_activation_execution_plan_authoring_authorization_decision_packet.py[0m[36m:[0m278[36m:[0m89[36m:[0m [1m[31mE501[0m Line too long (96 > 88)
[1mtests/test_sprint73_active_source_activation_execution_plan_authoring_authorization_decision_packet.py[0m[36m:[0m290[36m:[0m89[36m:[0m [1m[31mE501[0m Line too long (96 > 88)
[1mtests/test_sprint73_active_source_activation_execution_plan_authoring_authorization_decision_packet.py[0m[36m:[0m306[36m:[0m89[36m:[0m [1m[31mE501[0m Line too long (96 > 88)
[1mtests/test_sprint73_active_source_activation_execution_plan_authoring_authorization_decision_packet.py[0m[36m:[0m318[36m:[0m89[36m:[0m [1m[31mE501[0m Line too long (96 > 88)
[1mtests/test_sprint73_active_source_activation_execution_plan_authoring_authorization_decision_packet.py[0m[36m:[0m334[36m:[0m89[36m:[0m [1m[31mE501[0m Line too long (96 > 88)
[1mtests/test_sprint73_active_source_activation_execution_plan_authoring_authorization_decision_packet.py[0m[36m:[0m346[36m:[0m89[36m:[0m [1m[31mE501[0m Line too long (96 > 88)
[1mtests/test_sprint73_active_source_activation_execution_plan_authoring_authorization_decision_packet.py[0m[36m:[0m358[36m:[0m89[36m:[0m [1m[31mE501[0m Line too long (96 > 88)
[1mtests/test_sprint73_active_source_activation_execution_plan_authoring_authorization_decision_packet.py[0m[36m:[0m373[36m:[0m89[36m:[0m [1m[31mE501[0m Line too long (96 > 88)
[1mtests/test_sprint73_active_source_activation_execution_plan_authoring_authorization_decision_packet.py[0m[36m:[0m385[36m:[0m89[36m:[0m [1m[31mE501[0m Line too long (96 > 88)
[1mtests/test_sprint73_active_source_activation_execution_plan_authoring_authorization_decision_packet.py[0m[36m:[0m400[36m:[0m89[36m:[0m [1m[31mE501[0m Line too long (96 > 88)
[1mtests/test_sprint73_active_source_activation_execution_plan_authoring_authorization_decision_packet.py[0m[36m:[0m417[36m:[0m89[36m:[0m [1m[31mE501[0m Line too long (96 > 88)
[1mtests/test_sprint73_active_source_activation_execution_plan_authoring_authorization_decision_packet.py[0m[36m:[0m432[36m:[0m89[36m:[0m [1m[31mE501[0m Line too long (96 > 88)
[1mtests/test_sprint73_active_source_activation_execution_plan_authoring_authorization_decision_packet.py[0m[36m:[0m449[36m:[0m89[36m:[0m [1m[31mE501[0m Line too long (96 > 88)
[1mtests/test_sprint73_active_source_activation_execution_plan_authoring_authorization_decision_packet.py[0m[36m:[0m466[36m:[0m89[36m:[0m [1m[31mE501[0m Line too long (102 > 88)
[1mtests/test_sprint73_active_source_activation_execution_plan_authoring_authorization_decision_packet.py[0m[36m:[0m467[36m:[0m89[36m:[0m [1m[31mE501[0m Line too long (96 > 88)
[1mtests/test_sprint73_active_source_activation_execution_plan_authoring_authorization_decision_packet.py[0m[36m:[0m481[36m:[0m89[36m:[0m [1m[31mE501[0m Line too long (96 > 88)
[1mtests/test_sprint73_active_source_activation_execution_plan_authoring_authorization_decision_packet.py[0m[36m:[0m495[36m:[0m89[36m:[0m [1m[31mE501[0m Line too long (96 > 88)
[1mtests/test_sprint73_active_source_activation_execution_plan_authoring_authorization_decision_packet.py[0m[36m:[0m509[36m:[0m89[36m:[0m [1m[31mE501[0m Line too long (96 > 88)
[1mtests/test_sprint73_active_source_activation_execution_plan_authoring_authorization_decision_packet.py[0m[36m:[0m523[36m:[0m89[36m:[0m [1m[31mE501[0m Line too long (96 > 88)
[1mtests/test_sprint73_active_source_activation_execution_plan_authoring_authorization_decision_packet.py[0m[36m:[0m533[36m:[0m89[36m:[0m [1m[31mE501[0m Line too long (100 > 88)
[1mtests/test_sprint73_active_source_activation_execution_plan_authoring_authorization_decision_packet.py[0m[36m:[0m536[36m:[0m89[36m:[0m [1m[31mE501[0m Line too long (98 > 88)
[1mtests/test_sprint73_active_source_activation_execution_plan_authoring_authorization_decision_packet.py[0m[36m:[0m546[36m:[0m89[36m:[0m [1m[31mE501[0m Line too long (100 > 88)
[1mtests/test_sprint73_active_source_activation_execution_plan_authoring_authorization_decision_packet.py[0m[36m:[0m549[36m:[0m89[36m:[0m [1m[31mE501[0m Line too long (98 > 88)
[1mtests/test_sprint73_active_source_activation_execution_plan_authoring_authorization_decision_packet.py[0m[36m:[0m568[36m:[0m89[36m:[0m [1m[31mE501[0m Line too long (96 > 88)
[1mtests/test_sprint73_active_source_activation_execution_plan_authoring_authorization_decision_packet.py[0m[36m:[0m586[36m:[0m89[36m:[0m [1m[31mE501[0m Line too long (98 > 88)
[1mtests/test_sprint73_active_source_activation_execution_plan_authoring_authorization_decision_packet.py[0m[36m:[0m592[36m:[0m89[36m:[0m [1m[31mE501[0m Line too long (96 > 88)
[1mtests/test_sprint73_active_source_activation_execution_plan_authoring_authorization_decision_packet.py[0m[36m:[0m620[36m:[0m89[36m:[0m [1m[31mE501[0m Line too long (96 > 88)
[1mtests/test_sprint73_active_source_activation_execution_plan_authoring_authorization_decision_packet.py[0m[36m:[0m641[36m:[0m89[36m:[0m [1m[31mE501[0m Line too long (96 > 88)
[1mtests/test_sprint73_active_source_activation_execution_plan_authoring_authorization_decision_packet.py[0m[36m:[0m664[36m:[0m89[36m:[0m [1m[31mE501[0m Line too long (95 > 88)
[1mtests/test_sprint73_active_source_activation_execution_plan_authoring_authorization_decision_packet.py[0m[36m:[0m671[36m:[0m89[36m:[0m [1m[31mE501[0m Line too long (96 > 88)
[1mtests/test_sprint73_active_source_activation_execution_plan_authoring_authorization_decision_packet.py[0m[36m:[0m683[36m:[0m89[36m:[0m [1m[31mE501[0m Line too long (97 > 88)
[1mtests/test_sprint73_active_source_activation_execution_plan_authoring_authorization_decision_packet.py[0m[36m:[0m690[36m:[0m89[36m:[0m [1m[31mE501[0m Line too long (96 > 88)
[1mtests/test_sprint74_active_source_activation_execution_plan_authoring_review_packet.py[0m[36m:[0m1[36m:[0m89[36m:[0m [1m[31mE501[0m Line too long (103 > 88)
[1mtests/test_sprint74_active_source_activation_execution_plan_authoring_review_packet.py[0m[36m:[0m10[36m:[0m89[36m:[0m [1m[31mE501[0m Line too long (98 > 88)
[1mtests/test_sprint74_active_source_activation_execution_plan_authoring_review_packet.py[0m[36m:[0m16[36m:[0m89[36m:[0m [1m[31mE501[0m Line too long (122 > 88)
[1mtests/test_sprint74_active_source_activation_execution_plan_authoring_review_packet.py[0m[36m:[0m19[36m:[0m89[36m:[0m [1m[31mE501[0m Line too long (122 > 88)
[1mtests/test_sprint74_active_source_activation_execution_plan_authoring_review_packet.py[0m[36m:[0m24[36m:[0m89[36m:[0m [1m[31mE501[0m Line too long (121 > 88)
[1mtests/test_sprint74_active_source_activation_execution_plan_authoring_review_packet.py[0m[36m:[0m28[36m:[0m89[36m:[0m [1m[31mE501[0m Line too long (106 > 88)
[1mtests/test_sprint74_active_source_activation_execution_plan_authoring_review_packet.py[0m[36m:[0m35[36m:[0m89[36m:[0m [1m[31mE501[0m Line too long (96 > 88)
[1mtests/test_sprint74_active_source_activation_execution_plan_authoring_review_packet.py[0m[36m:[0m38[36m:[0m89[36m:[0m [1m[31mE501[0m Line too long (103 > 88)
[1mtests/test_sprint74_active_source_activation_execution_plan_authoring_review_packet.py[0m[36m:[0m42[36m:[0m89[36m:[0m [1m[31mE501[0m Line too long (102 > 88)
[1mtests/test_sprint74_active_source_activation_execution_plan_authoring_review_packet.py[0m[36m:[0m46[36m:[0m89[36m:[0m [1m[31mE501[0m Line too long (92 > 88)
[1mtests/test_sprint74_active_source_activation_execution_plan_authoring_review_packet.py[0m[36m:[0m155[36m:[0m89[36m:[0m [1m[31mE501[0m Line too long (96 > 88)
[1mtests/test_sprint74_active_source_activation_execution_plan_authoring_review_packet.py[0m[36m:[0m161[36m:[0m89[36m:[0m [1m[31mE501[0m Line too long (97 > 88)
[1mtests/test_sprint74_active_source_activation_execution_plan_authoring_review_packet.py[0m[36m:[0m298[36m:[0m89[36m:[0m [1m[31mE501[0m Line too long (89 > 88)
[1mtests/test_sprint74_active_source_activation_execution_plan_authoring_review_packet.py[0m[36m:[0m440[36m:[0m89[36m:[0m [1m[31mE501[0m Line too long (108 > 88)
[1mtests/test_sprint74_active_source_activation_execution_plan_authoring_review_packet.py[0m[36m:[0m454[36m:[0m89[36m:[0m [1m[31mE501[0m Line too long (108 > 88)
[1mtests/test_sprint74_active_source_activation_execution_plan_authoring_review_packet.py[0m[36m:[0m468[36m:[0m89[36m:[0m [1m[31mE501[0m Line too long (107 > 88)
[1mtests/test_sprint74_active_source_activation_execution_plan_authoring_review_packet.py[0m[36m:[0m482[36m:[0m89[36m:[0m [1m[31mE501[0m Line too long (104 > 88)
[1mtests/test_sprint74_active_source_activation_execution_plan_authoring_review_packet.py[0m[36m:[0m496[36m:[0m89[36m:[0m [1m[31mE501[0m Line too long (93 > 88)
[1mtests/test_sprint74_active_source_activation_execution_plan_authoring_review_packet.py[0m[36m:[0m510[36m:[0m89[36m:[0m [1m[31mE501[0m Line too long (94 > 88)
[1mtests/test_sprint74_active_source_activation_execution_plan_authoring_review_packet.py[0m[36m:[0m763[36m:[0m89[36m:[0m [1m[31mE501[0m Line too long (95 > 88)
[1mtests/test_sprint74_active_source_activation_execution_plan_authoring_review_packet.py[0m[36m:[0m770[36m:[0m89[36m:[0m [1m[31mE501[0m Line too long (96 > 88)
Found 703 errors.
[[36m*[0m] 3 fixable with the `--fix` option (3 hidden fixes can be enabled with the `--unsafe-fixes` option).
