source_id,source_name,source_type,agency_or_org,subagency,jurisdiction,federal_or_state_or_private,state_if_applicable,url,monitoring_method,scraper_difficulty,robots_or_terms_risk,native_relevance,eligibility_classes,federal_recognition_required,state_recognition_supported,software_cost_allowability,program_examples,deadline_pattern,update_frequency,data_format,has_api,has_rss_or_email,requires_login,notes,priority_tier,registry_status,monitoring_status,terms_status,state_scope_status,eligibility_status,allowability_status,activation_blocked_reasons
24-CFR-1003-206-ICDBG-PROGRA-43357E,24 CFR 1003.206 ICDBG Program Administration Costs,regulation,GSA/OFR (eCFR),HUD PIH ch. IX,national,federal,,https://www.ecfr.gov/current/title-24/part-1003/section-1003.206,static HTML page monitor,low,TERMS_REVIEW_REQUIRED,high,federally-recognized-tribe;tribal-government;tribal-organization,n/a,n/a,clearly-allowable,ICDBG admin/planning/data-systems,n/a - regulation,rare (no changes since 2017-01-03),HTML (eCFR API available),yes (eCFR developer API),yes (eCFR email subscribe per section),no,"THE citation for software allowability: (a)(1)(iii) ""Developing systems for assuring compliance""; (a)(4) ""purchase of equipment""; (c) indirect via 2 CFR 200 E; (d) funds may prepare applications for OTHER federal programs. 20% cap w/ 1003.205 [research lane: USDA/HUD/Commerce]",Tier 1,seed_imported,not_started,TERMS_REVIEW_REQUIRED,federal_all_customers,NOT_DETERMINED_BY_REGISTRY,NOT_DETERMINED_BY_REGISTRY,robots_or_terms_risk:TERMS_REVIEW_REQUIRED;monitoring_not_started
NAT-ATC,Access to Capital Clearinghouse,Native_funding_aggregator,WHCNAA,Indian Affairs,United States,federal,,https://www.bia.gov/atc,search endpoint monitor,high,TERMS_REVIEW_REQUIRED,Very high,Tribal governments; tribal orgs; Native businesses; individuals; record controls,Varies,Varies,Varies,Federal grants loans tax credits,Rolling,Frequent,JavaScript/HTML,UNKNOWN,UNKNOWN,No,Reconcile to issuing source [research lane: seed-v1],Tier 1,seed_imported,not_started,TERMS_REVIEW_REQUIRED,federal_all_customers,NOT_DETERMINED_BY_REGISTRY,NOT_DETERMINED_BY_REGISTRY,robots_or_terms_risk:TERMS_REVIEW_REQUIRED;monitoring_not_started
HHS-ANA,ANA Funding Opportunities,agency_grant_page,HHS,Administration for Children and Families/ANA,United States,federal,,https://www.acf.hhs.gov/ana/grants/funding-opportunities,static HTML page monitor,low,OK,Very high,Tribes; tribal orgs; Native nonprofits; Native-serving/consortia may vary,Varies,Varies,Sometimes allowable depending on NOFO/budget category,SEDS; language; environmental regulatory enhancement,Recurring,Weekly,HTML/PDF,No,Yes,No,[research lane: seed-v1],Tier 1,seed_imported,not_started,NO_REVIEW_REQUIRED,federal_all_customers,NOT_DETERMINED_BY_REGISTRY,NOT_DETERMINED_BY_REGISTRY,monitoring_not_started
BIA-INDIAN-AFFAIRS-NEWS-8D3977,BIA / Indian Affairs news,html_list,DOI,Bureau of Indian Affairs,federal,federal,,https://www.bia.gov/news,static HTML page monitor,low,OK,very_high,n/a (announcement channel),n/a,n/a,n/a,Tribal Tourism Cooperative Agreement (announced ONLY as a press release),rolling,weekly,HTML,no,no,no,"NO dedicated grants/funding page exists - bia.gov/ and /programs-services both fetched in full and neither contains a Grants or Funding link; server-rendered Drupal 10; /news already surfaces live solicitations as press releases; sitemap at /sitemap.xml; program pages likely carrying funding: /bia/ots/tribal-climate-resilience-program, /as-ia/ieed/division-economic-development, /bia/ois/dsd, /bia/ois/dwd, /bia/ots/demd [research lane: API/monitoring layer; DOI/HHS + SC + philanthropy]",Tier 1,seed_imported,not_started,NO_REVIEW_REQUIRED,federal_all_customers,NOT_DETERMINED_BY_REGISTRY,NOT_DETERMINED_BY_REGISTRY,monitoring_not_started
BIA-ACCESS-TO-CAPITAL-CLEARI-B5C49A,BIA Access to Capital Clearinghouse,aggregator,DOI (referenced by EPA),Bureau of Indian Affairs,national,federal,,https://www.bia.gov/atc/search,search endpoint monitor,high,TERMS_REVIEW_REQUIRED,native-exclusive,"federally-recognized-tribe, tribal-government, tribal-organization, native-owned-business, native-nonprofit, native-individual",UNKNOWN (varies by listed opportunity),UNKNOWN,UNKNOWN (varies),"cross-agency grants, loans, cost sharing, tax credits, vouchers",rolling; sorted by date_added,continuous,HTML (query-param search; sortBy/sortGrantsFirst params observed),UNKNOWN,UNKNOWN,UNKNOWN,"EPA RETIRED its Tribal Waste Management Funding Directory and now redirects users here (verified on epa.gov/tribal-lands/tribal-waste-management-funding, 2026-05-08). Native-scoped and multi-instrument, unlike Grants.gov. Direct competitor/complement to NativeForge — monitor even though DOI-owned. Not fetched this pass; all field values from EPA's description. Assign to the DOI research workstream for verification. [research lane: DOE/EPA/DOT]",Tier 1,seed_imported,not_started,TERMS_REVIEW_REQUIRED,federal_all_customers,NOT_DETERMINED_BY_REGISTRY,NOT_DETERMINED_BY_REGISTRY,robots_or_terms_risk:TERMS_REVIEW_REQUIRED;monitoring_not_started
BIA-BRANCH-OF-TRIBAL-COMMUNI-3E3D51,BIA Branch of Tribal Community Resilience,agency landing page,DOI,Bureau of Indian Affairs / OTS-DESCRM,federal,federal,,https://www.bia.gov/bia/ots/descrm/tcr,static HTML page monitor,low,OK,native-exclusive,"federally-recognized-tribe, tribal-government, tribal-organization",yes,appears excluded,likely-allowable,"TCR Annual Awards Program, Voluntary Community-Driven Relocation, TCR Tribal Youth Programs",annual competitive,quarterly,HTML,no,no,no,"RENAMED from Tribal Climate Resilience; old path /bia/ots/tribal-climate-resilience-program 301s here. Verified: since 2011 TCR funded over 280 tribal adaptation plans, vulnerability assessments and risk assessments, 900+ awards totalling more than $119 million - planning and assessment is the core purpose, not an incidental cost. Contact resilience.funding@bia.gov [research lane: DOI/HHS + SC + philanthropy]",Tier 1,seed_imported,not_started,NO_REVIEW_REQUIRED,federal_all_customers,NOT_DETERMINED_BY_REGISTRY,NOT_DETERMINED_BY_REGISTRY,monitoring_not_started
BIA-ENERGY-AND-MINERAL-DEVEL-57996E,BIA Energy and Mineral Development Program (EMDP),program page,DOI,Bureau of Indian Affairs / DEMD,federal,federal,,https://www.bia.gov/service/grants/emdp,static HTML page monitor,low,OK,native-exclusive,"federally-recognized-tribe, tribal-government, native-owned-business",yes,appears excluded,sometimes-allowable-depends-on-NOFO,EMDP (ALN 15.038),"annual, closes ~August (FY25 due 2025-08-13); currently CLOSED",annual,HTML,no,no,no,"ALN 15.038 verified on the page FAQ. Eligibility broader than tribes alone: all federally recognized AI/AN Tribes, bands, villages, nations or communities, plus any Tribal Energy Development Organization completely owned by individuals of AI/AN descent - native-owned-business genuinely in scope. Fundable: resource assessment, exploration, feasibility, market, engineering studies, economic evaluation. Page states another EMDP opportunity is anticipated next year [research lane: DOI/HHS + SC + philanthropy]",Tier 1,seed_imported,not_started,NO_REVIEW_REQUIRED,federal_all_customers,NOT_DETERMINED_BY_REGISTRY,NOT_DETERMINED_BY_REGISTRY,monitoring_not_started
BIA-INDIAN-AFFAIRS-GRANTS-IN-EE5C3A,BIA Indian Affairs Grants index,funding index page,DOI,Bureau of Indian Affairs / Office of Indian Economic Development,federal,federal,,https://www.bia.gov/topic/grants,static HTML page monitor,low,OK,native-exclusive,"federally-recognized-tribe, tribal-government, tribal-organization, native-owned-business",yes,appears excluded,likely-allowable,"NABDI, NTBG, LLGP, EMDP, TEDC, IBIP, TTGP",varies; several close ~August,quarterly,HTML,no,no,no,Consolidated 7-program index and the densest BIA funding cluster. Page states many of these grants fund feasibility studies. Office renamed: /as-ia/ieed 301s to /as-ia/ied and BIA's own sidebar still links the dead path [research lane: DOI/HHS + SC + philanthropy],Tier 1,seed_imported,not_started,NO_REVIEW_REQUIRED,federal_all_customers,NOT_DETERMINED_BY_REGISTRY,NOT_DETERMINED_BY_REGISTRY,monitoring_not_started
BIA-TCR-ANNUAL-AWARDS-PROGRA-1C5286,BIA TCR Annual Awards Program,program page,DOI,Bureau of Indian Affairs / TCR,federal,federal,,https://www.bia.gov/service/tcr-annual-awards-program,static HTML page monitor,low,OK,native-exclusive,"federally-recognized-tribe, tribal-government, tribal-organization",yes,appears excluded,likely-allowable,TCR Annual Awards Program,annual; month UNKNOWN,annual,HTML + PDF quick guide,no,no,no,"Verbatim: competitive funding to federally-recognized Tribes AND Tribal organizations to build community resilience capacity - so tribal organizations are eligible, not only tribal governments. Historical solicitations at /bia/ots/tcr/previous-awards are the only way to predict its annual timing [research lane: DOI/HHS + SC + philanthropy]",Tier 1,seed_imported,not_started,NO_REVIEW_REQUIRED,federal_all_customers,NOT_DETERMINED_BY_REGISTRY,NOT_DETERMINED_BY_REGISTRY,monitoring_not_started
CDFI-FUND-NACA-APPLICATION-M-482BA0,CDFI Fund NACA application materials,PDF/NOFO repository,U.S. Department of the Treasury,CDFI Fund - Native Initiatives,national,federal,,https://www.cdfifund.gov/programs-training/programs/native-initiatives/apply-step,PDF/NOFO page monitor,low,OK,very high,as above,no,n/a,likely-allowable - CONFIRM in the FY TA Application Guidance PDF,"NOFA plus amendments; FA, TA, HFFI-FA, DF-FA and HP-FA guidance; AMIS training manuals",annual with mid-cycle amendments,annual plus amendments,HTML index + PDF and XLSX,no,GovDelivery,no,"Every document carries an Updated-<date> stamp, which is an ideal free change-detection surface [research lane: DOI/HHS + SC + philanthropy]",Tier 1,seed_imported,not_started,NO_REVIEW_REQUIRED,federal_all_customers,NOT_DETERMINED_BY_REGISTRY,NOT_DETERMINED_BY_REGISTRY,monitoring_not_started
CDFI-FUND-NATIVE-INITIATIVES-032595,CDFI Fund Native Initiatives (NACA Program),federal grant and financial assistance program,U.S. Department of the Treasury,CDFI Fund - Native Initiatives,"national, including Alaska Native and Native Hawaiian",federal,,https://www.cdfifund.gov/programs-training/programs/native-initiatives,static HTML page monitor,low,OK,very high - Native-designated federal capital,"native-nonprofit, native-owned-business (as a CDFI), tribal-organization (as a Sponsoring Entity); certified or emerging CDFIs only","no - the test is a Native-serving activity threshold, not recognition",n/a,likely-allowable - Technical Assistance is expressly capacity funding including technology,NACA Financial Assistance; NACA Technical Assistance; HFFI-FA supplemental; Housing Production Financial Assistance (~$100M in FY2025),"FY2025 pattern: opened Jan 16 2025, FA/TA deadline Mar 21 2025, TA awards announced Sept 30 2025; NOFA amended Sept 24 2025 and Mar 10 2026. Page states materials are subject to change for future rounds - historical pattern, not a promise",annual round,HTML + PDF NOFA and guidance,"no (AMIS is a submission system, not a data API)",GovDelivery service.govdelivery.com/accounts/USTREASCDFI/subscriber/new,no for materials; AMIS and Grants.gov to apply,The strongest single source in this lane: more than $220M awarded through NACA. FA requires a Certified CDFI with at least 50% of activities serving Native communities. TA is also open to Emerging CDFIs (must certify within 3 years) and Sponsoring Entities (must create a Certified CDFI within 4 years). IMPORTANT LIMIT: tribal governments are NOT eligible as such - the applicant must be a financial institution or an entity becoming one. The FY TA Application Guidance PDF is the authoritative artifact on whether software is a line-item allowable cost and remains UNREAD [research lane: DOI/HHS + SC + philanthropy],Tier 1,seed_imported,not_started,TERMS_REVIEW_REQUIRED,federal_all_customers,NOT_DETERMINED_BY_REGISTRY,NOT_DETERMINED_BY_REGISTRY,requires_login:no for materials; AMIS and Grants.gov to apply;monitoring_not_started
COORDINATED-TRIBAL-ASSISTANC-9DA903,Coordinated Tribal Assistance Solicitation (CTAS) FY26,grant program,DOJ,"BJA (lead) w/ COPS, OVC, OJJDP",federal,federal,,https://bja.ojp.gov/funding/opportunities/o-bja-2026-172662,PDF/NOFO page monitor,low,OK,very high,federally-recognized-tribe;tribal-government;consortium-with-tribal-partner,yes,no,sometimes-allowable-depends-on-NOFO,PA1 TRGP; PA2 Strategic Planning; PA3 Justice Systems; PA4 Infrastructure; PA5 Treatment Courts; PA6 CJA; PA8 Wellness Courts; PA9 Tribal Youth,"annual FY cycle; FY26 posted 2026-07-24, Grants.gov 2026-10-15, JustGrants 2026-10-22",annual,HTML + PDF,no,email,no,ALNs 16.710/16.596/16.583/16.585/16.731/16.043. No PA7 in FY26. Allowability varies BY purpose area: PA1 and PA5 clearly-allowable for software; PA2 bars outside planners; PA8/PA9 bar consultants. Eligibility verbatim federally recognized tribes and consortia only. [research lane: DOJ/DHS/ED/DOL/SBA],Tier 1,seed_imported,not_started,NO_REVIEW_REQUIRED,federal_all_customers,NOT_DETERMINED_BY_REGISTRY,NOT_DETERMINED_BY_REGISTRY,monitoring_not_started
COPS-OFFICE-GRANTS-16E0B8,COPS Office Grants,funding list page,DOJ,COPS Office,federal,federal,,https://cops.usdoj.gov/grants,static HTML page monitor,low,OK,high,federally-recognized-tribe;tribal-government;state-or-local-govt-serving-natives,varies,varies,unclear,CTAS PA1; CHP; SVPP; CPD Microgrants; LEMHWA,per-program; HTML table with OPEN/CLOSED flags,per solicitation,HTML table (Drupal 10),no,email (GovDelivery USDOJCOPS),no,"Deadline table includes opportunity number and both deadlines with explicit OPEN/CLOSED flags - ideal scrape shape. Separate NOFO Finder at /notice-of-funding-opportunities-finder. Award PDFs at /pdf/2025AwardDocs/<program>/. No express grant-writing or consultant bar found on pages fetched - UNKNOWN, not absent. [research lane: DOJ/DHS/ED/DOL/SBA]",Tier 1,seed_imported,not_started,NO_REVIEW_REQUIRED,federal_all_customers,NOT_DETERMINED_BY_REGISTRY,NOT_DETERMINED_BY_REGISTRY,monitoring_not_started
CTAS-PURPOSE-AREA-1-TRIBAL-R-DB3628,CTAS Purpose Area 1 - Tribal Resources Grant Program,grant sub-program,DOJ,COPS Office,federal,federal,,https://cops.usdoj.gov/ctas,PDF/NOFO page monitor,low,OK,very high,federally-recognized-tribe;tribal-government,yes,no,clearly-allowable,law enforcement hiring; equipment; training,annual via CTAS,annual,PDF,no,email (GovDelivery USDOJCOPS),no,"ALN 16.710. Verbatim allowable: ""Computer hardware and software, mobile data terminals, radios."" Indirect costs allowable under PA1. E.O. 12372 applies. [research lane: DOJ/DHS/ED/DOL/SBA]",Tier 1,seed_imported,not_started,NO_REVIEW_REQUIRED,federal_all_customers,NOT_DETERMINED_BY_REGISTRY,NOT_DETERMINED_BY_REGISTRY,monitoring_not_started
CTAS-PURPOSE-AREA-2-TRIBAL-J-BFDFEA,CTAS Purpose Area 2 - Tribal Justice Systems Strategic Planning,grant sub-program,DOJ,BJA,federal,federal,,https://bja.ojp.gov/funding/opportunities/o-bja-2026-172662,PDF/NOFO page monitor,low,OK,very high,federally-recognized-tribe;tribal-government,yes,no,sometimes-allowable-depends-on-NOFO,comprehensive justice system strategic plan,annual via CTAS; once per tribe only,annual,PDF,no,email,no,"EXPRESS BAR: ""Costs for outside TTA providers, planners, or outside organizations to create a strategic plan for the tribe are not an allowable expense."" But IT/computing devices allowable under Supplies or Other. Prior awardees ineligible. Completing PA2 grants priority consideration for future CTAS. [research lane: DOJ/DHS/ED/DOL/SBA]",Tier 1,seed_imported,not_started,NO_REVIEW_REQUIRED,federal_all_customers,NOT_DETERMINED_BY_REGISTRY,NOT_DETERMINED_BY_REGISTRY,monitoring_not_started
CTAS-PURPOSE-AREA-5-ADULT-TR-5C068E,CTAS Purpose Area 5 - Adult Tribal Treatment Courts,grant sub-program,DOJ,BJA,federal,federal,,https://bja.ojp.gov/funding/opportunities/o-bja-2026-172662,PDF/NOFO page monitor,low,OK,very high,federally-recognized-tribe;tribal-government,yes,no,clearly-allowable,tribal healing to wellness / treatment courts,annual via CTAS,annual,PDF,no,email,no,"ALN 16.585, 16.043. Verbatim: ""Computer hardware and software for internet access and email capability"" and ""Data management systems for record keeping and case management."" Sec 10616 match waived. Strongest case-management software language in the DOJ set. [research lane: DOJ/DHS/ED/DOL/SBA]",Tier 1,seed_imported,not_started,NO_REVIEW_REQUIRED,federal_all_customers,NOT_DETERMINED_BY_REGISTRY,NOT_DETERMINED_BY_REGISTRY,monitoring_not_started
CWA-SECTION-106-TRIBAL-GRANT-1C85BD,CWA Section 106 Tribal Grants,program,EPA,Office of Water,national (9 Regions with FR Tribes; R3 has none w/ TAS),federal,,https://www.epa.gov/water-pollution-control-section-106-grants/tribal-grants-under-section-106-clean-water-act,static HTML page monitor,low,OK,native-exclusive,"federally-recognized-tribe, tribal-government, tribal-organization (intertribal consortia, all members TAS)",yes,no,clearly-allowable,tribal water quality program; WQ standards/TAS development; monitoring,annual; formula allocation; work plan deadlines set by each EPA Region — UNKNOWN nationally,page modified 2026-03-24,HTML,no,no,no,"Formula: $65,167 base per TAS-eligible Tribe + variable (land area, population, surface water area). Two-gate eligibility: federal recognition AND TAS. ~330 of FR Tribes meet TAS criteria; ~75% have §106 TAS. Match waived by class exception 4/5/2022. Verbatim allowable: ""Developing water quality and geographic information system databases to track changes in water quality and ensure consistency in data management."" Excludes construction/O&M of treatment plants. ALN not stated on page — UNKNOWN. [research lane: DOE/EPA/DOT]",Tier 1,seed_imported,not_started,NO_REVIEW_REQUIRED,federal_all_customers,NOT_DETERMINED_BY_REGISTRY,NOT_DETERMINED_BY_REGISTRY,monitoring_not_started
CWA-SECTION-319-TRIBAL-BASE-1C68B9,CWA Section 319 Tribal Base Grants,program,EPA,Office of Water / NPS Program,national,federal,,https://www.epa.gov/nps/current-tribal-section-319-grant-information,static HTML page monitor,low,OK,native-exclusive,"federally-recognized-tribe, tribal-government",yes,no,likely-allowable,tribal NPS management program; watershed-based plans,annual; noncompetitive; work plan deadlines vary by EPA Region — UNKNOWN nationally,page modified 2026-08-25,HTML + PDF allocation list,no,no,no,"Formula by tribal land area (FY23+): <2 sq mi $50k; 2–50 $55k; 50–500 $60k; 500+ $75k. Requires TAS + EPA-approved NPS assessment report + NPS management program. FY26 eligible-Tribes/allocations PDF published. Allowable incl. ""hiring a program coordinator… developing watershed-based plans""; software not named. [research lane: DOE/EPA/DOT]",Tier 1,seed_imported,not_started,NO_REVIEW_REQUIRED,federal_all_customers,NOT_DETERMINED_BY_REGISTRY,NOT_DETERMINED_BY_REGISTRY,monitoring_not_started
CWA-SECTION-319-TRIBAL-COMPE-9B12AC,CWA Section 319 Tribal Competitive Grants (FY26 NOFO OPEN),program,EPA,Office of Water / NPS Program,national,federal,,https://www.epa.gov/nps/current-tribal-section-319-grant-information,PDF/NOFO page monitor,low,OK,native-exclusive,"federally-recognized-tribe, tribal-government, tribal-organization (intertribal consortia)",yes,no,sometimes-allowable-depends-on-NOFO,on-the-ground NPS watershed projects; watershed-based plan development,"annual recurring: NOFO ~mid-August, deadline ~early November, selections ~spring. FY26: NOFO epa-ow-owow-26-01 posted 2026-08-17, DEADLINE 2026-11-09 23:59 ET, selections early spring 2027",annual + in-cycle updates,HTML + PDF NOFO + Grants.gov,Grants.gov opportunity 363611,no RSS; tribal319grants@epa.gov,Grants.gov login to apply,"$175k cap per tribal applicant; ~$3.5M/yr. ""New Applicant Set-Aside"" ~5 projects for those not awarded FY21–FY25 (eligibility PDF published). Webinars 9/9 and 9/17/2026; question deadline 10/3/2026. GRTS project-data submission required within 90 days of award (Excel form or GRTS account) — compliance workflow opportunity. [research lane: DOE/EPA/DOT]",Tier 1,seed_imported,not_started,TERMS_REVIEW_REQUIRED,federal_all_customers,NOT_DETERMINED_BY_REGISTRY,NOT_DETERMINED_BY_REGISTRY,requires_login:Grants.gov login to apply;monitoring_not_started
DOL-DINAP,Division of Indian and Native American Programs,agency_grant_page,Labor,Employment and Training Administration,United States,federal,,https://www.dol.gov/agencies/eta/dinap,static HTML page monitor,low,OK,Very high,Eligible tribes; tribal orgs; Native entities; notice controls,Varies,Varies,Sometimes allowable depending on NOFO/budget category,WIOA Section 166 programs,Recurring,Monthly,HTML/PDF,No,Yes,No,[research lane: seed-v1],Tier 1,seed_imported,not_started,NO_REVIEW_REQUIRED,federal_all_customers,NOT_DETERMINED_BY_REGISTRY,NOT_DETERMINED_BY_REGISTRY,monitoring_not_started
DOE-IE-EXCHANGE-OFFICE-OF-IN-B11146,DOE IE-Exchange (Office of Indian Energy application portal),search endpoint / portal,DOE,Office of Indian Energy Policy and Programs,national,federal,,https://ie-exchange.energy.gov/,search endpoint monitor,high,TERMS_REVIEW_REQUIRED,native-exclusive,"federally-recognized-tribe, tribal-government, tribal-organization, native-owned-business",yes,no,sometimes-allowable-depends-on-NOFO,"DE-FOA-0003548 ""Unleashing Tribal Energy Development"" (~$50M, 3 topic areas, deadline 7/24/2026 5:00 PM ET)","per-FOA; FY26 NOFO ran ~Mar–Jul 2026 (docs posted 3/20–4/1/2026, webinar 4/9/2026, close 7/24/2026)",per-FOA,"HTML (ASP.NET grid, JS-hydrated) + PDF NOFO docs",no,ExchangeHelp@hq.doe.gov; TribalGrants@hq.doe.gov,login required to apply (registration open),"THE authoritative DOE tribal funding source — carries FOAs energy.gov has already delisted. Sections: Funding Opportunities, Teaming Partner List, Funding Archive (?Archive=1), Q&A/FAQ. Topic Areas 2 & 3 are explicitly planning/assessment/feasibility → planning costs clearly in scope. Carries a court-order notice (energy.gov/notice-court-orders) — legal review advised before heavy automation. Grid is JS-hydrated: browser automation likely needed for reliable enumeration. [research lane: DOE/EPA/DOT]",Tier 1,seed_imported,not_started,TERMS_REVIEW_REQUIRED,federal_all_customers,NOT_DETERMINED_BY_REGISTRY,NOT_DETERMINED_BY_REGISTRY,robots_or_terms_risk:TERMS_REVIEW_REQUIRED;requires_login:login required to apply (registration open);monitoring_not_started
DOE-INDIAN-ENERGY-GOVDELIVER-7050A9,DOE Indian Energy GovDelivery bulletins,email_archive,DOE,Office of Indian Energy,federal,federal,,https://content.govdelivery.com/accounts/USDOEIE/bulletins/41f4772,static HTML page monitor,low,TERMS_REVIEW_REQUIRED,very_high,NA,UNKNOWN,UNKNOWN,UNKNOWN,cross-agency tribal energy funding roundup,NA,monthly,HTML,no,yes,no,"KEY FINDING: archived bulletins publicly readable at stable URLs WITHOUT subscribing; 18 editions listed with send dates; newsletter covers DOE plus other federal agencies' tribal energy funding; probe same pattern for USDOJOJP_COMMS, USDARD, USDE [research lane: API/monitoring layer]",Tier 1,seed_imported,not_started,TERMS_REVIEW_REQUIRED,federal_all_customers,NOT_DETERMINED_BY_REGISTRY,NOT_DETERMINED_BY_REGISTRY,robots_or_terms_risk:TERMS_REVIEW_REQUIRED;monitoring_not_started
DOE-OFFICE-OF-INDIAN-ENERGY-3D42B9,DOE Office of Indian Energy funding page,html_table,DOE,Office of Indian Energy Policy and Programs,federal,federal,,https://www.energy.gov/indianenergy/current-funding-and-technical-assistance-opportunities,static HTML page monitor,medium,OK,very_high,NA,UNKNOWN,UNKNOWN,UNKNOWN,Technical Assistance for Tribal Energy Projects,mixed_incl_ongoing,frequently_per_page,HTML,no,yes_monthly_newsletter,no,"CORRECTED URL - energy.gov/indianenergy/funding-opportunities returns EMPTY; hybrid render: Office of Indian Energy table IS server-rendered, 'Other Funding and Opportunities' cross-agency table is JS-loaded with zero rows; MOST TRIBAL-SPECIFIC SOURCE IN INVENTORY; robots disallows /search/ and /search? [research lane: API/monitoring layer]",Tier 1,seed_imported,not_started,NO_REVIEW_REQUIRED,federal_all_customers,NOT_DETERMINED_BY_REGISTRY,NOT_DETERMINED_BY_REGISTRY,monitoring_not_started
DOE-OFFICE-OF-INDIAN-ENERGY-9700C5,DOE Office of Indian Energy — Current Funding & TA Opportunities,funding index,DOE,Office of Indian Energy Policy and Programs,national,federal,,https://www.energy.gov/indianenergy/current-funding-and-technical-assistance-opportunities,static HTML page monitor,med,OK,native-exclusive,"federally-recognized-tribe, tribal-government, tribal-organization, native-owned-business (ANC/village corps named)",yes,no,sometimes-allowable-depends-on-NOFO,Technical Assistance for Tribal Energy Projects (ongoing); competitive deployment/planning FOAs,"page updated frequently (""This page is updated frequently""); modified 2026-08-25",frequent,HTML (+ JS-gated secondary table),no,inline email signup (energy.gov/node/4532836),no,"CRITICAL: this page listed ONLY technical assistance on 2026-08-25 while IE-Exchange still showed the $50M FY26 NOFO (closed 7/24/2026) — energy.gov clears closed FOAs fast, so monitoring it alone UNDER-REPORTS DOE tribal funding. Pair with IE-Exchange. The ""Other Funding and Opportunities"" cross-agency table is JS/XHR-driven (filters render, rows don't) — needs browser automation or endpoint discovery. energy.gov timed out twice at 180s before succeeding: use retry/backoff. [research lane: DOE/EPA/DOT]",Tier 1,seed_imported,not_started,NO_REVIEW_REQUIRED,federal_all_customers,NOT_DETERMINED_BY_REGISTRY,NOT_DETERMINED_BY_REGISTRY,monitoring_not_started
DOJ-OJP-CURRENT-FUNDING-OPPO-1CD04D,DOJ OJP Current Funding Opportunities,html_list,DOJ,"OJP (BJA,BJS,NIJ,OJJDP,OVC,SMART)",federal,federal,,https://www.ojp.gov/funding/explore/current-funding-opportunities,static HTML page monitor,low,OK,very_high,NA,UNKNOWN,UNKNOWN,UNKNOWN,FY26 Coordinated Tribal Assistance Solicitation (CTAS) o-bja-2026-172662,dual: Grants.gov 11:59pm ET + JustGrants 08:59pm ET,daily,HTML,no,yes_govdelivery_weekly,no,"CLEANEST SCRAPE TARGET: fully server-rendered Drupal, complete list in static HTML grouped by bureau h2; page carries Date Modified stamp for change detection; NO RSS (/feeds 302s to homepage); weekly Funding News at public.govdelivery.com/accounts/USDOJOJP_COMMS topic_id USDOJOJP_COMMS_25; robots disallows /search/ and /node/* but NOT /funding/ [research lane: API/monitoring layer]",Tier 1,seed_imported,not_started,NO_REVIEW_REQUIRED,federal_all_customers,NOT_DETERMINED_BY_REGISTRY,NOT_DETERMINED_BY_REGISTRY,monitoring_not_started
DOJ-TRIBAL,DOJ Tribal Open Solicitations,agency_grant_page,Justice,Tribal Justice and Safety,United States,federal,,https://www.justice.gov/tribal/open-solicitations,static HTML page monitor,low,OK,Very high,Tribes; tribal orgs; nonprofits; purpose-area controls,Often,Usually no,Sometimes allowable depending on NOFO/budget category,CTAS; victim services; public safety,Annual/recurring,Weekly,HTML/PDF,No,Yes,No,[research lane: seed-v1],Tier 1,seed_imported,not_started,NO_REVIEW_REQUIRED,federal_all_customers,NOT_DETERMINED_BY_REGISTRY,NOT_DETERMINED_BY_REGISTRY,monitoring_not_started
DOL-ETA-DIVISION-OF-INDIAN-A-99917B,DOL ETA Division of Indian and Native American Programs (DINAP),program office page w/ announcements,DOL,ETA / DINAP,federal,federal,,https://www.dol.gov/agencies/eta/dinap,static HTML page monitor,low,OK,very high,federally-recognized-tribe;tribal-government;tribal-organization;native-nonprofit;native-serving-nonprofit,UNKNOWN,UNKNOWN,unclear,WIOA Sec 166 Comprehensive Services; Supplemental Youth Services,"multi-year designation cycle; FOA-ETA-26-20 issued 2026-04-02, closed 2026-05-22",per program year,HTML (Drupal 10),no,no,no,"BEST DOL MONITORING TARGET - Announcements block carries the live FOA with issue/close dates and both Grants.gov links. Verbatim covered entities: ""tribes, tribal organizations, Alaska Native entities, Indian controlled organizations and Native Hawaiian organizations."" Sibling pages: /grantees, /advisories, /performance, /council. [research lane: DOJ/DHS/ED/DOL/SBA]",Tier 1,seed_imported,not_started,NO_REVIEW_REQUIRED,federal_all_customers,NOT_DETERMINED_BY_REGISTRY,NOT_DETERMINED_BY_REGISTRY,monitoring_not_started
DOT-GRANTS,DOT Grants,agency_grant_page,Transportation,Office of the Secretary,United States,federal,,https://www.transportation.gov/grants,static HTML page monitor,medium,OK,High,Tribes; states/localities; transit/airport entities; NOFO controls,Varies,Varies,Sometimes allowable depending on NOFO/budget category,RAISE; SS4A,Recurring,Weekly,HTML/PDF,No,Yes,No,[research lane: seed-v1],Tier 1,seed_imported,not_started,NO_REVIEW_REQUIRED,federal_all_customers,NOT_DETERMINED_BY_REGISTRY,NOT_DETERMINED_BY_REGISTRY,monitoring_not_started
ED-AVAILABLE-GRANTS-FUNDING-E6CE73,ED Available Grants (Funding Forecast),forecast/search page,ED,Office of Communications and Outreach,federal,federal,,https://www.ed.gov/grants-and-programs/apply-grant/available-grants,search endpoint monitor,medium,OK,high,federally-recognized-tribe;tribal-government;tribal-organization;tribal-college-or-BIE-school;native-serving-nonprofit;state-or-local-govt-serving-natives,varies,varies,sometimes-allowable-depends-on-NOFO,"as of 2026-08-26 only 5 open, all IES: 84.305B, 84.324B, 84.305D, 84.305S, 84.324S",rolling; Competition Status = All / Coming Soon / Open,rolling,HTML table w/ facets (Drupal 10),no,email (GovDelivery USDE),no,"THIS IS THE REPLACEMENT FOR THE OLD ""Forecast of Funding Opportunities"" PAGE - the old-style /forecast-funding-opportunities path returned an empty body. Facets directly useful: ""Indian Tribes and Tribal Organizations,"" ""Indian Tribe or Consortia Located on a Reservation,"" ""Tribal Education Agencies (TEAs),"" ""Tribally Controlled Colleges and Universities (TCCUs),"" ""Minority Serving Institutions (MSIs)."" MATERIAL FINDING: zero Indian Education competitions open as of fetch. Page itself says ""The definitive list of U.S. federal government grants is located at Grants.gov."" [research lane: DOJ/DHS/ED/DOL/SBA]",Tier 1,seed_imported,not_started,NO_REVIEW_REQUIRED,federal_all_customers,NOT_DETERMINED_BY_REGISTRY,NOT_DETERMINED_BY_REGISTRY,monitoring_not_started
ED-GRANTS-FOR-NATIVE-AMERICA-7AE2EB,"ED Grants for Native Americans, Alaskan Natives, and Pacific Islanders",program index page,ED,"multiple (OESE, OPE, OCTAE, RSA)",federal,federal,,https://www.ed.gov/grants-and-programs/grants-special-populations/grants-native-americans-alaskan-natives-and-pacific-islanders,static HTML page monitor,low,OK,very high,federally-recognized-tribe;tribal-government;tribal-organization;native-nonprofit;native-serving-nonprofit;tribal-college-or-BIE-school;state-or-local-govt-serving-natives;consortium-with-tribal-partner,varies by program,varies by program,sometimes-allowable-depends-on-NOFO,DEMO; PD; NAM; NAL@ED; NALRC; STEP 84.415A; Tribally Controlled Postsecondary CTE; Native American CTE; Title III-A TCCU; AIVRS 84.250; Alaska Native Education 84.356A; Native Hawaiian Education 84.362A; Title III-F ANNH; NASNTI; AANAPISI; Native Hawaiian CTE; D2,per-program,Page Last Reviewed 2025-07-10,HTML,no,email,no,"BEST SINGLE SEED PAGE for the ED program registry - 17 programs with verified URLs and several ALNs embedded in slugs. DEMO and NALRC eligibility is notably broad, verbatim including ""BIE-funded school, Alaska Native Regional Corporation, a tribal, Alaska Native, Native Hawaiian, or other nonprofit organization, a nontribal for-profit organization."" [research lane: DOJ/DHS/ED/DOL/SBA]",Tier 1,seed_imported,not_started,NO_REVIEW_REQUIRED,federal_all_customers,NOT_DETERMINED_BY_REGISTRY,NOT_DETERMINED_BY_REGISTRY,monitoring_not_started
ED-OFFICE-OF-INDIAN-EDUCATIO-C44818,ED Office of Indian Education (OIE),program office page,ED,OESE / Office of Indian Education,federal,federal,,https://www.ed.gov/about/ed-offices/oese/oie,static HTML page monitor,low,OK,very high,federally-recognized-tribe;state-recognized-tribe;tribal-government;tribal-organization;native-nonprofit;tribal-college-or-BIE-school;state-or-local-govt-serving-natives;consortium-with-tribal-partner,no,yes,sometimes-allowable-depends-on-NOFO,Title VI Formula; DEMO; NALRC; STEP; PD; NAM; NAL@ED,per-program,per solicitation,HTML (Drupal 10),no,email (GovDelivery USDE),no,"Verified live under OESE; NO reorganization or program-transfer notice appeared on this page. Groups programs into Discretionary (DEMO, NALRC, STEP) and Formula (Indian Education Formula, ANE, NHE, NAM). [research lane: DOJ/DHS/ED/DOL/SBA]",Tier 1,seed_imported,not_started,NO_REVIEW_REQUIRED,federal_all_customers,NOT_DETERMINED_BY_REGISTRY,NOT_DETERMINED_BY_REGISTRY,monitoring_not_started
DOC-EDA,EDA Funding Opportunities,agency_grant_page,Commerce,Economic Development Administration,United States,federal,,https://www.eda.gov/funding/funding-opportunities,static HTML page monitor,low,OK,High,Tribes; tribal orgs; states/localities; nonprofits; NOFO controls,Varies,Varies,Sometimes allowable depending on NOFO/budget category,Planning; infrastructure; economic adjustment,Recurring,Weekly,HTML/PDF,No,Yes,No,[research lane: seed-v1],Tier 1,seed_imported,not_started,NO_REVIEW_REQUIRED,federal_all_customers,NOT_DETERMINED_BY_REGISTRY,NOT_DETERMINED_BY_REGISTRY,monitoring_not_started
EDA-OPEN-FUNDING-SEARCH-ENDP-517E71,EDA Open Funding Search Endpoint,search endpoint,Commerce,EDA,national,federal,,https://www.eda.gov/funding/funding-opportunities/all-opportunities?f%5B0%5D=funding_status%3A6565,search endpoint monitor,medium,TERMS_REVIEW_REQUIRED,medium,federally-recognized-tribe;tribal-government;tribal-organization;consortium-with-tribal-partner,varies,UNKNOWN,sometimes-allowable-depends-on-NOFO,all open EDA opportunities,continuous,as posted,HTML (Drupal facets),no,no,no,Facet param funding_status:6565 = open. Verified as a link target on two EDA pages; results page NOT itself fetched [research lane: USDA/HUD/Commerce],Tier 1,seed_imported,not_started,TERMS_REVIEW_REQUIRED,federal_all_customers,NOT_DETERMINED_BY_REGISTRY,NOT_DETERMINED_BY_REGISTRY,robots_or_terms_risk:TERMS_REVIEW_REQUIRED;monitoring_not_started
EDA-PLANNING-PROGRAM-CEDS-00B949,EDA Planning Program (CEDS),program page,Commerce,EDA,national,federal,,https://www.eda.gov/funding/programs/planning,static HTML page monitor,low,TERMS_REVIEW_REQUIRED,high,federally-recognized-tribe;tribal-government;consortium-with-tribal-partner;state-or-local-govt-serving-natives,likely yes,UNKNOWN,likely-allowable - planning IS the program purpose,Planning grants; CEDS development,UNKNOWN,UNKNOWN,HTML,no,no,no,"TRIBAL ELIGIBILITY VERIFIED verbatim on EDA Program List: ""Supports local organizations (Economic Development Districts, Indian Tribes, and other eligible areas)"". Program page itself not fetched [research lane: USDA/HUD/Commerce]",Tier 1,seed_imported,not_started,TERMS_REVIEW_REQUIRED,federal_all_customers,NOT_DETERMINED_BY_REGISTRY,NOT_DETERMINED_BY_REGISTRY,robots_or_terms_risk:TERMS_REVIEW_REQUIRED;monitoring_not_started
EDA-PROGRAM-LIST-4ED231,EDA Program List,program directory,Commerce,EDA,national,federal,,https://www.eda.gov/funding/programs,static HTML page monitor,low,TERMS_REVIEW_REQUIRED,medium,federally-recognized-tribe;tribal-government;tribal-organization;consortium-with-tribal-partner;native-owned-business,varies,UNKNOWN,likely-allowable,Public Works;EAA;Planning;Local TA;RNTA;RLF;Tech Hubs;Recompete;AI Upskill;B2S,varies by program,CURRENT (links doc dated 2026-02-12),HTML,no,no,no,"HEALTHY page - contrast with /funding which carries an appropriations-lapse banner + literal ""test"" placeholder. EDA site health is PAGE-BY-PAGE. Planning program lists ""Indian Tribes"" as eligible, verbatim [research lane: USDA/HUD/Commerce]",Tier 1,seed_imported,not_started,TERMS_REVIEW_REQUIRED,federal_all_customers,NOT_DETERMINED_BY_REGISTRY,NOT_DETERMINED_BY_REGISTRY,robots_or_terms_risk:TERMS_REVIEW_REQUIRED;monitoring_not_started
EDA-PUBLIC-WORKS-ECONOMIC-AD-ACD229,EDA Public Works & Economic Adjustment Assistance (PWEAA),program pages,Commerce,EDA,national,federal,,https://www.eda.gov/funding/programs/public-works,PDF/NOFO page monitor,medium,TERMS_REVIEW_REQUIRED,high,federally-recognized-tribe;tribal-government;tribal-organization;consortium-with-tribal-partner,likely yes,UNKNOWN,sometimes-allowable-depends-on-NOFO,"Public Works infrastructure; EAA (incl. RLF, Assistance to Coal Communities); EAA at /funding/programs/economic-adjustment-assistance",rolling/continuous under combined NOFO,per NOFO,HTML + PDF,no,no,no,"Tribal set-aside rides inside the combined NOFO PDF. ""EDA's entire suite of flexible programming is available to Tribal communities"" per verified tribal page. Program pages not individually fetched [research lane: USDA/HUD/Commerce]",Tier 1,seed_imported,not_started,TERMS_REVIEW_REQUIRED,federal_all_customers,NOT_DETERMINED_BY_REGISTRY,NOT_DETERMINED_BY_REGISTRY,robots_or_terms_risk:TERMS_REVIEW_REQUIRED;monitoring_not_started
EDA-TRIBAL-ECONOMIC-DEVELOPM-3596B7,EDA Tribal Economic Development Resources,tribal landing page,Commerce,EDA,national,federal,,https://www.eda.gov/resources/tribal-economic-development-resources,static HTML page monitor,low,TERMS_REVIEW_REQUIRED,exclusive,federally-recognized-tribe;tribal-government;tribal-organization;consortium-with-tribal-partner,likely yes,UNKNOWN,likely-allowable (CEDS/planning is the program purpose; see also /resources/indirect-costs),Assistance to Indigenous Communities; EAA; Disaster Recovery; Tech Hubs,per NOFO,CURRENT (links 2026-05 NOFO),HTML + PDF,no,no,no,"Office of Tribal Economic Development + Tribal Engagement Coordinator created by Thomas R. Carper WRDA 2024. CRITICAL: tribal set-aside ""Assistance to Indigenous Communities"" exists ONLY as p.37 of a combined PWEAA/AI-Upskill NOFO PDF - requires PDF section extraction [research lane: USDA/HUD/Commerce]",Tier 1,seed_imported,not_started,TERMS_REVIEW_REQUIRED,federal_all_customers,NOT_DETERMINED_BY_REGISTRY,NOT_DETERMINED_BY_REGISTRY,robots_or_terms_risk:TERMS_REVIEW_REQUIRED;monitoring_not_started
EPA-TRIBAL,EPA Tribal Grants,tribal_affairs_page,EPA,American Indian Environmental Office,United States,federal,,https://www.epa.gov/tribal/tribal-grants,static HTML page monitor,low,OK,Very high,Tribes; intertribal consortia; program controls,Often,Usually no,Sometimes allowable depending on NOFO/budget category,GAP; media-specific grants,Recurring,Weekly,HTML/PDF,No,Yes,No,[research lane: seed-v1],Tier 1,seed_imported,not_started,NO_REVIEW_REQUIRED,federal_all_customers,NOT_DETERMINED_BY_REGISTRY,NOT_DETERMINED_BY_REGISTRY,monitoring_not_started
EPA-EN,Exchange Network Grant Program,data_system_program,EPA,Environmental Information,United States,federal,,https://www.epa.gov/exchangenetwork/exchange-network-grant-program,PDF/NOFO page monitor,low,OK,High,States; tribes; territories; intertribal consortia; NOFO controls,Varies,Usually no,Likely allowable,Environmental data exchange,Annual/periodic,Monthly,HTML/PDF,No,Yes,No,[research lane: seed-v1],Tier 1,seed_imported,not_started,NO_REVIEW_REQUIRED,federal_all_customers,NOT_DETERMINED_BY_REGISTRY,NOT_DETERMINED_BY_REGISTRY,monitoring_not_started
FED-FR,Federal Register,notice_feed,Office of the Federal Register,,United States,federal,,https://www.federalregister.gov/developers/documentation/api/v1,API monitor,low,OK,High,All classes; notice controls,Varies,Varies,Unclear,Notices; rules; consultations,Rolling,Daily,JSON/XML,Yes,Yes,No,[research lane: seed-v1],Tier 1,seed_imported,not_started,NO_REVIEW_REQUIRED,federal_all_customers,NOT_DETERMINED_BY_REGISTRY,NOT_DETERMINED_BY_REGISTRY,monitoring_not_started
FEDERAL-REGISTER-INDIAN-AFFA-0B2B7B,Federal Register - Indian Affairs Bureau slice,api_filtered,NARA/OFR,Indian Affairs Bureau (slug),federal,federal,,https://www.federalregister.gov/api/v1/documents.json?conditions[agencies][]=indian-affairs-bureau,API monitor,low,OK,very_high,NA,NA,NA,UNKNOWN,"BIA notices, tribal consultation notices",comments_close_on,per_publication,JSON,yes,no,no,TESTED: count 3313 documents; BETTER INSTRUMENT FOR BIA THAN bia.gov ITSELF given bia.gov has no funding page [research lane: API/monitoring layer],Tier 1,seed_imported,not_started,NO_REVIEW_REQUIRED,federal_all_customers,NOT_DETERMINED_BY_REGISTRY,NOT_DETERMINED_BY_REGISTRY,monitoring_not_started
FEDERAL-REGISTER-API-V1-737DD0,Federal Register API v1,api,NARA/OFR,Office of the Federal Register,federal,federal,,https://www.federalregister.gov/api/v1/documents.json,API monitor,low,OK,very_high,n/a (notice surface),n/a,n/a,n/a,funding availability notices; tribal consultation notices,comments_close_on,daily_publication,"JSON,CSV",yes,email_login_gated_only,no,NO API KEY; TESTED conditions[type][]=NOTICE and conditions[agencies][]=indian-affairs-bureau (count 3313); fields[] projection works; per_page silently capped ~1000; documented 2000-result pagination ceiling - partition by date; undocumented search_after_cursor observed; unofficial legal status - link govinfo pdf_url [research lane: API/monitoring layer; Research funding],Tier 1,seed_imported,not_started,NO_REVIEW_REQUIRED,federal_all_customers,NOT_DETERMINED_BY_REGISTRY,NOT_DETERMINED_BY_REGISTRY,monitoring_not_started
FEDERAL-REGISTER-INDIAN-ENTI-2B8DCF,Federal Register Indian Entities Recognized notice,federal recognition list,US Department of the Interior,Bureau of Indian Affairs,national,federal,,https://www.federalregister.gov/documents/2026/01/30/2026-01899/indian-entities-recognized-by-and-eligible-to-receive-services-from-the-united-states-bureau-of,API monitor,low,OK,critical - the authoritative federal recognition test,575 federally recognized Tribal entities,yes - this IS the list,no,n/a,annual BIA recognition notice,"annual, published January",annual,"JSON via API, HTML, PDF",yes (federalregister.gov/api/v1),yes,no,"Document 2026-01899 published 2026-01-30, listing 575 entities. Confirms Catawba Nation as the only federally recognized Tribe resident in South Carolina. API note: conditions[term] must be QUOTED for phrase matching, and the fetch tool rejects URLs beyond about 250 characters so omit fields[] selectors [research lane: DOI/HHS + SC + philanthropy]",Tier 1,seed_imported,not_started,NO_REVIEW_REQUIRED,federal_all_customers,NOT_DETERMINED_BY_REGISTRY,NOT_DETERMINED_BY_REGISTRY,monitoring_not_started
FEDERAL-REGISTER-PUBLIC-INSP-52593C,Federal Register Public Inspection API,api,NARA/OFR,Office of the Federal Register,federal,federal,,https://www.federalregister.gov/api/v1,API monitor,low,OK,very_high,NA,NA,NA,UNKNOWN,pre-publication notices,NA,daily_business,"JSON,CSV",yes,no,no,UNDERUSED: surfaces documents 1-3 business days BEFORE publication; get/multi-get/search/current/by-date; available since Nov 2011; robots disallows the HTML /public-inspection/search but not the API [research lane: API/monitoring layer],Tier 1,seed_imported,not_started,NO_REVIEW_REQUIRED,federal_all_customers,NOT_DETERMINED_BY_REGISTRY,NOT_DETERMINED_BY_REGISTRY,monitoring_not_started
FHWA-OFFICE-OF-TRIBAL-TRANSP-6BBDFE,FHWA Office of Tribal Transportation — GovDelivery topic,email bulletin,DOT,FHWA Office of Tribal Transportation,national,federal,,https://public.govdelivery.com/accounts/USDOTFHWA/subscriber/new?topic_id=USDOTFHWA_83,email bulletin/manual intake,low,OK,native-exclusive,"federally-recognized-tribe, tribal-government",yes,no,n/a,TTPSF; TTP Bridge; TTP formula; OTT webinars/newsletter,event-driven,event-driven,email,no,yes — GovDelivery topic USDOTFHWA_83,subscription,"Highest-signal, lowest-cost DOT tribal monitor. The TTPSF page itself directs applicants here for funding updates. GovDelivery topic IDs are stable and enumerable — build an inbox-parsing pipeline. Companion: OTT Newsletter page at /federal-lands/projects/office-tribal-transportation-newsletter. [research lane: DOE/EPA/DOT]",Tier 1,seed_imported,not_started,TERMS_REVIEW_REQUIRED,federal_all_customers,NOT_DETERMINED_BY_REGISTRY,NOT_DETERMINED_BY_REGISTRY,requires_login:subscription;monitoring_not_started
FHWA-TRIBAL-TRANSPORTATION-P-E0C316,FHWA Tribal Transportation Program (TTP) formula,program,DOT,FHWA Office of Federal Lands Highway / Office of Tribal Transportation,national,federal,,https://highways.dot.gov/federal-lands/tribal,static HTML page monitor,low,OK,native-exclusive,"federally-recognized-tribe, tribal-government",yes,no — eligibility keyed to the BIA Federal Register recognition list,likely-allowable,TTP formula (tribal shares); TTP planning funds; direct funding agreements,"formula/allocation, not an application deadline; annual tribal shares published (FY25 PDF live)",page content stable; finance page updated 2025-12-02,HTML + PDF (Excel on email request),no,GovDelivery USDOTFHWA_83,no,"23 U.S.C. 202; 25 CFR 170. 135 Tribes hold direct FHWA funding agreements; others via BIA. Formula = tribal population + road mileage + historic TTAM shares. Highway Trust Fund contract authority, subject to obligation limitation. Planning funds exist (""Tribal Shares and Planning Funds under IIJA"") — cite for planning/admin allowability; software not named. Canonical path is /federal-lands/tribal; /federal-lands/programs-tribal is a legacy alias still emitted in-page. [research lane: DOE/EPA/DOT]",Tier 1,seed_imported,not_started,NO_REVIEW_REQUIRED,federal_all_customers,NOT_DETERMINED_BY_REGISTRY,NOT_DETERMINED_BY_REGISTRY,monitoring_not_started
FTA-NOTICES-OF-FUNDING-INDEX-64580B,FTA Notices of Funding index,funding index,DOT,Federal Transit Administration,national,federal,,https://www.transit.dot.gov/funding/grants/notices,static HTML page monitor,low,OK,tribal-eligible,varies; TTP rows = federally-recognized-tribe,varies,indirect via state subrecipient status for §5311/§5310,likely-allowable,FY2026 Tribal Transit NOFO; all FTA competitive NOFOs,continuous as NOFOs post,continuous,HTML,no,GovDelivery USDOTFTA_51,no,"Paired with /funding/grants/notices-closed (expired). Companion: /grants is a server-rendered, sortable, filterable, paginated program table with query params (?combine=&field_grant_type_target_id=All&order=title&sort=desc, ?page=0..2) and a Competitive/Formula facet — cleanest structured surface in the whole DOT set. [research lane: DOE/EPA/DOT]",Tier 1,seed_imported,not_started,NO_REVIEW_REQUIRED,federal_all_customers,NOT_DETERMINED_BY_REGISTRY,NOT_DETERMINED_BY_REGISTRY,monitoring_not_started
FTA-TRIBAL-GOVERNMENTS-HUB-5025A2,FTA Tribal Governments hub,agency landing page,DOT,Federal Transit Administration,national,federal,,https://www.transit.dot.gov/funding/tribal-governments,static HTML page monitor,low,OK,native-exclusive,"federally-recognized-tribe, tribal-government, tribal-organization (TTSGP), state-or-local-govt-serving-natives",yes for direct recipient status,"YES — explicit: ""Tribal governments that are not federally recognized remain eligible to apply to the state as a subrecipient for funding under the state's apportionment""",likely-allowable,TTP competitive + formula; §5311; §5310; §5339(b); §5339(c) Low/No; ICAM pilot,index page,periodic,HTML,no,GovDelivery USDOTFTA_51,TrAMS/ECHO-Web for recipients,"THE clearest state-recognition pathway found across DOE/EPA/DOT — cite this for state-recognized Tribes and for SC-type contexts. Note URL moved: /funding/tribal-entities → /funding/tribal-governments. Also documents TTSGP (includes tribal ORGANIZATIONS), Regional Tribal Liaisons, Certifications & Assurances Categories 1 + 20 for TTP-only applicants, TrAMS/ECHO-Web onboarding, and /funding/fta-programs-tribal-recipients (full eligible-program list). [research lane: DOE/EPA/DOT]",Tier 1,seed_imported,not_started,TERMS_REVIEW_REQUIRED,federal_all_customers,NOT_DETERMINED_BY_REGISTRY,NOT_DETERMINED_BY_REGISTRY,requires_login:TrAMS/ECHO-Web for recipients;monitoring_not_started
FTA-TRIBAL-TRANSIT-COMPETITI-6A8E78,FTA Tribal Transit Competitive Program (5311(c)(1)(A)),program,DOT,Federal Transit Administration,"national (rural areas <50,000 pop.)",federal,,https://www.transit.dot.gov/tribal-transit,static HTML page monitor,low,OK,native-exclusive,"federally-recognized-tribe, tribal-government",yes,indirect — non-federally-recognized tribal govts may apply to the state as a §5311 subrecipient,likely-allowable,planning projects; start-up costs; capital; operating; job access reverse commute,"annual recurring; FY26 announced 2026-05-27, applications due 2026-08-25 (just closed)",annual NOFO + in-cycle notes; page has 2026-03 assets,HTML,no,GovDelivery USDOTFTA_51,Grants.gov/TrAMS to apply,"~$19M FY26. 5% takedown of §5311; 20% of TTP competitive / 80% formula. Program scale ~$36M formula + ~$9M competitive. NO local match required (voluntary permitted). Funds available 3 FYs. Award history published FY2014–FY2024. Verbatim allowability: ""capital, operating, planning, and administrative expenses""; tribes not operating transit may apply for ""a planning project or start-up costs."" Note dead path: /funding/grants/tribal-transit-program returns empty. [research lane: DOE/EPA/DOT]",Tier 1,seed_imported,not_started,TERMS_REVIEW_REQUIRED,federal_all_customers,NOT_DETERMINED_BY_REGISTRY,NOT_DETERMINED_BY_REGISTRY,requires_login:Grants.gov/TrAMS to apply;monitoring_not_started
FTA-TRIBAL-TRANSIT-FORMULA-P-5B93C7,FTA Tribal Transit Formula Program (5311(c)(1)(B)),program,DOT,Federal Transit Administration,national (rural),federal,,https://www.transit.dot.gov/funding/grants/tribal-transit-formula-grants-5311c1b,static HTML page monitor,low,OK,native-exclusive,"federally-recognized-tribe, tribal-government",yes,indirect — via state §5311 subrecipient status,likely-allowable,"capital, operating, planning, administrative expenses","formula/apportionment, published via annual FTA apportionments",annual,HTML,no,GovDelivery USDOTFTA_51,TrAMS,"HARD GATE (verified): must have reported to the National Transit Database in the most recent NTD report year at apportionment — ""typically… reported to the NTD for two consecutive years before their first TTP formula allocation."" High-value alert. ~$36M program. No local match. URL observed as link on fetched FTA pages; page itself not fetched — terms beyond the above are UNKNOWN. [research lane: DOE/EPA/DOT]",Tier 1,seed_imported,not_started,TERMS_REVIEW_REQUIRED,federal_all_customers,NOT_DETERMINED_BY_REGISTRY,NOT_DETERMINED_BY_REGISTRY,requires_login:TrAMS;monitoring_not_started
FWS-TRIBAL-WILDLIFE-GRANTS-317EAA,FWS Tribal Wildlife Grants,program page + NOFO,DOI,Fish and Wildlife Service,federal,federal,,https://www.fws.gov/service/tribal-wildlife-grants,PDF/NOFO page monitor,low,OK,native-exclusive,"federally-recognized-tribe, tribal-government",yes (explicit),excluded (explicit),likely-allowable,Tribal Wildlife Grants FY2026,annual; FY26 opened 2026-06-12 closed 2026-08-14,annual,HTML + linked PDFs,no,no,no,"Allowable costs stated on page: salaries, equipment, consultant services, subcontracts, acquisitions (project materials, goods and services), travel. Land acquisition NOT allowed. Eligible activities include planning for wildlife and habitat conservation and habitat mapping. Structured audience metadata repeats Native American Tribal Governments - Federally Recognized. No Tribal Landowner Incentive Program found: do not carry forward [research lane: DOI/HHS + SC + philanthropy]",Tier 1,seed_imported,not_started,NO_REVIEW_REQUIRED,federal_all_customers,NOT_DETERMINED_BY_REGISTRY,NOT_DETERMINED_BY_REGISTRY,monitoring_not_started
FY2026-GAP-NATIONAL-NOFA-PDF-B0F5D3,FY2026 GAP National NOFA (PDF),document,EPA,OITA/AIEO,national,federal,,https://www.epa.gov/system/files/documents/2025-11/final-fy26-gap-nofa.pdf,PDF/NOFO page monitor,med,OK,native-exclusive,"federally-recognized-tribe, tribal-organization",yes,no,clearly-allowable,GAP; PPG,released 2025-11-14 for FY26; expect FY27 edition ~Nov 2026,annual,PDF,no,no,no,"Authoritative source for ALNs, eligibility, per-Region deadline table, cost-share, IDC. Parse the ""Table 1 – Application Submittal Schedule"" every November. [research lane: DOE/EPA/DOT]",Tier 1,seed_imported,not_started,NO_REVIEW_REQUIRED,federal_all_customers,NOT_DETERMINED_BY_REGISTRY,NOT_DETERMINED_BY_REGISTRY,monitoring_not_started
FED-GRANTS,Grants.gov,opportunity_aggregator,HHS,Grants.gov,United States,federal,,https://www.grants.gov/api/api-guide,API monitor,low,TERMS_REVIEW_REQUIRED,High,All classes; NOFO controls,Varies,Varies,Sometimes allowable depending on NOFO/budget category,All federal discretionary opportunities,Rolling,Daily,JSON,Yes,Yes,No,Canonical opportunity ingest; attribution required [research lane: seed-v1],Tier 1,seed_imported,not_started,TERMS_REVIEW_REQUIRED,federal_all_customers,NOT_DETERMINED_BY_REGISTRY,NOT_DETERMINED_BY_REGISTRY,robots_or_terms_risk:TERMS_REVIEW_REQUIRED;monitoring_not_started
GRANTS-GOV-SIMPLER-GRANTS-GO-F58A17,Grants.gov / Simpler.Grants.gov,cross-agency funding database,GSA/HHS (govt-wide),n/a,federal,federal,,https://www.grants.gov,API monitor,low,TERMS_REVIEW_REQUIRED,very high,all classes,varies,varies,sometimes-allowable-depends-on-NOFO,"every NOFO in this scope incl. THSGP, HSGP, FOA-ETA-26-20-IA/-IY, CTAS, ED competitions",continuous,continuous,JSON/XML,yes (not tested in this pass),no,no (for search),"HIGHEST-LEVERAGE TARGET IN THIS ENTIRE SCOPE. Only source reliably covering FEMA NOFOs (OpenFEMA does not), both DOL INAP postings, and what ED itself calls ""the definitive list."" COPS site banner confirms migration: ""Grants.gov searches are now powered by Simpler.Grants.gov."" Individual listing IDs observed: 361739, 361740. API terms not reviewed in this pass - hence TERMS_REVIEW_REQUIRED. [research lane: DOJ/DHS/ED/DOL/SBA]",Tier 1,seed_imported,not_started,TERMS_REVIEW_REQUIRED,federal_all_customers,NOT_DETERMINED_BY_REGISTRY,NOT_DETERMINED_BY_REGISTRY,robots_or_terms_risk:TERMS_REVIEW_REQUIRED;requires_login:no (for search);monitoring_not_started
GRANTS-GOV-DAILY-XML-EXTRACT-0F4A39,Grants.gov Daily XML Extract,bulk-data-feed,Grants.gov (HHS-operated),n/a,federal-government-wide,federal,,https://www.grants.gov/xml-extract,API monitor,low,OK,high,any (per-opportunity codes),varies-by-opportunity,varies-by-opportunity,likely-allowable,"all federal NOFOs incl. NARCH, TCUP, TCEG",continuous rolling,"daily ~04:40 ET, 7 files retained",ZIP of XML + schema,no (bulk file),no,no,"VERIFIED WORKING: GrantsDBExtract20260825v2.zip, 78MB. Eligibility codes 07=fed-recognized tribal govt, 11=tribal org other, 08=Indian housing authority, 99=Unrestricted. v2 adds forecast data. 78MB/day means diff, not poll. THE primary detector. [research lane: Research funding]",Tier 1,seed_imported,not_started,NO_REVIEW_REQUIRED,federal_all_customers,NOT_DETERMINED_BY_REGISTRY,NOT_DETERMINED_BY_REGISTRY,monitoring_not_started
GRANTS-GOV-FETCHOPPORTUNITY-33AA88,Grants.gov fetchOpportunity API,api,HHS,Grants.gov PMO,federal,federal,,https://api.grants.gov/v1/api/fetchOpportunity,API monitor,low,TERMS_REVIEW_REQUIRED,very_high,applicantTypes id+description,encoded_in_code_07,code_11,UNKNOWN,all federal discretionary,per_opportunity,on_demand,JSON,yes,no,no,"best amendment surface anywhere: revision, synopsisModifiedFields, forecastModifiedFields, opportunityHistoryDetails, synAttChangeComments; exposes NOFO attachments [research lane: API/monitoring layer]",Tier 1,seed_imported,not_started,TERMS_REVIEW_REQUIRED,federal_all_customers,NOT_DETERMINED_BY_REGISTRY,NOT_DETERMINED_BY_REGISTRY,robots_or_terms_risk:TERMS_REVIEW_REQUIRED;monitoring_not_started
GRANTS-GOV-SAVED-SEARCH-EMAI-324B7D,Grants.gov saved-search email alerts,search endpoint / email alerts,GSA/HHS,Grants.gov,federal,federal,,https://www.grants.gov/search-grants,search endpoint monitor,med,TERMS_REVIEW_REQUIRED,native-eligible-among-others,all classes (varies by opportunity),varies,varies,sometimes-allowable-depends-on-NOFO,"convergence point for IHS, NPS, FWS, Reclamation and BIA applications",continuous,continuous,HTML / JSON,see Search2 API row,yes (saved-search email subscriptions),yes for saved searches,NPS explicitly recommends grants.gov saved-search email subscription as the sanctioned notification mechanism for ALN 15.922 rather than page-polling. IHS forecast page defers entirely to grants.gov [research lane: DOI/HHS + SC + philanthropy],Tier 1,seed_imported,not_started,TERMS_REVIEW_REQUIRED,federal_all_customers,NOT_DETERMINED_BY_REGISTRY,NOT_DETERMINED_BY_REGISTRY,robots_or_terms_risk:TERMS_REVIEW_REQUIRED;requires_login:yes for saved searches;monitoring_not_started
GRANTS-GOV-SEARCH2-API-2C1391,Grants.gov Search2 API,api,HHS,Grants.gov PMO,federal,federal,,https://api.grants.gov/v1/api/search2,API monitor,low,TERMS_REVIEW_REQUIRED,very_high,"07,11,08,99,25",encoded_in_code_07,code_11_covers_non_federally_recognized,UNKNOWN,all federal discretionary,per_opportunity,hourly_deltas,JSON,yes,no,no,POST no auth; pipe-delimited multi-values; no documented date filter; no documented rate limit but Right to Limit clause; mandatory attribution string [research lane: API/monitoring layer],Tier 1,seed_imported,not_started,TERMS_REVIEW_REQUIRED,federal_all_customers,NOT_DETERMINED_BY_REGISTRY,NOT_DETERMINED_BY_REGISTRY,robots_or_terms_risk:TERMS_REVIEW_REQUIRED;monitoring_not_started
GRANTS-GOV-SEARCH2-REST-API-D3C9B4,Grants.gov Search2 REST API,api,Grants.gov (HHS-operated),n/a,federal-government-wide,federal,,https://api.grants.gov/v1/api/search2,API monitor,low,TERMS_REVIEW_REQUIRED,high,any,varies-by-opportunity,varies-by-opportunity,likely-allowable,keyword/agency/eligibility queries,n/a,real-time,JSON,yes (docs verified; endpoint NOT verified),no,no,"Docs verified: ""no login or authentication key required"" for search2 and fetchOpportunity. POST-only so a live call was NOT made — treat as UNVERIFIED. Parameter names beyond `keyword` are UNKNOWN. MUST display: ""This product uses the Grants.gov API but is not endorsed or certified by the U.S. Department of Health and Human Services."" [research lane: Research funding]",Tier 1,seed_imported,not_started,TERMS_REVIEW_REQUIRED,federal_all_customers,NOT_DETERMINED_BY_REGISTRY,NOT_DETERMINED_BY_REGISTRY,robots_or_terms_risk:TERMS_REVIEW_REQUIRED;monitoring_not_started
GRANTS-GOV-XML-EXTRACT-V2-B4C8A6,Grants.gov XML Extract (v2),bulk_file,HHS,Grants.gov PMO,federal,federal,,https://prod-grants-gov-chatbot.s3.amazonaws.com/extracts/GrantsDBExtractYYYYMMDDv2.zip,API monitor,low,OK,very_high,"07,11,08,99,25",code_07,code_11,UNKNOWN,all federal discretionary,per_opportunity,daily_0440_ET,XML_in_ZIP,no,no,no,"78MB; only 7 days retained - missed day unrecoverable; only source with Estimated Synopsis Post/Close Date, Fiscal Year, Archive Date, 18k-char Description, 4k-char eligibility text; XSD inside zip [research lane: API/monitoring layer]",Tier 1,seed_imported,not_started,NO_REVIEW_REQUIRED,federal_all_customers,NOT_DETERMINED_BY_REGISTRY,NOT_DETERMINED_BY_REGISTRY,monitoring_not_started
HAZARD-MITIGATION-GRANT-PROG-FD574C,Hazard Mitigation Grant Program (HMGP),grant program,DHS,FEMA (Hazard Mitigation Assistance),federal,federal,,https://www.fema.gov/grants/mitigation/hazard-mitigation,static HTML page monitor,high,OK,high,tribal-government;state-or-local-govt-serving-natives,UNKNOWN,UNKNOWN,sometimes-allowable-depends-on-NOFO,mitigation planning; acquisition; elevation; safe rooms; utility retrofit,"post-declaration, not calendar-driven; application periods extended per FEMA guidance",event-driven,HTML,no (see OpenFEMA for awards),no,yes (FEMA GO),"TRIBAL DIRECT-RECIPIENT OPTION CONFIRMED: contact ""their appropriate state, tribe or territory (applicant level) Hazard Mitigation Office""; ""32 tribes are working directly with FEMA."" HARD GATE, verbatim: ""All state, local, tribal and territorial governments must develop and adopt hazard mitigation plans to receive funding for hazard mitigation project application."" Planning grants eligible. Individuals/businesses cannot apply. [research lane: DOJ/DHS/ED/DOL/SBA]",Tier 1,seed_imported,not_started,TERMS_REVIEW_REQUIRED,federal_all_customers,NOT_DETERMINED_BY_REGISTRY,NOT_DETERMINED_BY_REGISTRY,requires_login:yes (FEMA GO);monitoring_not_started
HHS-HRSA,HRSA Find Funding,opportunity_search,HHS,HRSA,United States,federal,,https://www.hrsa.gov/grants/find-funding,search endpoint monitor,medium,TERMS_REVIEW_REQUIRED,High,Tribes; tribal orgs; health nonprofits; NOFO controls,Varies,Varies,Sometimes allowable depending on NOFO/budget category,Rural health; workforce; telehealth,Recurring,Weekly,HTML/PDF,no,Yes,No,"BEST-STRUCTURED TARGET FOUND. Server-rendered — FON, deadline, bureau, status AND full ""Who can apply"" eligibility paragraph all inline on the LISTING page. /grants/find-funding is NOT under the robots-disallowed /search/. [research lane: seed-v1; Research funding]",Tier 1,seed_imported,not_started,TERMS_REVIEW_REQUIRED,federal_all_customers,NOT_DETERMINED_BY_REGISTRY,NOT_DETERMINED_BY_REGISTRY,robots_or_terms_risk:TERMS_REVIEW_REQUIRED;monitoring_not_started
HRSA-FIND-GRANT-FUNDING-SEAR-7B9C92,HRSA Find Grant Funding search,search endpoint,HHS,Health Resources and Services Administration,federal,federal,,https://www.hrsa.gov/grants/find-funding,search endpoint monitor,low,OK,native-eligible-among-others,"tribal-government, tribal-organization, native-nonprofit, native-serving-nonprofit, state-or-local-govt-serving-natives",no,yes,sometimes-allowable-depends-on-NOFO,"HRSA-27-099, HRSA-27-098 (neither tribal at fetch)","per-opportunity, explicit dates",weekly,HTML (structured),UNKNOWN,yes (GovDelivery public.govdelivery.com/accounts/USHHSHRSA/subscriber/new?qsp=HRSA-subscribe),no,"Best-structured funding search found in any agency: server-rendered with working filters and per-opportunity number, deadline, bureau, status AND a full Who Can Apply eligibility paragraph on the listing page. Federal Office of Rural Health Policy is a filter value. Bursty - only 2 opportunities open at fetch. Pairs with the HRSA Who Can Apply policy page, the only affirmative federal statement that non-federally-recognized tribal organizations may apply [research lane: DOI/HHS + SC + philanthropy]",Tier 1,seed_imported,not_started,NO_REVIEW_REQUIRED,federal_all_customers,NOT_DETERMINED_BY_REGISTRY,NOT_DETERMINED_BY_REGISTRY,monitoring_not_started
HRSA-WHO-CAN-APPLY-ELIGIBILI-4CBD11,HRSA Who Can Apply (eligibility policy),policy-page,HRSA,Health Resources and Services Administration,federal,federal,,https://www.hrsa.gov/grants/apply-for-a-grant/who-can-apply,static HTML page monitor,low,OK,high,"tribe, tribal-org, native-nonprofit",NO,YES,n/a,agency-general posture,n/a,reviewed Nov 2024,HTML,no,no,no,THE STANDOUT ELIGIBILITY FINDING of the whole engagement: HRSA lists Native American tribal (whether the U.S. government recognizes your organization or not) - the only affirmative statement found across NIH/CDC/HRSA/ANA that non-federally-recognized tribal organizations may apply. Model it as a DEFAULT that each NOFO overrides: both currently-open HRSA NOFOs are far narrower [research lane: Research funding; DOI/HHS + SC + philanthropy],Tier 1,seed_imported,not_started,NO_REVIEW_REQUIRED,federal_all_customers,NOT_DETERMINED_BY_REGISTRY,NOT_DETERMINED_BY_REGISTRY,monitoring_not_started
HUD-IHBG-COMPETITIVE-IHBG-CO-AB76ED,HUD IHBG-Competitive (IHBG-COMP),program page,HUD,PIH/ONAP,national,federal,,https://www.hud.gov/helping-americans/public-indian-housing-ihbg-cgp,PDF/NOFO page monitor,medium,TERMS_REVIEW_REQUIRED,exclusive,federally-recognized-tribe;tribal-government;tribal-organization,yes,only if already an IHBG Formula recipient,sometimes-allowable-depends-on-NOFO (HUD-426 Indirect Costs form + HUD-4123 Cost Summary in package),FY25 IHBG-COMP FR-6900-N-43,"annual competitive; NOFO ~Sept, due ~Jan (FY25 due 2026-01-15 VERIFIED); subject to annual appropriations",per NOFO cycle,HTML + PDF/XLSX/ZIP,no,via Codetalk,Grants.gov apply,Eligibility limited to existing IHBG Formula recipients. NOFO number inconsistent on-page (N-43 vs N-48) - verify via Grants.gov [research lane: USDA/HUD/Commerce],Tier 1,seed_imported,not_started,TERMS_REVIEW_REQUIRED,federal_all_customers,NOT_DETERMINED_BY_REGISTRY,NOT_DETERMINED_BY_REGISTRY,robots_or_terms_risk:TERMS_REVIEW_REQUIRED;requires_login:Grants.gov apply;monitoring_not_started
HUD-INDIAN-COMMUNITY-DEVELOP-905C41,HUD Indian Community Development Block Grant (ICDBG),program page,HUD,PIH/ONAP,national,federal,,https://www.hud.gov/helping-americans/public-indian-housing-grants-icdbg,PDF/NOFO page monitor,medium,TERMS_REVIEW_REQUIRED,exclusive,federally-recognized-tribe;tribal-government;tribal-organization,yes,appears excluded,clearly-allowable,ICDBG Single Purpose; ICDBG Imminent Threat,Single Purpose = annual competitive (FY25 revised to 2025-12-10 VERIFIED); Imminent Threat = ROLLING first-come-first-served,per NOFO cycle + rolling IT,HTML + PDF/PPTX,no,via Codetalk,Grants.gov apply,Two distinct tracks - model separately. IT set-aside up to $5M/yr per PIH 2025-09. Jan 2026 VA disability income exclusion (P.L. 119-70) [research lane: USDA/HUD/Commerce],Tier 1,seed_imported,not_started,TERMS_REVIEW_REQUIRED,federal_all_customers,NOT_DETERMINED_BY_REGISTRY,NOT_DETERMINED_BY_REGISTRY,robots_or_terms_risk:TERMS_REVIEW_REQUIRED;requires_login:Grants.gov apply;monitoring_not_started
HUD-INDIAN-HOUSING-BLOCK-GRA-9A8B5E,HUD Indian Housing Block Grant (IHBG),program page,HUD,PIH/ONAP,national,federal,,https://www.hud.gov/helping-americans/public-indian-housing-ihbg,static HTML page monitor,low,TERMS_REVIEW_REQUIRED,exclusive,federally-recognized-tribe;tribal-government;tribal-organization;state-recognized-tribe,yes (with narrow exception),YES - limited number of State-recognized Tribes explicitly eligible,likely-allowable (inferred from mandatory GEMS IHP/APR reporting; NO direct cost-principle language verified),IHBG formula; IHP/APR HUD-52737,"formula - annual allocation, no competition",quarterly,HTML,no,via Codetalk,GEMS submission requires login,RARE state-recognition carve-out: quote verified verbatim. 24 CFR 1000. Largest single source of Indian housing assistance [research lane: USDA/HUD/Commerce],Tier 1,seed_imported,not_started,TERMS_REVIEW_REQUIRED,federal_all_customers,NOT_DETERMINED_BY_REGISTRY,NOT_DETERMINED_BY_REGISTRY,robots_or_terms_risk:TERMS_REVIEW_REQUIRED;requires_login:GEMS submission requires login;monitoring_not_started
HUD-ONAP,HUD Office of Native American Programs,agency_grant_page,HUD,ONAP,United States,federal,,https://www.hud.gov/hud-partners/codetalk,static HTML page monitor,medium,OK,Very high,Federally recognized tribes; TDHEs; Alaska Native entities; program controls,Often,Usually no,Sometimes allowable depending on NOFO/budget category,IHBG; ICDBG,Recurring,Weekly,HTML/PDF,No,Yes,No,[research lane: seed-v1],Tier 1,seed_imported,not_started,NO_REVIEW_REQUIRED,federal_all_customers,NOT_DETERMINED_BY_REGISTRY,NOT_DETERMINED_BY_REGISTRY,monitoring_not_started
HUD-ONAP-CODETALK-HUB-5CA7C5,HUD ONAP Codetalk Hub,agency landing/news hub,HUD,PIH/ONAP,national,federal,,https://www.hud.gov/codetalk,static HTML page monitor,low,TERMS_REVIEW_REQUIRED,exclusive,federally-recognized-tribe;tribal-government;tribal-organization;native-nonprofit;tribal-college-or-BIE-school,yes,partial (IHBG only),clearly-allowable (ICDBG cites 24 CFR 1003.206),IHBG;IHBG-COMP;ICDBG;Tribal HUD-VASH;Sec184;Title VI;NHHBG,continuous/rolling news,weekly or faster,HTML + linked PDFs,no,yes (CODETALK-L listserv),no,HIGHEST-VALUE HUD TARGET. Replaces dead /program_offices/ paths. Carried 8+ distinct notices on fetch date [research lane: USDA/HUD/Commerce],Tier 1,seed_imported,not_started,TERMS_REVIEW_REQUIRED,federal_all_customers,NOT_DETERMINED_BY_REGISTRY,NOT_DETERMINED_BY_REGISTRY,robots_or_terms_risk:TERMS_REVIEW_REQUIRED;monitoring_not_started
HUD-ONAP-DEAR-TRIBAL-LEADER-162C81,HUD ONAP Dear Tribal Leader Letters,notice index,HUD,PIH/ONAP,national,federal,,https://www.hud.gov/helping-americans/public-indian-housing-tribal-letters,PDF/NOFO page monitor,medium,TERMS_REVIEW_REQUIRED,exclusive,federally-recognized-tribe;tribal-government;tribal-organization,yes,UNKNOWN,unclear,FY25 ICDBG NOFO DTL; FY27 IHBG formula DTL,event-driven,monthly-ish,HTML index + PDFs,no,via Codetalk,no,URL from verified Codetalk nav; page itself NOT fetched. DTLs are the authoritative tribal notice instrument [research lane: USDA/HUD/Commerce],Tier 1,seed_imported,not_started,TERMS_REVIEW_REQUIRED,federal_all_customers,NOT_DETERMINED_BY_REGISTRY,NOT_DETERMINED_BY_REGISTRY,robots_or_terms_risk:TERMS_REVIEW_REQUIRED;monitoring_not_started
IHS-DGM-FUNDING-OPPORTUNITIE-5927B7,IHS DGM Funding Opportunities index,NOFO index page,HHS,Indian Health Service / Division of Grants Management,federal,federal,,https://www.ihs.gov/dgm/funding/index.cfm,PDF/NOFO page monitor,low,OK,native-exclusive,"federally-recognized-tribe, tribal-government, tribal-organization, native-nonprofit",yes (IHS authority),appears excluded,sometimes-allowable-depends-on-NOFO,"FY26 open: ALZ Dementia Models of Care, Tribal Management Grant TMD-0001, Tribal Self-Governance Planning TSGP-0001, Negotiation TSGN-0001; FY26 closed: CHAP TPI, Epidemiology EP1, Produce Prescription PPPP, Injury Prevention IPP, Dental TDCP",varies by NOFO; no single national month,monthly-ish,HTML + linked PDFs,UNKNOWN,no feed on page,no,"Best single source in DOI/HHS scope. Year-sectioned Open/Closed 2021-2026. Stable PDF path /sites/dgm/themes/responsive2017/display_objects/documents/funding/. Publication policy CHANGED: 2022-23 announced via Federal Register, 2024+ via self-hosted PDFs - handle both. /dgm/forecast/ contains NO forecast data and defers to grants.gov: trap page, do not scrape. Non-competing continuations go via GrantSolutions, new/competing via Grants.gov [research lane: DOI/HHS + SC + philanthropy]",Tier 1,seed_imported,not_started,NO_REVIEW_REQUIRED,federal_all_customers,NOT_DETERMINED_BY_REGISTRY,NOT_DETERMINED_BY_REGISTRY,monitoring_not_started
HHS-IHS,IHS Funding Opportunities,agency_grant_page,HHS,Indian Health Service,United States,federal,,https://www.ihs.gov/dgm/funding/,static HTML page monitor,medium,OK,Very high,Tribes; tribal organizations; urban Indian organizations; NOFO controls,Often,Usually no,Sometimes allowable depending on NOFO/budget category,Health cooperative agreements,Recurring,Weekly,HTML/PDF,No,Yes,No,[research lane: seed-v1],Tier 1,seed_imported,not_started,NO_REVIEW_REQUIRED,federal_all_customers,NOT_DETERMINED_BY_REGISTRY,NOT_DETERMINED_BY_REGISTRY,monitoring_not_started
IHS-SPECIAL-DIABETES-PROGRAM-7383FC,IHS Special Diabetes Program for Indians,program page,HHS,Indian Health Service / Division of Diabetes,federal,federal,,https://www.ihs.gov/sdpi/,static HTML page monitor,med,OK,native-exclusive,"federally-recognized-tribe, tribal-government, tribal-organization, native-serving-nonprofit",yes,appears excluded,sometimes-allowable-depends-on-NOFO,SDPI Community-Directed; SDPI Nashville Area TA,recurring appropriation; month UNKNOWN,monthly,HTML + PDFs,no,yes (IHS Diabetes LISTSERV),no,"Verified $150 million annual program coordinated by the IHS Division of Diabetes with guidance from the Tribal Leaders Diabetes Committee, funding IHS, Tribal and Urban Indian health programs; received a $41M increase for FY2026. Behaves closer to formula than open competition. Runs its own SDPI Outcomes System (SOS) reporting platform - direct competitive-adjacent signal [research lane: DOI/HHS + SC + philanthropy]",Tier 1,seed_imported,not_started,NO_REVIEW_REQUIRED,federal_all_customers,NOT_DETERMINED_BY_REGISTRY,NOT_DETERMINED_BY_REGISTRY,monitoring_not_started
IHS-TRIBAL-LEADER-LETTERS-DT-621AC4,IHS Tribal Leader Letters (DTLL/DUIOLL),Dear Tribal Leader Letter page,HHS,Indian Health Service / Public Affairs,federal,federal,,https://www.ihs.gov/newsroom/triballeaderletters/,PDF/NOFO page monitor,low,OK,native-exclusive,"federally-recognized-tribe, tribal-government, tribal-organization",yes,appears excluded,unclear,"Verified 2026 funding-bearing DTLLs: SDPI consultation ~$70M (Jul 13), FY26 SDPI funding (May 21), Sanitation Facilities Construction final allocations (Jun 17), Small Ambulatory Program accepting FY25/26 applications (May 4), FY25 Joint Venture Construction Long-Term Care awards (Apr 29), IIJA $700M SFC allocation (Apr 22), CHEF threshold update (Mar 25)",rolling,2-4 per month,HTML + PDFs,no,no feed found,no,"Verified as a real funding channel not PR. Stable pattern .../{YYYY}_Letters/DTLL[_DUIOLL]_MMDDYYYY.pdf; archives to 2000. Surfaces facilities programs absent from the DGM grants index (Small Ambulatory, Joint Venture Construction, Sanitation Facilities Construction, CHEF). Parallel Urban Leader Letters page for UIO notices [research lane: DOI/HHS + SC + philanthropy]",Tier 1,seed_imported,not_started,NO_REVIEW_REQUIRED,federal_all_customers,NOT_DETERMINED_BY_REGISTRY,NOT_DETERMINED_BY_REGISTRY,monitoring_not_started
DOI-BIA-GRANTS,Indian Affairs Grants,agency_grant_page,Interior,Indian Affairs/OIED,United States,federal,,https://www.bia.gov/topic/grants,static HTML page monitor,low,OK,Very high,Primarily federally recognized tribes and eligible tribal entities; program controls,Often,Usually no,Varies,NABDI; NTBG; LLGP; EMDP; TEDC; IBIP; TTGP,Recurring,Weekly,HTML/PDF,No,UNKNOWN,No,[research lane: seed-v1],Tier 1,seed_imported,not_started,NO_REVIEW_REQUIRED,federal_all_customers,NOT_DETERMINED_BY_REGISTRY,NOT_DETERMINED_BY_REGISTRY,monitoring_not_started
INDIAN-EDUCATION-FORMULA-GRA-465BFA,Indian Education Formula Grants (Title VI),formula grant program,ED,Office of Indian Education,federal,federal,,https://www.ed.gov/grants-and-programs/formula-grants/formula-grants-special-populations/indian-education-formula-grants-formula,static HTML page monitor,low,OK,very high,federally-recognized-tribe;state-recognized-tribe;tribal-government;tribal-organization;native-nonprofit;state-or-local-govt-serving-natives;consortium-with-tribal-partner,no,yes,sometimes-allowable-depends-on-NOFO,culturally responsive instruction; Native language restoration; dropout prevention; early childhood,annual formula cycle,annual,HTML,no,email,no,"DISTINCTIVE RULE - encode separately. Student eligibility verbatim includes ""Any tribe or band recognized by the State in which the tribe or band resides,"" ""Any tribe or band terminated since 1940,"" and ""A descendant, in the first or second degree."" So STATE-RECOGNIZED TRIBES MEMBERS COUNT, unlike CTAS/THSGP. Applicants: LEAs, Indian Tribes, Indian Organizations, ICBOs, consortia - whether a state-recognized Tribe may itself apply is UNKNOWN. Requires Indian Parent Committee written approval. Equipment allowable ""only if the acquisition is essential to achieve the purpose of meeting the unique cultural, language, and educational needs of Indian students"" - narrow purpose-tied test. [research lane: DOJ/DHS/ED/DOL/SBA]",Tier 1,seed_imported,not_started,NO_REVIEW_REQUIRED,federal_all_customers,NOT_DETERMINED_BY_REGISTRY,NOT_DETERMINED_BY_REGISTRY,monitoring_not_started
EPA-GAP,Indian Environmental General Assistance Program,capacity_program,EPA,AIEO,United States,federal,,https://www.epa.gov/tribal/indian-environmental-general-assistance-program-gap,PDF/NOFO page monitor,low,OK,Very high,Federally recognized tribes; eligible intertribal consortia,Yes,No,Likely allowable,Environmental program capacity,Annual/periodic,Monthly,HTML/PDF,No,Yes,No,[research lane: seed-v1],Tier 1,seed_imported,not_started,NO_REVIEW_REQUIRED,federal_all_customers,NOT_DETERMINED_BY_REGISTRY,NOT_DETERMINED_BY_REGISTRY,monitoring_not_started
INDIAN-ENVIRONMENTAL-GENERAL-101276,Indian Environmental General Assistance Program (GAP),program,EPA,OITA / American Indian Environmental Office,national (10 EPA Regions),federal,,https://www.epa.gov/general-assistance-program-gap,PDF/NOFO page monitor,low,OK,native-exclusive,"federally-recognized-tribe, tribal-government, tribal-organization (intertribal consortia only)",yes,no — 40 CFR 35.502 requires DOI recognition; state-recognized excluded with no alternate path,clearly-allowable,GAP grants; GAP-in-PPG; GAP Supplemental Projects,"annual; national NOFA posts ~November; work-plan/Grants.gov deadlines vary by Region, Feb–July (FY26: R9 2/6, R10 2/13, R8 2/26, R6 2/27, R4 4/17, R3 5/29, R1 7/3)",annual NOFA + page edits (page modified 2026-08-19),HTML + PDF,no,email via EPA newsroom subs; no RSS,no,"ALN 66.926 (FON EPA-CEP-02); PPG ALN 66.605 (FON EPA-CEP-01). ~520+ awards; $75k floor, 10%-of-appropriation ceiling; no cost share; 4-yr periods (5 in PPG); 15% de minimis IDC. Allowability language: ""core environmental program capacities, such as administrative, financial management, information management…"". Costs must map to work plan components + ETEP priorities. Region-specific deadlines require a per-Region deadline model, not one national date. [research lane: DOE/EPA/DOT]",Tier 1,seed_imported,not_started,NO_REVIEW_REQUIRED,federal_all_customers,NOT_DETERMINED_BY_REGISTRY,NOT_DETERMINED_BY_REGISTRY,monitoring_not_started
HUD-IHBG,Indian Housing Block Grant,formula_program,HUD,ONAP,United States,federal,,https://www.hud.gov/hud-partners/codetalk-ihbg,static HTML page monitor,low,OK,Very high,Eligible Indian tribes; TDHEs,Yes,No,Sometimes allowable depending on NOFO/budget category,IHBG,Annual formula,Monthly,HTML/PDF,No,Yes,No,[research lane: seed-v1],Tier 1,seed_imported,not_started,NO_REVIEW_REQUIRED,federal_all_customers,NOT_DETERMINED_BY_REGISTRY,NOT_DETERMINED_BY_REGISTRY,monitoring_not_started
DOC-NTIA,Internet for All Funding Programs,agency_grant_page,Commerce,NTIA,United States,federal,,https://www.internetforall.gov/funding-programs,static HTML page monitor,medium,OK,Very high,States; tribes; subgrantees; entities vary by program,Varies,Varies,Sometimes allowable depending on NOFO/budget category,BEAD; Tribal Broadband Connectivity; Digital Equity,Round based,Weekly,HTML/PDF,No,Yes,No,[research lane: seed-v1],Tier 1,seed_imported,not_started,NO_REVIEW_REQUIRED,federal_all_customers,NOT_DETERMINED_BY_REGISTRY,NOT_DETERMINED_BY_REGISTRY,monitoring_not_started
USDA-NIFA,NIFA Grants,agency_grant_page,USDA,NIFA,United States,federal,,https://www.nifa.usda.gov/grants,static HTML page monitor,low,OK,Very high,TCUs; tribes; universities; nonprofits; NOFO controls,Varies,Varies,Sometimes allowable depending on NOFO/budget category,Tribal Colleges; extension; food systems,Recurring,Weekly,HTML/PDF,No,Yes,No,[research lane: seed-v1],Tier 1,seed_imported,not_started,NO_REVIEW_REQUIRED,federal_all_customers,NOT_DETERMINED_BY_REGISTRY,NOT_DETERMINED_BY_REGISTRY,monitoring_not_started
NIH-GUIDE,NIH Guide for Grants and Contracts,research_opportunity_feed,HHS,NIH,United States,federal,,https://grants.nih.gov/funding/searchguide/index.html,RSS/feed monitor,low,OK,High,Research institutions; tribes/tribal orgs may vary; partnerships,Varies,Varies,Sometimes allowable depending on NOFO/budget category,Native health; disparities; data science,Rolling,Daily,HTML/RSS,No,Yes,No,[research lane: seed-v1],Tier 1,seed_imported,not_started,NO_REVIEW_REQUIRED,federal_all_customers,NOT_DETERMINED_BY_REGISTRY,NOT_DETERMINED_BY_REGISTRY,monitoring_not_started
NIH-GUIDE-WEEKLY-INDEX-6F7889,NIH Guide Weekly Index,html_table,HHS,NIH,federal,federal,,https://grants.nih.gov/grants/guide/WeeklyIndexMobile.cfm,static HTML page monitor,low,OK,high,"ihe, tribe, tribal-org, native-nonprofit",varies-by-NOFO,varies-by-NOFO,clearly-allowable,N CREW program,per_notice,weekly,HTML,no,yes_listserv,no,"USE THIS, NOT the Guide search UI — the search UI is a React SPA serving ""You need to enable JavaScript to run this app."" Archive at AllYearsIndex.cfm. Documents at stable /grants/guide/pa-files/PAR-YY-NNN.html and /notice-files/NOT-XX-YY-NNN.html. [research lane: API/monitoring layer; Research funding]",Tier 1,seed_imported,not_started,NO_REVIEW_REQUIRED,federal_all_customers,NOT_DETERMINED_BY_REGISTRY,NOT_DETERMINED_BY_REGISTRY,monitoring_not_started
NIH-NARCH-HEALTH-RESEARCH-PR-7CF645,NIH NARCH / Health Research Programs for Federally-Recognized Tribes,program page,HHS,NIH / NIGMS Division for Research Capacity Building,federal,federal,,https://www.nigms.nih.gov/Research/DRCB/NARCH/Pages/default,static HTML page monitor,low,OK,native-exclusive,"federally-recognized-tribe, tribal-government, tribal-organization, tribal-college-or-BIE-school",yes (explicit),no,clearly-allowable,"NARCH S06 (PAR-23-166), NARCH R34 (PAR-25-441), TIRBEE R24 (PAR-24-260)",UNKNOWN (inside the PAR documents),updated 07/14/2026,HTML + PDF,no,no,no,"THE most important tribal-direct research program found: Tribes apply DIRECTLY with no university pass-through. Verbatim eligibility: federally-recognized AI/AN Tribes, Tribal colleges or universities, Tribal health programs, or Tribal organizations. RENAMED - the page title is now Health Research Programs for Federally-Recognized Tribes or Tribal Entities, so do not match on NARCH alone. NIGMS carries a blanket disclaimer that pages may describe discontinued programs [research lane: DOI/HHS + SC + philanthropy]",Tier 1,seed_imported,not_started,NO_REVIEW_REQUIRED,federal_all_customers,NOT_DETERMINED_BY_REGISTRY,NOT_DETERMINED_BY_REGISTRY,monitoring_not_started
NIH-NARCH-TRIBAL-HEALTH-RESE-5244EE,NIH NARCH / Tribal Health Research Programs,program-page,NIH,NIGMS Division for Research Capacity Building,federal,federal,,https://www.nigms.nih.gov/Research/DRCB/NARCH/Pages/default,static HTML page monitor,low,OK,high,"tribe, tribal-org, tribal-college",YES (explicit),no,clearly-allowable,"NARCH S06 (PAR-23-166), NARCH R34 (PAR-25-441), TIRBEE R24 (PAR-24-260)",UNKNOWN (in the PAR docs),updated 07/14/2026,HTML + PDF,no,no,no,"THE most important tribal-direct research program found. Quote: ""federally-recognized AI/AN Tribes, Tribal colleges or universities, Tribal health programs, or Tribal organizations."" Tribes apply DIRECTLY, no university pass-through. RENAMED — page title is now ""Health Research Programs for Federally-Recognized Tribes or Tribal Entities""; do not match on ""NARCH"" alone. NIGMS carries a blanket disclaimer that pages may describe discontinued programs. [research lane: Research funding]",Tier 1,seed_imported,not_started,NO_REVIEW_REQUIRED,federal_all_customers,NOT_DETERMINED_BY_REGISTRY,NOT_DETERMINED_BY_REGISTRY,monitoring_not_started
NIH-THRO-CURATED-AI-AN-NOFO-BCF6F2,NIH THRO Curated AI/AN NOFO Index,curated-list,NIH,DPCPSI / Tribal Health Research Office,federal,federal,,https://dpcpsi.nih.gov/thro/programs,static HTML page monitor,low,OK,high,"tribe, tribal-org, tribal-college",yes (for the AI/AN-specific programs),no,clearly-allowable,"NARCH, TIRBEE, TURTLE, N CREW, IRINAH, TEC research",per-linked-NOFO,reviewed Jun 8 2026,HTML,no,no,no,"IRREPLACEABLE: hand-curated split into ""AI/AN-Specific NOFOs"" vs ""AI/AN-Relevant NOFOs"" — a relevance signal that cannot be reconstructed from Grants.gov keywords. Links to pa-files/notice-files and Grants.gov detail pages. [research lane: Research funding]",Tier 1,seed_imported,not_started,NO_REVIEW_REQUIRED,federal_all_customers,NOT_DETERMINED_BY_REGISTRY,NOT_DETERMINED_BY_REGISTRY,monitoring_not_started
NIH-TRIBAL-HEALTH-RESEARCH-O-26023A,NIH Tribal Health Research Office curated NOFO index,curated list,HHS,NIH / DPCPSI Tribal Health Research Office,federal,federal,,https://dpcpsi.nih.gov/thro/programs,static HTML page monitor,low,OK,native-priority,"federally-recognized-tribe, tribal-organization, tribal-college-or-BIE-school, consortium-with-tribal-partner",yes for the AI/AN-specific programs,no,clearly-allowable,"NARCH, TIRBEE, TURTLE, N CREW, IRINAH, Tribal Epidemiology Center research",per linked NOFO,reviewed Jun 8 2026,HTML,no,no,no,IRREPLACEABLE: hand-curated and split into AI/AN-Specific NOFOs versus AI/AN-Relevant NOFOs - a relevance signal that cannot be reconstructed from Grants.gov keyword search. Links to pa-files/notice-files and Grants.gov detail pages. Note /thro/funding 404s; use /thro/programs [research lane: DOI/HHS + SC + philanthropy],Tier 1,seed_imported,not_started,NO_REVIEW_REQUIRED,federal_all_customers,NOT_DETERMINED_BY_REGISTRY,NOT_DETERMINED_BY_REGISTRY,monitoring_not_started
NPS-TRIBAL-HERITAGE-GRANTS-5AA482,NPS Tribal Heritage Grants,program page + NOFO,DOI,National Park Service / State Tribal Local Plans & Grants,federal,federal,,https://www.nps.gov/subjects/historicpreservationfund/tribal-heritage-grants.htm,PDF/NOFO page monitor,med,OK,native-exclusive,"federally-recognized-tribe, tribal-government, native-nonprofit",yes,appears excluded,likely-allowable,"Tribal Heritage Grants, ALN 15.904, FY26 NOFO P25AS00501",annual; FY26 closed 2026-07-27 23:59 ET,annual,HTML + grants.gov link,UNKNOWN,yes (HPF bulletin + GovDelivery via t1.info.nps.gov),no,"ALN 15.904 verified on page. ~$900,000 appropriated; no non-Federal match required. Eligibility verbatim: Federally-recognized Indian Tribes, Native Alaska Villages/Corporations, and Native Hawaiian Organizations per 54 USC 300309/300313/300314. Program purposes expressly include enabling the establishment of tribal historic preservation offices - i.e. standing up administrative capacity is fundable. Embedded article list is JS-loaded [research lane: DOI/HHS + SC + philanthropy]",Tier 1,seed_imported,not_started,NO_REVIEW_REQUIRED,federal_all_customers,NOT_DETERMINED_BY_REGISTRY,NOT_DETERMINED_BY_REGISTRY,monitoring_not_started
NSF-FUNDING,NSF Funding Opportunities,research_opportunity_search,NSF,,United States,federal,,https://www.nsf.gov/funding,search endpoint monitor,medium,TERMS_REVIEW_REQUIRED,High,Institutions; TCUs; tribes/partners vary,Varies,Varies,Sometimes allowable depending on NOFO/budget category,TCUP; EPSCoR; STEM; cyberinfrastructure,Rolling,Weekly,HTML/PDF,UNKNOWN,Yes,No,[research lane: seed-v1],Tier 1,seed_imported,not_started,TERMS_REVIEW_REQUIRED,federal_all_customers,NOT_DETERMINED_BY_REGISTRY,NOT_DETERMINED_BY_REGISTRY,robots_or_terms_risk:TERMS_REVIEW_REQUIRED;monitoring_not_started
NSF-PROGRAM-ANNOUNCEMENTS-RS-2B3EFD,NSF Program Announcements RSS,rss,NSF,all directorates,federal,federal,,https://www.nsf.gov/rss/rss_www_funding_pgm_annc_inf.xml,RSS/feed monitor,low,TERMS_REVIEW_REQUIRED,medium,"tribal-college, ihe, native-nonprofit, tribe",varies (TCUP/AISL: yes),no,likely-allowable,"TCUP, GCR, CyberAI SFS",per-solicitation,"continuous, 15 items",RSS/XML,no (opportunity API does not exist),yes (VERIFIED),no,"VERIFIED WORKING, application/rss+xml, doc numbers in description. Primary NSF discovery feed. robots.txt DISALLOWS /funding/opportunities?*, /funding/opps*, csvexport*, /awardsearch/*, /pubs/*. Individual slug pages ARE allowed. /funding/opportunities returns HTTP 200 with EMPTY BODY (JS-rendered). [research lane: Research funding]",Tier 1,seed_imported,not_started,TERMS_REVIEW_REQUIRED,federal_all_customers,NOT_DETERMINED_BY_REGISTRY,NOT_DETERMINED_BY_REGISTRY,robots_or_terms_risk:TERMS_REVIEW_REQUIRED;monitoring_not_started
NSF-TCUP-0C2ADB,NSF TCUP,program-page,NSF,EDU/EES,federal,federal,,https://www.nsf.gov/funding/opportunities/tcup-tribal-colleges-universities-program,static HTML page monitor,low,OK,high,"tribal-college (incl. ANSI, NHSI)",YES,no,likely-allowable,"TSETS, CHAI, SGR, ICE-TI, TSIP, TEA Centers, Partnerships",VERIFIED 6 recurring dates: Sep 1; Oct 15-Oct 14 window; Jan 11; Apr 1; Jun 1,per-strand annual,HTML,no,via NSF RSS,no,"NSF 21-595, pims_id 5483. ~$10.3M, 17-55 awards. INSTITUTIONS ONLY — not Tribes-as-governments, not Native nonprofits. Model deadlines as (strand, type, recurrence), not one date. CHAI is the realistic TCU cyberinfrastructure path. [research lane: Research funding]",Tier 1,seed_imported,not_started,NO_REVIEW_REQUIRED,federal_all_customers,NOT_DETERMINED_BY_REGISTRY,NOT_DETERMINED_BY_REGISTRY,monitoring_not_started
ED-OIE,Office of Indian Education,agency_grant_page,Education,Office of Elementary and Secondary Education,United States,federal,,https://oese.ed.gov/offices/office-of-indian-education/,static HTML page monitor,low,OK,Very high,Tribes; LEAs; BIE schools; Native orgs; program controls,Varies,Varies,Sometimes allowable depending on NOFO/budget category,Indian Education grants; Native language,Recurring,Weekly,HTML/PDF,No,Yes,No,[research lane: seed-v1],Tier 1,seed_imported,not_started,NO_REVIEW_REQUIRED,federal_all_customers,NOT_DETERMINED_BY_REGISTRY,NOT_DETERMINED_BY_REGISTRY,monitoring_not_started
DOE-INDIAN,Office of Indian Energy Funding,agency_grant_page,Energy,Office of Indian Energy,United States,federal,,https://www.energy.gov/indianenergy/funding,static HTML page monitor,low,OK,Very high,Indian tribes; tribal energy development organizations; Alaska Native entities; NOFO controls,Often,Usually no,Sometimes allowable depending on NOFO/budget category,Energy planning; deployment,Recurring,Weekly,HTML/PDF,No,Yes,No,[research lane: seed-v1],Tier 1,seed_imported,not_started,NO_REVIEW_REQUIRED,federal_all_customers,NOT_DETERMINED_BY_REGISTRY,NOT_DETERMINED_BY_REGISTRY,monitoring_not_started
OPENFEMA-API-1BE851,OpenFEMA API,data API,DHS,FEMA,federal,federal,,https://www.fema.gov/about/openfema/api,API monitor,low,OK,medium (awards intel only),n/a,n/a,n/a,n/a,HazardMitigationAssistanceProjects; HmaSubapplications; HazardMitigationPlanStatuses; EmergencyManagementPerformanceGrants; NonDisasterAssistanceFirefighterGrants; DisasterDeclarationsSummaries,n/a,per-dataset refresh schedule; lastRefresh field enables incremental pulls,"JSON, JSONA, CSV, GeoJSON, Parquet",yes,no,no,"VERIFIED: free, no API key, no subscription. Base https://www.fema.gov/api/open, versioned v1/v2. OData-style $filter/$select/$orderby/$top(max 10000)/$skip/$count/$allrecords. OpenAPI 3.0 at /api/open/metadata/v3.0/OpenApi.json. DOES NOT COVER GRANT NOFOs - I enumerated all 50 datasets and none is a funding-opportunity dataset; coverage is awards, claims, disaster outcomes. Best use: HazardMitigationPlanStatuses as an HMA eligibility gate signal, and HmaSubapplications for competitive intel. [research lane: DOJ/DHS/ED/DOL/SBA]",Tier 1,seed_imported,not_started,NO_REVIEW_REQUIRED,federal_all_customers,NOT_DETERMINED_BY_REGISTRY,NOT_DETERMINED_BY_REGISTRY,monitoring_not_started
OVC-TRIBAL-VICTIM-SERVICES-S-C7D514,OVC Tribal Victim Services Set-Aside (TVSSA),grant program,DOJ,Office for Victims of Crime,federal,federal,,https://ovc.ojp.gov/program/tribal/overview,static HTML page monitor,low,OK,very high,federally-recognized-tribe;tribal-government;tribal-organization,UNKNOWN,UNKNOWN,likely-allowable,victim services; needs assessment; strategic planning; MMIP; outreach,UNKNOWN; not open as of 2026-08-26,UNKNOWN,HTML,no,email,no,"Confirmed as FORMULA (set-aside) not competitive, per ojp.gov/tribal-funding-directory. Verbatim allowable: ""community needs assessment and strategic planning... other activities needed to address the needs of a wide variety of crime victims."" Program page not directly fetched - eligibility detail UNKNOWN. [research lane: DOJ/DHS/ED/DOL/SBA]",Tier 1,seed_imported,not_started,NO_REVIEW_REQUIRED,federal_all_customers,NOT_DETERMINED_BY_REGISTRY,NOT_DETERMINED_BY_REGISTRY,monitoring_not_started
OVW-FUNDING-OPPORTUNITIES-0F5CA2,OVW Funding Opportunities,funding list page,DOJ,Office on Violence Against Women,federal,federal,,https://www.justice.gov/ovw/funding-opportunities,static HTML page monitor,low,OK,very high,federally-recognized-tribe;tribal-government;tribal-organization;native-nonprofit,varies by program,no (tribal programs),unclear,Tribal Governments Program; TSASP; Tribal Jurisdiction; Tribal SAUSA,per-program; open/closed status stated inline,per solicitation,HTML (Drupal 11),no,email (GovDelivery topic USDOJ_59),no,Page states per-program status inline (Accepting/CLOSED/Not currently accepting) - excellent scrape target. Banner flags a court-ordered stay on a certification requirement affecting fundable activities. Closed prior-year NOFOs list out-of-scope activities. [research lane: DOJ/DHS/ED/DOL/SBA],Tier 1,seed_imported,not_started,NO_REVIEW_REQUIRED,federal_all_customers,NOT_DETERMINED_BY_REGISTRY,NOT_DETERMINED_BY_REGISTRY,monitoring_not_started
DOJ-OVW,OVW Open Solicitations,agency_grant_page,Justice,Office on Violence Against Women,United States,federal,,https://www.justice.gov/ovw/open-solicitations,static HTML page monitor,low,OK,Very high,Tribes; tribal coalitions; nonprofits; solicitation controls,Varies,Varies,Sometimes allowable depending on NOFO/budget category,Tribal Governments Program; coalitions,Annual/recurring,Weekly,HTML/PDF,No,Yes,No,[research lane: seed-v1],Tier 1,seed_imported,not_started,NO_REVIEW_REQUIRED,federal_all_customers,NOT_DETERMINED_BY_REGISTRY,NOT_DETERMINED_BY_REGISTRY,monitoring_not_started
OVW-TRIBAL-GOVERNMENTS-PROGR-65321B,OVW Tribal Governments Program,grant program,DOJ,OVW Tribal Affairs Division,federal,federal,,https://www.justice.gov/ovw/funding-opportunities,PDF/NOFO page monitor,low,OK,very high,federally-recognized-tribe;tribal-government;consortium-with-tribal-partner,yes,no,unclear,DV/SA/stalking response; tribal capacity,annual; FY26 closing 2026-09-03,annual,HTML + PDF,no,email,no,"Verbatim eligible: ""federally recognized Tribes, Tribal consortia, or an organization that is acting as the authorized designee of a federally recognized Indian Tribe."" FY25: 64 awards / $47.47M. FY26 NOFO at justice.gov/ovw/media/1444006/dl. [research lane: DOJ/DHS/ED/DOL/SBA]",Tier 1,seed_imported,not_started,NO_REVIEW_REQUIRED,federal_all_customers,NOT_DETERMINED_BY_REGISTRY,NOT_DETERMINED_BY_REGISTRY,monitoring_not_started
OVW-TRIBAL-SEXUAL-ASSAULT-SE-21385B,OVW Tribal Sexual Assault Services Program (TSASP),grant program,DOJ,OVW Tribal Affairs Division,federal,federal,,https://www.justice.gov/ovw/funding-opportunities,PDF/NOFO page monitor,low,OK,very high,federally-recognized-tribe;tribal-government;tribal-organization;native-nonprofit;consortium-with-tribal-partner,yes,no,unclear,sexual assault services in Indian country and Alaska Native villages,annual; FY26 closing 2026-09-03,annual,HTML + PDF,no,email,no,"Verbatim eligible: ""Indian Tribes, Tribal consortia, Tribal organizations, and nonprofit Tribal organizations."" Broadest native-nonprofit eligibility in the DOJ set. FY26 NOFO at justice.gov/ovw/media/1444381/dl. [research lane: DOJ/DHS/ED/DOL/SBA]",Tier 1,seed_imported,not_started,NO_REVIEW_REQUIRED,federal_all_customers,NOT_DETERMINED_BY_REGISTRY,NOT_DETERMINED_BY_REGISTRY,monitoring_not_started
RECLAMATION-NATIVE-AMERICAN-73C846,Reclamation Native American Affairs Technical Assistance Program,program page + NOFO archive,DOI,Bureau of Reclamation / Native American and International Affairs Office,federal (17 Western States),federal,,https://www.usbr.gov/native/programs/TAPprogram.html,PDF/NOFO page monitor,med,OK,native-exclusive,"federally-recognized-tribe, tribal-government",yes (explicit tribal-only program),appears excluded,likely-allowable,"Colorado River Basin Tribal Drought Resiliency (grants.gov R26AS00021, $6M, up to $1M per Tribe); Technical Assistance to Tribes",annual; current closes 2026-09-28,annual + amendments,HTML + PDF + XLSX,no,yes (usbr.gov/newsroom/rssxml/rssfeeds.html),no,"Verbatim: one program is available only to federally recognized Indian Tribes. Supported activities include water needs assessments, improved water management studies, water quality data collection and assessments, and water measurement studies - data collection squarely in scope. CURRENT opportunity restricted to a hard-coded list of 30 named Colorado River Basin Tribes: capture eligibility as an enumerated set, not a class. Page mislabels a June-2026 opportunity as a 2025 NOFO - trust the NOFO number and stated dates, not heading years. Sibling programs: Indian Water Rights Settlements, PL 93-638 Program, Tribal Domestic Water Supplies [research lane: DOI/HHS + SC + philanthropy]",Tier 1,seed_imported,not_started,NO_REVIEW_REQUIRED,federal_all_customers,NOT_DETERMINED_BY_REGISTRY,NOT_DETERMINED_BY_REGISTRY,monitoring_not_started
USDA-RECONNECT,ReConnect Program,program_page,USDA,Rural Utilities Service,United States,federal,,https://www.rd.usda.gov/programs-services/telecommunications-programs/reconnect-program,PDF/NOFO page monitor,low,OK,High,Tribes; corporations; cooperatives; governments; round controls,Varies,Varies,Sometimes allowable depending on NOFO/budget category,Broadband infrastructure,Round based,Weekly,HTML/PDF,No,Yes,No,[research lane: seed-v1],Tier 1,seed_imported,not_started,NO_REVIEW_REQUIRED,federal_all_customers,NOT_DETERMINED_BY_REGISTRY,NOT_DETERMINED_BY_REGISTRY,monitoring_not_started
FED-SAM-AL,SAM.gov Assistance Listings,program_catalog,GSA,SAM.gov,United States,federal,,https://sam.gov/content/assistance-listings,search endpoint monitor,medium,TERMS_REVIEW_REQUIRED,High,All classes; listing controls,Varies,Varies,Unclear,Assistance Listings,Annual/ongoing,Weekly,HTML/JSON,UNKNOWN,Yes,No,Program catalog not open-opportunity feed [research lane: seed-v1],Tier 1,seed_imported,not_started,TERMS_REVIEW_REQUIRED,federal_all_customers,NOT_DETERMINED_BY_REGISTRY,NOT_DETERMINED_BY_REGISTRY,robots_or_terms_risk:TERMS_REVIEW_REQUIRED;monitoring_not_started
SAM-GOV-ASSISTANCE-LISTINGS-BA260C,SAM.gov Assistance Listings and bulk data,ALN registry / bulk data,GSA,Integrated Award Environment,federal,federal,,https://sam.gov/content/assistance-listings,API monitor,med,TERMS_REVIEW_REQUIRED,native-eligible-among-others,all classes per listing (ET-codes),per listing,per listing,UNKNOWN,authoritative ALN source for every program row,continuous,continuous,HTML + bulk data files + annual PDF catalogs 2008-2025,UNKNOWN (data-services path exists),yes,no for public data,"Bulk path sam.gov/data-services/Assistance%20Listings?privacy=Public. Site posts a CUI and subject-to-monitoring warning and its terms prohibit automated data gathering and web scraping tools with account denial as the stated consequence - use the keyed API, never scrape. Resolve ALNs here at scale rather than off dozens of program pages [research lane: DOI/HHS + SC + philanthropy]",Tier 1,seed_imported,not_started,TERMS_REVIEW_REQUIRED,federal_all_customers,NOT_DETERMINED_BY_REGISTRY,NOT_DETERMINED_BY_REGISTRY,robots_or_terms_risk:TERMS_REVIEW_REQUIRED;requires_login:no for public data;monitoring_not_started
SAM-GOV-ASSISTANCE-LISTINGS-4DBA70,SAM.gov Assistance Listings API,api,GSA,SAM.gov,federal,federal,,https://api.sam.gov/assistance-listings/v1/search,API monitor,low,TERMS_REVIEW_REQUIRED,very_high,"ET23010,ET23020,ET23030,ET26040,ET11010,ET12010",ET23010,ET23020,n/a,all ALN/CFDA programs,n/a,not_documented,JSON,yes,no,yes_for_key,"RATE LIMIT IS THE BINDING CONSTRAINT: non-federal user with NO role = 10 requests/DAY; WITH a role = 1,000/day. Get a role. Verified tribal codes ET23010 (fed-recognized), ET23020 (other than fed-recognized), ET23030 (Tribally Designated Housing Authority), ET26040 (Tribal); plus ET11010 Unrestricted and ET12010 ""Determined at NOFO Level"" which hide tribal eligibility. TERMS PROHIBIT SCRAPING OUTRIGHT: ""Automated data gathering, web scraping tools are prohibited and… will result in the associated account(s) being denied access."" API only. Rotate key every 90 days. No bulk file could be verified. [research lane: API/monitoring layer; Research funding]",Tier 1,seed_imported,not_started,TERMS_REVIEW_REQUIRED,federal_all_customers,NOT_DETERMINED_BY_REGISTRY,NOT_DETERMINED_BY_REGISTRY,robots_or_terms_risk:TERMS_REVIEW_REQUIRED;requires_login:yes_for_key;monitoring_not_started
HHS-SAMHSA,SAMHSA Grants,agency_grant_page,HHS,SAMHSA,United States,federal,,https://www.samhsa.gov/grants,static HTML page monitor,low,OK,High,Tribes; tribal orgs; nonprofits; states/localities; NOFO controls,Varies,Varies,Sometimes allowable depending on NOFO/budget category,Behavioral health; tribal opioid response,Recurring,Daily,HTML/PDF,No,Yes,No,[research lane: seed-v1],Tier 1,seed_imported,not_started,NO_REVIEW_REQUIRED,federal_all_customers,NOT_DETERMINED_BY_REGISTRY,NOT_DETERMINED_BY_REGISTRY,monitoring_not_started
SIMPLER-GRANTS-GOV-API-485D8E,Simpler.Grants.gov API,api,HHS,Simpler.Grants.gov,federal,federal,,https://api.simpler.grants.gov,API monitor,low,OK,very_high,applicant_type enum (tribal value NOT documented),Varies,Varies,Sometimes allowable depending on NOFO/budget category,all federal discretionary,per_opportunity,search_cache_hourly,"JSON,CSV",yes,no,yes_for_key_issuance,"X-API-Key via Login.gov self-service; 60/min + 10k/day; keys auto-disable after 30 days unused; search caps at 10,000 results; attachments only via GET-by-id; EARLY DEVELOPMENT - subject to change; MUST recover tribal applicant_type enum from live Swagger [research lane: API/monitoring layer] Alternate/legacy URL seen: https://simpler.grants.gov/developers.",Tier 1,seed_imported,not_started,TERMS_REVIEW_REQUIRED,federal_all_customers,NOT_DETERMINED_BY_REGISTRY,NOT_DETERMINED_BY_REGISTRY,requires_login:yes_for_key_issuance;monitoring_not_started
SIMPLER-GRANTS-GOV-EXTRACTS-92CF68,Simpler.Grants.gov Extracts,bulk_file,HHS,Simpler.Grants.gov,federal,federal,,https://api.simpler.grants.gov/v1/extracts,API monitor,low,OK,very_high,same_as_search,UNKNOWN,UNKNOWN,UNKNOWN,all,NA,daily_inferred,"JSON,CSV",yes,no,yes_for_key,POST returns metadata + presigned S3 download_url (download may not need key); official guidance: use for full-corpus pulls [research lane: API/monitoring layer],Tier 1,seed_imported,not_started,TERMS_REVIEW_REQUIRED,federal_all_customers,NOT_DETERMINED_BY_REGISTRY,NOT_DETERMINED_BY_REGISTRY,requires_login:yes_for_key;monitoring_not_started
CISA-SLCGP,State and Local Cybersecurity Grant Program,pass_through_program,DHS,CISA/FEMA,United States,federal,,https://www.cisa.gov/cybergrants/slcgp,static HTML page monitor,low,OK,High,State prime recipients; local/tribal subrecipient routes vary,Varies,Varies,Likely allowable,Cybersecurity plans projects tools,Annual/round,Monthly,HTML/PDF,No,Yes,No,Instantiate state route [research lane: seed-v1],Tier 1,seed_imported,not_started,NO_REVIEW_REQUIRED,federal_all_customers,NOT_DETERMINED_BY_REGISTRY,NOT_DETERMINED_BY_REGISTRY,monitoring_not_started
FEMA-THSGP,Tribal Homeland Security Grant Program,program_page,DHS,FEMA,United States,federal,,https://www.fema.gov/grants/preparedness/tribal-homeland-security,PDF/NOFO page monitor,low,OK,Very high,Federally recognized tribes meeting statutory criteria,Yes,No,Sometimes allowable depending on NOFO/budget category,THSGP,Annual,Weekly,HTML/PDF,No,Yes,No,[research lane: seed-v1],Tier 1,seed_imported,not_started,NO_REVIEW_REQUIRED,federal_all_customers,NOT_DETERMINED_BY_REGISTRY,NOT_DETERMINED_BY_REGISTRY,monitoring_not_started
TRIBAL-HOMELAND-SECURITY-GRA-C7317E,Tribal Homeland Security Grant Program (THSGP),grant program,DHS,FEMA Grant Programs Directorate,federal,federal,,https://www.fema.gov/grants/preparedness/tribal-homeland-security,PDF/NOFO page monitor,high,OK,very high,tribal-government,UNKNOWN,UNKNOWN,unclear,terrorism/all-hazards preparedness core capabilities,annual; latest published NOFO is FY2025,annual,HTML (renders w/o dates or file links),no,no,no,"Tribal-specific and DIRECT, not state pass-through. FY25 $13.5M; FY24 $13.5M; FY23 $15M; FY22 $15M; FY21 $15M. No FY2026 NOFO on page as of 2026-08-24. Federal-recognition test NOT stated on rendered page - statute uses ""directly eligible tribe""; verify against FY25 NOFO PDF before shipping eligibility logic. [research lane: DOJ/DHS/ED/DOL/SBA]",Tier 1,seed_imported,not_started,NO_REVIEW_REQUIRED,federal_all_customers,NOT_DETERMINED_BY_REGISTRY,NOT_DETERMINED_BY_REGISTRY,monitoring_not_started
TTP-SAFETY-FUND-TTPSF-D21956,TTP Safety Fund (TTPSF),program,DOT,FHWA Office of Tribal Transportation,national,federal,,https://highways.dot.gov/federal-lands/tribal/safety/funds,PDF/NOFO page monitor,low,OK,native-exclusive,"federally-recognized-tribe, tribal-government",yes,no,sometimes-allowable-depends-on-NOFO,transportation safety plans; road safety audits; safety projects reducing fatal/serious injuries,"annual recurring: deadline ~mid-January (2026 deadline was 1/15/2026), awards announced ~March (FY2025 awards announced 2026-03-19)",annual cycle; page updated 2026-03-19,HTML + PDF NOFO,no,GovDelivery USDOTFHWA_83,no,"4% set-aside of available TTP funds under IIJA; competitive/discretionary. Operating NOFO is multi-year: ""2022–2026 TTPSF — Amendment No. 2"" — monitor for new amendment numbers rather than new NOFOs. Applications NOT via Grants.gov: email TTPSF@dot.gov for an upload link. Contact: Adam Larsen. Safety plans (planning) explicitly eligible; data systems unclear. [research lane: DOE/EPA/DOT]",Tier 1,seed_imported,not_started,NO_REVIEW_REQUIRED,federal_all_customers,NOT_DETERMINED_BY_REGISTRY,NOT_DETERMINED_BY_REGISTRY,monitoring_not_started
USDA-FNA-FORMERLY-FNS-FDPIR-9B6D21,USDA FNA (formerly FNS) FDPIR,program page,USDA,FNA (ex-FNS),national,federal,,https://www.fna.usda.gov/fdpir,static HTML page monitor,low,TERMS_REVIEW_REQUIRED,exclusive,tribal-organization;federally-recognized-tribe;tribal-government;state-or-local-govt-serving-natives;native-individual,likely yes for ITOs,UNKNOWN,"likely-allowable - VERIFIED ""USDA distributes both food and administrative funds to participating Indian Tribal Organizations and state agencies""",FDPIR; FY2026 FDPIR Nutrition Education Grant at /grants/fdpir/nutrition-education-2026,"ongoing administering-agency arrangement, not competitive",continuous What's New,HTML,no,YES - RSS + GovDelivery USFNS,no,"AGENCY RENAMED: fns.usda.gov/fdpir 302s to fna.usda.gov/fdpir. Re-point ALL fns.usda.gov URLs. Body date stamp unreliable (says May 2025, lists 2026 items) - diff content not dates [research lane: USDA/HUD/Commerce]",Tier 1,seed_imported,not_started,TERMS_REVIEW_REQUIRED,federal_all_customers,NOT_DETERMINED_BY_REGISTRY,NOT_DETERMINED_BY_REGISTRY,robots_or_terms_risk:TERMS_REVIEW_REQUIRED;monitoring_not_started
USDA-FNA-FDPIR-SELF-DETERMIN-69D5C6,USDA FNA FDPIR Self-Determination Demonstration Project,program page,USDA,FNA (ex-FNS),national,federal,,https://www.fna.usda.gov/fdpir/self-determination,static HTML page monitor,low,TERMS_REVIEW_REQUIRED,exclusive,tribal-organization;federally-recognized-tribe;tribal-government;native-owned-business,yes (ISDEAA sec.4 self-determination contracts),appears excluded,unclear,Round 1 ~$7.0M (from Oct 2021); Round 2 $4.4M (from Aug 2023),ROUNDS - both winding down through 2026. Round 3 existence UNKNOWN - do NOT present as open,updated 2026-02-19,HTML + tables,no,yes (RSS policy-memo-fdp),no,"2018 Farm Bill authority. 15 participating Tribes named. BONUS: names ~20 Native-owned vendors (Ramona Farms, Quinault Pride Seafood, Choctaw Fresh, 1839 Cherokee Meat Co) = seed data for native-owned-business registry [research lane: USDA/HUD/Commerce]",Tier 1,seed_imported,not_started,TERMS_REVIEW_REQUIRED,federal_all_customers,NOT_DETERMINED_BY_REGISTRY,NOT_DETERMINED_BY_REGISTRY,robots_or_terms_risk:TERMS_REVIEW_REQUIRED;monitoring_not_started
USDA-FNA-RSS-FEEDS-8-FEEDS-I-89D82C,USDA FNA RSS Feeds (8 feeds incl. FDPIR policy memos),RSS feed set,USDA,FNA (ex-FNS),national,federal,,https://www.fna.usda.gov/rss-feeds,RSS/feed monitor,low,TERMS_REVIEW_REQUIRED,high,tribal-organization;federally-recognized-tribe;state-or-local-govt-serving-natives,varies,varies,unclear,/rss-feeds/policy-memo-fdp (INCLUDES FDPIR); /rss-feeds/federal-register; /rss-feeds/newsroom,n/a - feeds,as issued; index updated 2026-06-02,RSS XML,no,yes (RSS + GovDelivery USFNS),no,VERIFIED index page listing 8 feeds. policy-memo-fdp explicitly includes FDPIR per page text. Individual feed XML NOT separately fetched. Best structured feed set in scope [research lane: USDA/HUD/Commerce],Tier 1,seed_imported,not_started,TERMS_REVIEW_REQUIRED,federal_all_customers,NOT_DETERMINED_BY_REGISTRY,NOT_DETERMINED_BY_REGISTRY,robots_or_terms_risk:TERMS_REVIEW_REQUIRED;monitoring_not_started
USDA-NIFA-NOFO-LIST-RFA-LIST-0689AF,USDA NIFA NOFO List (RFA List),funding index,USDA,NIFA,national,federal,,https://www.nifa.usda.gov/rfa-list,static HTML page monitor,low,TERMS_REVIEW_REQUIRED,medium,tribal-college-or-BIE-school;federally-recognized-tribe;native-nonprofit,varies,varies,varies,all NIFA NOFOs,continuous,weekly,HTML,no,yes (GovDelivery USDANIFA),no,URL from verified NIFA nav; not fetched. Pair with /grants/funding-opportunities search. Structured metadata makes NIFA highest scraper ROI in scope [research lane: USDA/HUD/Commerce],Tier 1,seed_imported,not_started,TERMS_REVIEW_REQUIRED,federal_all_customers,NOT_DETERMINED_BY_REGISTRY,NOT_DETERMINED_BY_REGISTRY,robots_or_terms_risk:TERMS_REVIEW_REQUIRED;monitoring_not_started
USDA-NIFA-RFA-LIST-201A26,USDA NIFA RFA List,html-index,USDA,NIFA,federal,federal,,https://www.nifa.usda.gov/grants/request-for-application-list-rfa,static HTML page monitor,low (blocked on faceted URLs),TERMS_REVIEW_REQUIRED,high,tribal-college (1994 Land-grant),YES (via statutory 1994 list),no,sometimes-allowable-depends-on-NOFO,"TCEG (open, closes Oct 7 2026), TCRGP, TCEP-CA, TCEP-SE, NBTS, FRTEP",per-program; TCRGP is PHASED,~95 NOFOs; TCEG posted Aug 24 2026,HTML + PDF,no,yes (GovDelivery),no,"robots.txt ""Disallow: /*?*"" kills ALL query-string URLs — faceted search and pagination are off-limits. Clean-URL index is the compliant AND better path. Detail pages carry labeled fields (Eligibility, FON, Assistance Listing, Closing Date). Eligibility facet vocabulary includes ""Native American Tribal Orgs, not Federally recognized Tribal Governments"" — reusable for tagging. [research lane: Research funding]",Tier 1,seed_imported,not_started,TERMS_REVIEW_REQUIRED,federal_all_customers,NOT_DETERMINED_BY_REGISTRY,NOT_DETERMINED_BY_REGISTRY,robots_or_terms_risk:TERMS_REVIEW_REQUIRED;monitoring_not_started
USDA-NIFA-TRIBAL-COLLEGES-RE-DEB1E1,USDA NIFA Tribal Colleges Research Grants Program (TCRGP),funding opportunity,USDA,NIFA,national,federal,,https://www.nifa.usda.gov/grants/funding-opportunities/tribal-colleges-research-grants-program,static HTML page monitor,low,TERMS_REVIEW_REQUIRED,exclusive,tribal-college-or-BIE-school,yes (1994 Land-grant Institutions),appears excluded,likely-allowable,TCRGP FY26; ALN 10.227; FON USDA-NIFA-TCRGP-011697,"VERIFIED: posted 2026-04-22, closes 2026-12-31; annual. NIFA warns ""Dates may vary - see NOFO""",per cycle; page updated 2026-04-22,HTML (highly structured) + PDF NOFO,no,yes (GovDelivery USDANIFA),no,"BEST-STRUCTURED SOURCE IN SCOPE: emits ALN, FON, dates, $11,574,000 total, $150K-$2.5M range, No Match, Grants.gov deeplink 362029. NOFO solicits AI/data science/digital tools [research lane: USDA/HUD/Commerce]",Tier 1,seed_imported,not_started,TERMS_REVIEW_REQUIRED,federal_all_customers,NOT_DETERMINED_BY_REGISTRY,NOT_DETERMINED_BY_REGISTRY,robots_or_terms_risk:TERMS_REVIEW_REQUIRED;monitoring_not_started
USDA-NIFA-TRIBAL-PROGRAMS-8F4CAD,USDA NIFA Tribal Programs,program-page,USDA,NIFA,federal,federal,,https://www.nifa.usda.gov/grants/programs/nifa-tribal-programs,static HTML page monitor,low,TERMS_REVIEW_REQUIRED,high,tribal-college,YES,no,sometimes-allowable-depends-on-NOFO,"TCRGP Phase II Sep 11 2026, Phase III Dec 31 2026",multi-phase,active,HTML,no,yes,no,"CRITICAL: the ""Upcoming Program Events"" block on program pages is the ONLY place TCRGP's phased deadlines appear. Two applicant models must not be conflated: for the four 1994 programs the tribal COLLEGE applies and a Tribe cannot; for NBTS/FRTEP an 1862/1890 university applies and Tribes are beneficiaries. TCRGP requires a signed collaboration agreement with an 1862/1890, ARS, NLGCA, or McIntire-Stennis partner. [research lane: Research funding]",Tier 1,seed_imported,not_started,TERMS_REVIEW_REQUIRED,federal_all_customers,NOT_DETERMINED_BY_REGISTRY,NOT_DETERMINED_BY_REGISTRY,robots_or_terms_risk:TERMS_REVIEW_REQUIRED;monitoring_not_started
USDA-NIFA-TRIBAL-PROGRAMS-HU-43CE05,USDA NIFA Tribal Programs Hub,program hub,USDA,NIFA,national,federal,,https://www.nifa.usda.gov/grants/programs/nifa-tribal-programs,static HTML page monitor,low,TERMS_REVIEW_REQUIRED,exclusive,tribal-college-or-BIE-school;federally-recognized-tribe;state-or-local-govt-serving-natives;consortium-with-tribal-partner,yes (1994 institutions),appears excluded,likely-allowable,NBTS;TCEP-CA;TCEP-SE;TCEG;TCRGP;FRTEP;Tribal College Endowment,varies by program,updated 2025-11-18,HTML,no,yes (GovDelivery USDANIFA),no,Enumerates all 6 tribal programs w/ URLs in one page. Also hosts 1994 Land-grant Directory + FRTEP Directory = entity reference data for your Tribe/TCU registry [research lane: USDA/HUD/Commerce],Tier 1,seed_imported,not_started,TERMS_REVIEW_REQUIRED,federal_all_customers,NOT_DETERMINED_BY_REGISTRY,NOT_DETERMINED_BY_REGISTRY,robots_or_terms_risk:TERMS_REVIEW_REQUIRED;monitoring_not_started
USDA-RD-ALL-PROGRAMS-DIRECTO-43D843,USDA RD All Programs Directory,program directory,USDA,Rural Development,national,federal,,https://www.rd.usda.gov/programs-services/all-programs,search endpoint monitor,low,TERMS_REVIEW_REQUIRED,medium,federally-recognized-tribe;tribal-government;tribal-organization;native-owned-business;native-nonprofit;tribal-college-or-BIE-school,varies,varies,unclear,RBDG;RCDI;DLT;Rural Decentralized Water;Native CDFI Relending,n/a - directory,monthly,HTML,no,yes (GovDelivery),no,"6 pages, clean ?page=0..5 pagination. Server-side filters: State, Program Area (8 values), Keyword. Ideal structured crawl target [research lane: USDA/HUD/Commerce]",Tier 1,seed_imported,not_started,TERMS_REVIEW_REQUIRED,federal_all_customers,NOT_DETERMINED_BY_REGISTRY,NOT_DETERMINED_BY_REGISTRY,robots_or_terms_risk:TERMS_REVIEW_REQUIRED;monitoring_not_started
USDA-RD-FEDERAL-FUNDING-OPPO-9761D9,USDA RD Federal Funding Opportunities,funding index,USDA,Rural Development,national,federal,,https://www.rd.usda.gov/newsroom/federal-funding-opportunities,static HTML page monitor,medium,TERMS_REVIEW_REQUIRED,medium,federally-recognized-tribe;tribal-government;tribal-organization;native-owned-business;native-nonprofit,varies,varies,unclear,RD NOFAs across all program areas,varies by program,weekly-ish,HTML,no,yes (GovDelivery USDARD),no,Fetched OK (63KB) but item list NOT parsed within budget - contents/schema UNVERIFIED. Canonical RD funding index; Tier 1 by role [research lane: USDA/HUD/Commerce],Tier 1,seed_imported,not_started,TERMS_REVIEW_REQUIRED,federal_all_customers,NOT_DETERMINED_BY_REGISTRY,NOT_DETERMINED_BY_REGISTRY,robots_or_terms_risk:TERMS_REVIEW_REQUIRED;monitoring_not_started
USDA-RD-TRIBAL-GOVDELIVERY-T-B85B07,USDA RD Tribal GovDelivery (Tribal Updates),email bulletin,USDA,Rural Development,national,federal,,https://public.govdelivery.com/accounts/USDARD/subscriber/new?category_id=USDARD_C148,email bulletin/manual intake,low,TERMS_REVIEW_REQUIRED,exclusive,federally-recognized-tribe;tribal-government;tribal-organization,UNKNOWN,UNKNOWN,unclear,RD tribal program announcements,n/a,as issued,email,no,yes,signup required,PRECISE tribal-only channel (category_id USDARD_C148). URL verified on RD tribal page; not fetched [research lane: USDA/HUD/Commerce],Tier 1,seed_imported,not_started,TERMS_REVIEW_REQUIRED,federal_all_customers,NOT_DETERMINED_BY_REGISTRY,NOT_DETERMINED_BY_REGISTRY,robots_or_terms_risk:TERMS_REVIEW_REQUIRED;requires_login:signup required;monitoring_not_started
USDA-RD-TRIBAL-RELATIONS-E1F93D,USDA RD Tribal Relations,tribal landing page,USDA,Rural Development,national,federal,,https://www.rd.usda.gov/about-rd/tribal-relations,static HTML page monitor,low,TERMS_REVIEW_REQUIRED,exclusive,federally-recognized-tribe;tribal-government;tribal-organization;native-owned-business;tribal-college-or-BIE-school;native-individual,mostly yes,UNKNOWN,unclear,Tribal College Initiative;Water&Waste Tribal Lands;Native Alaskan Villages;Native CDFI Relending;IRP;RBDG;ReConnect,n/a - hub,modified 2025-12-08,HTML,no,YES - dedicated tribal GovDelivery USDARD_C148,no,"Pre-built Native relevance map for RD. Sub-pages: /tribal-relations-events, /tribal-relations-technical-assistance. Links BIA Access to Capital Clearinghouse [research lane: USDA/HUD/Commerce]",Tier 1,seed_imported,not_started,TERMS_REVIEW_REQUIRED,federal_all_customers,NOT_DETERMINED_BY_REGISTRY,NOT_DETERMINED_BY_REGISTRY,robots_or_terms_risk:TERMS_REVIEW_REQUIRED;monitoring_not_started
USDA-RD,USDA Rural Development Funding,agency_grant_page,USDA,Rural Development,United States,federal,,https://www.rd.usda.gov/programs-services/all-programs,static HTML page monitor,medium,OK,High,Tribes; tribal orgs; nonprofits; local governments; businesses; program controls,Varies,Varies,Sometimes allowable depending on NOFO/budget category,Community Facilities; ReConnect; DLT; water,Recurring,Weekly,HTML/PDF,No,Yes,No,[research lane: seed-v1],Tier 1,seed_imported,not_started,NO_REVIEW_REQUIRED,federal_all_customers,NOT_DETERMINED_BY_REGISTRY,NOT_DETERMINED_BY_REGISTRY,monitoring_not_started
WIOA-SECTION-166-INA-PROGRAM-FCAFB6,WIOA Section 166 INA Programs (FOA-ETA-26-20),grant program,DOL,ETA / DINAP + Office of Grants Management,federal,federal,,https://www.dol.gov/sites/dolgov/files/ETA/grants/2026%20PDFs/FOA-ETA-26-20.pdf,PDF/NOFO page monitor,low,OK,very high,federally-recognized-tribe;tribal-government;tribal-organization;native-nonprofit;native-serving-nonprofit,UNKNOWN,UNKNOWN,unclear,Comprehensive Services (adults); Supplemental Youth Services,"multi-year designation; PY26 cycle issued 2026-04-02, closed 2026-05-22",multi-year (per designation period),PDF,no,no,no,"TWO SEPARATE GRANTS.GOV POSTINGS - applicants must choose correctly: FOA-ETA-26-20-IA (Comprehensive Services, adults, grants.gov 361739) and FOA-ETA-26-20-IY (Supplemental Youth, grants.gov 361740). Uses: ""employment, financial assistance for education and training, and other supportive services."" Software allowability unclear - not addressed in page text; FOA PDF needs review. [research lane: DOJ/DHS/ED/DOL/SBA]",Tier 1,seed_imported,not_started,NO_REVIEW_REQUIRED,federal_all_customers,NOT_DETERMINED_BY_REGISTRY,NOT_DETERMINED_BY_REGISTRY,monitoring_not_started
BUSH-FOUNDATION-COMMUNITY-IN-6BF0E6,Bush Foundation Community Innovation grants and PRIs,"regional private foundation, open application",Bush Foundation,Community Innovation,"MN, ND, SD and the 23 Native nations sharing that geography",private,,https://www.bushfoundation.org/opportunities/community-innovation/,static HTML page monitor,low,OK,high - named Native commitment,"tribal-government, tribal-organization, native-nonprofit, native-serving-nonprofit, consortium-with-tribal-partner",no,UNKNOWN,likely-allowable - flexible and uncapped,Community Innovation grants and program-related investments,OPEN YEAR-ROUND,continuous,HTML,no,newsletter,no,"Verbatim: flex funding options with no caps on amounts or duration of funding. Accepts unsolicited applications, and pre-contact is encouraged. Opportunity pages carry explicit APPLICATION STATUS strings - a clean low-effort scrape target. Does not reach SC [research lane: DOI/HHS + SC + philanthropy]",Tier 1,seed_imported,not_started,NO_REVIEW_REQUIRED,private_unscoped,NOT_DETERMINED_BY_REGISTRY,NOT_DETERMINED_BY_REGISTRY,monitoring_not_started
FIRST-NATIONS-DEVELOPMENT-IN-FD2A9C,First Nations Development Institute Grantmaking,native-led private foundation and intermediary regrantor,First Nations Development Institute,Grantmaking,"national (46 states, DC, American Samoa, Guam)",private,,https://www.firstnations.org/grantmaking/,static HTML page monitor,low,OK,very high - Native-only funder,"federally-recognized-tribe, state-recognized-tribe, tribal-government, tribal-organization, native-nonprofit, native-individual",no,YES explicitly,sometimes-allowable-depends-on-NOFO,"Native Agriculture and Food Systems Investments; Native Arts, Language and Knowledge; Stewarding Native Lands; California Tribal Fund; Research and Advocacy for Native Economic Justice","episodic RFPs, no fixed calendar verified - do not assume dates",irregular,HTML,UNKNOWN,email mailing list (footer form); no RSS verified,no for listings; Fluxx login to apply,"THE eligibility template for NativeForge's data model: 501(c)(3) is NOT required and the eligibility page enumerates non-501(c)(3) pathways explicitly - federally AND state-recognized tribal governments including tribal departments, Native-controlled 501(c)(3)s, Native 7871 organizations, and fiscally-sponsored Native community organizations. 4,405 grants and $110.6M+ through year-end 2025. Both the organization and individual funding pages showed ZERO open opportunities on 2026-08-26: the monitor must detect the empty-to-populated transition [research lane: DOI/HHS + SC + philanthropy]",Tier 1,seed_imported,not_started,TERMS_REVIEW_REQUIRED,private_unscoped,NOT_DETERMINED_BY_REGISTRY,NOT_DETERMINED_BY_REGISTRY,requires_login:no for listings; Fluxx login to apply;monitoring_not_started
NATIVE-AMERICANS-IN-PHILANTH-34379B,Native Americans in Philanthropy Grantwatch,curated third-party opportunity aggregator,Native Americans in Philanthropy,Resources / Grants,national,private,,https://nativephilanthropy.org/grants,static HTML page monitor,"medium - HubSpot, JS filters, Load More paging",TERMS_REVIEW_REQUIRED,very high - Native relevance is pre-filtered,varies by listed funder; the aggregator is not itself the funder,varies,varies,varies by listing,"Power of Ceremony and Healing Grant ($500-$2,500, due Aug 27 2026); Social Justice Fund Northwest 2026 Open Grants ($1,000-$25,000, due Nov 30 2026)","rolling, per-listing deadlines published",frequent,"HTML (HubSpot CMS), stable numeric per-grant URLs",no public API found,NAP Journal email newsletter,no,"The highest-leverage aggregation target in the philanthropic lane, and notably FRESHER than some funders' own sites - it carried a live Potlatch-affiliated deadline while Potlatch's own page showed 2023 content. But submitting to the feed is a MEMBER BENEFIT, so scraping is a terms and permission conversation, ideally a partnership, not an engineering decision [research lane: DOI/HHS + SC + philanthropy]",Tier 1,seed_imported,not_started,TERMS_REVIEW_REQUIRED,private_unscoped,NOT_DETERMINED_BY_REGISTRY,NOT_DETERMINED_BY_REGISTRY,robots_or_terms_risk:TERMS_REVIEW_REQUIRED;monitoring_not_started
ADVANCE-SC-NATIVE-AMERICAN-A-2D8EF3,Advance SC Native American Affairs,agency program page,SC Commission for Community Advancement and Engagement,Community Engagement,SC statewide,state,SC,https://advance.sc.gov/community-engagement/native-american-affairs,static HTML page monitor,low,OK,high - cites statutory recognition authority and lists the Advisory Committee,n/a,no,yes,n/a,state recognition function; Advisory Committee per Regs Ch 139 Art 2 Sec 139-202,none,low,HTML,no,no,no,Cites SC Code 1-31-40(A)(6)(10) and Code of Regulations Ch 139. The Advisory Committee membership is BROADER than the recognized list (it includes Lower Eastern Cherokee Nation of SC and Pee Dee Indian Tribe of Beaver Creek plus institutional members) - do not conflate the two. The recognition APPLICATION process is not published anywhere findable: mark UNKNOWN and contact info@advance.sc.gov [research lane: DOI/HHS + SC + philanthropy],Tier 1,seed_imported,not_started,NO_REVIEW_REQUIRED,state_scoped,NOT_DETERMINED_BY_REGISTRY,NOT_DETERMINED_BY_REGISTRY,monitoring_not_started
CATAWBA-NATION-A16252,Catawba Nation,federally recognized tribe,Catawba Nation,n/a,"Catawba Nation, South Carolina",state,SC,https://www.catawba.com/,static HTML page monitor,UNKNOWN - not fetched,TERMS_REVIEW_REQUIRED,critical - the only federally recognized Tribe resident in SC,federally-recognized-tribe,yes,n/a,UNKNOWN,full federal tribal eligibility,n/a,UNKNOWN,HTML,UNKNOWN,UNKNOWN,no,"Chief Brian Harris, 996 Avenue of the Nations, Rock Hill SC 29730. Also uses catawbaindian.net (email domain only) and catawbaindiancrafts.com for the THPO page (THPO Wenonah G. Haire). NOTE Rock Hill is a CDBG entitlement city, so it is excluded from the SC state small-cities CDBG program [research lane: DOI/HHS + SC + philanthropy]",Tier 1,seed_imported,not_started,TERMS_REVIEW_REQUIRED,state_scoped,NOT_DETERMINED_BY_REGISTRY,NOT_DETERMINED_BY_REGISTRY,robots_or_terms_risk:TERMS_REVIEW_REQUIRED;monitoring_not_started
SC-ABSENCE-OF-A-CENTRAL-GRAN-772EF9,SC absence of a central grants portal,negative finding,State of South Carolina,multiple,SC statewide,state,SC,https://www.sc.gov,human review only,n/a,OK,n/a,n/a,n/a,n/a,n/a,n/a,n/a,n/a,n/a,no,no,no,"DEFINITIVE NEGATIVE FINDING, stated plainly: there is NO central statewide grants clearinghouse in South Carolina. Four candidates were checked and all fail - Dept of Administration Managing Grants is inward-facing compliance, the State Clearinghouse is an E.O. 12372 review function, SCBO/procurement.sc.gov is procurement not grants, and the State Auditor publishes no single-audit resource. SC coverage MUST be built agency-by-agency. Cross-cutting risk: domain churn (cma to advance, schousing.com to schousing.sc.gov, scorf versus scor) plus undated pages requiring content-hash diffing. SC runs mostly Drupal 10 with exceptions (SCEMD custom, cdbgsc.com WordPress, scbo.sc.gov Backdrop, osa.sc.gov WordPress) [research lane: DOI/HHS + SC + philanthropy]",Tier 1,seed_imported,not_started,NO_REVIEW_REQUIRED,state_scoped,NOT_DETERMINED_BY_REGISTRY,NOT_DETERMINED_BY_REGISTRY,monitoring_method:human_review_only;monitoring_not_started
SC-DEPARTMENT-OF-ARCHIVES-AN-36C8D8,SC Department of Archives and History grants,state and federal historic preservation grants,SC Department of Archives and History,State Historic Preservation Office,SC statewide,state,SC,https://scdah.sc.gov/historic-preservation/programs/grants,PDF/NOFO page monitor,low,OK,HIGH - the only SC program family found that names state-recognized tribes,"local governments, Certified Local Governments, nonprofits; state-recognized tribes referenced",no,"YES - referenced, but the practical pathway is unresolved",UNKNOWN,"federal historic preservation grants, state grants, hurricane grants, Certified Local Government program",one cycle observed with a 2026-09-02 deadline,annual,HTML + PDF,no,yes - News and Notes monthly newsletter,no,"HIGHEST-PRIORITY SC OPEN QUESTION: this is the only SC program family naming state-recognized tribes, but whether a tribal government can satisfy the Charities-registration, incorporation and deed tests is unresolved. Contact sgf@scdah.sc.gov. Also hosts Native American Heritage and Native American Resources reference pages [research lane: DOI/HHS + SC + philanthropy]",Tier 1,seed_imported,not_started,NO_REVIEW_REQUIRED,state_scoped,NOT_DETERMINED_BY_REGISTRY,NOT_DETERMINED_BY_REGISTRY,monitoring_not_started
SC-ED,SC Department of Education Grant Opportunities,state_agency_grants,South Carolina,Department of Education,South Carolina,state,SC,https://www.ed.sc.gov/finance/grants/office-of-grant-services/scde-grant-opportunities/,static HTML page monitor,low,OK,Medium,Schools; LEAs; nonprofits; entities vary,No,UNKNOWN,Sometimes allowable depending on NOFO/budget category,SCDE current and archived grants,Rolling,Weekly,HTML/PDF,No,UNKNOWN,No,Maintains both current and archived opportunity lists plus a separate page of grant programs administered by SCDE. 21st CCLC is the most plausible route for an out-of-school Native youth program [research lane: seed-v1; DOI/HHS + SC + philanthropy],Tier 1,seed_imported,not_started,NO_REVIEW_REQUIRED,state_scoped,NOT_DETERMINED_BY_REGISTRY,NOT_DETERMINED_BY_REGISTRY,monitoring_not_started
SC-HOUSING-CHDO-CERTIFICATIO-C55EDF,SC Housing CHDO Certification,nonprofit certification and HOME set-aside,SC State Housing Finance and Development Authority,Development,SC statewide,state,SC,https://schousing.sc.gov/development/community-housing-development-organizations,PDF/NOFO page monitor,low,OK,high - a real nonprofit developer pathway,private nonprofit community-based organizations (CHDOs),no,"yes - nonprofit status is the test, not recognition",UNKNOWN,"HOME 15% CHDO set-aside; CHDO as owner, developer or sponsor of rental housing",annual certification cycle; 2026-27 materials live,annual,"HTML, PDF, XLSX",no,no,Secure File Exchange yes,DOMAIN CHANGED: schousing.com 301s to schousing.sc.gov - update stored URLs (transactional subdomains and the @schousing.com email domain persist). The CHDO tests requiring a board with at least one third low-income representation and a lack of for-profit OR PUBLIC control may block a tribally-controlled nonprofit - flag for legal review. A 2024-2026 Certified CHDO List PDF is published. Contact CommunityDevelopmentPrograms@schousing.com [research lane: DOI/HHS + SC + philanthropy],Tier 1,seed_imported,not_started,TERMS_REVIEW_REQUIRED,state_scoped,NOT_DETERMINED_BY_REGISTRY,NOT_DETERMINED_BY_REGISTRY,requires_login:Secure File Exchange yes;monitoring_not_started
SC-OFFICE-OF-RESILIENCE-GRAN-E9A64E,SC Office of Resilience Grants Activities,state grant program hub,SC Office of Resilience (SCOR),Grants and Funds,SC statewide,state,SC,https://scor.sc.gov/grants-activities,static HTML page monitor,low,OK,high - explicitly names tribal nations and nonprofits,"state agencies, local and regional governments, communities, tribal nations, traditional communities, nonprofits",no,yes - tribal nations named without a federal qualifier,not stated,"Disaster Relief and Resilience Reserve Fund, SC Resilience Revolving Fund, HUD CDBG-MIT, Helene CDBG-DR Mitigation, ARPA Stormwater, Voluntary Buyouts, USS Yorktown Remediation",varies,moderate,HTML + PDFs,no,public Google Calendar embed,NO - not login-gated,Established under SC Code 48-62-10 in September 2020. CRITICAL NAME COLLISION: scor.sc.gov is the Office of Resilience; scorf.sc.gov is the unrelated Opioid Recovery Fund Board. The prior dossier conflated them. Publishes /grants-activities/current and /progress; the Google Calendar of hearings is a usable early signal [research lane: DOI/HHS + SC + philanthropy],Tier 1,seed_imported,not_started,NO_REVIEW_REQUIRED,state_scoped,NOT_DETERMINED_BY_REGISTRY,NOT_DETERMINED_BY_REGISTRY,monitoring_not_started
SC-RECOGNIZED-NATIVE-AMERICA-1D4C73,SC Recognized Native American Indian Entities List,state recognition registry,SC Commission for Community Advancement and Engagement (Advance SC),Community Engagement / Native American Affairs,SC statewide,state,SC,https://advance.sc.gov/south-carolinas-recognized-native-american-indian-entities,static HTML page monitor,low,OK,critical - defines the eligibility universe for SC Native customers,"n/a (registry, not funding)",no,yes - authoritative source of SC state recognition,n/a,"three categories: Native American Indian Tribes, Indian Groups, Special Interest Organizations; 1 federally recognized + 10 state-recognized Tribes + 3 Groups + 3 Special Interest Organizations = 16 entities",none,rare and irregular; NO date stamp published,HTML tables (some rows malformed to lists),no,no,no,"Agency RENAMED May 2025 from SC Commission for Minority Affairs; cma.sc.gov 301s to advance.sc.gov and every stored cma.sc.gov URL is stale. NO publication or last-revised date appears anywhere on the page - use content hashing, not date checking. Legacy duplicate path exists under /minority-population-divisions/. Authority SC Code 1-31-40(A)(10) and SC Code of Regulations Chapter 139 [research lane: DOI/HHS + SC + philanthropy]",Tier 1,seed_imported,not_started,NO_REVIEW_REQUIRED,state_scoped,NOT_DETERMINED_BY_REGISTRY,NOT_DETERMINED_BY_REGISTRY,monitoring_not_started
SC-DHHS,SCDHHS Grants,state_agency_grants,South Carolina,Department of Health and Human Services,South Carolina,state,SC,https://www.scdhhs.gov/resources/grants,static HTML page monitor,low,OK,High,Health entities; nonprofits; applicant class varies,No,UNKNOWN,Sometimes allowable depending on NOFO/budget category,Connections to Care; health initiatives,Round based,Weekly,HTML/PDF,No,UNKNOWN,No,Strong data/EHR watch channel [research lane: seed-v1],Tier 1,seed_imported,not_started,NO_REVIEW_REQUIRED,state_scoped,NOT_DETERMINED_BY_REGISTRY,NOT_DETERMINED_BY_REGISTRY,monitoring_not_started
SCDHHS-GRANTS-RURAL-HEALTH-T-8E046C,SCDHHS Grants - Rural Health Transformation Program,state pass-through grant program,SC Department of Health and Human Services,n/a,"SC statewide, rural focus",state,SC,https://www.scdhhs.gov/resources/grants,PDF/NOFO page monitor,low,OK,high - the strongest health-IT scope found in SC and a genuine subrecipient regime,not stated on the page; inside the four application PDFs - UNKNOWN,no,not addressed,"YES - electronic health records, remote patient monitoring, telehealth services and a statewide resource database platform are explicitly funded","Connections to Care SCDHHS-26-001, Leveling Up -26-002, Wellness Within Reach -26-003, Shoring Up to Sustainability -26-004, Tech Catalyst Fund via SCRA","posted 2026-04-02, questions due 2026-04-16, applications due 2026-06-01, awards anticipated 2026-07-31 - WINDOW NOW CLOSED","episodic, multi-stage rollout","HTML, PDF, MP4",no,newsletter signup in footer,no,The richest single SC grants page found. The prior dossier's Connections to Care claim is VERIFIED essentially verbatim. Part of the federal Rural Health Transformation Program led by CMS. An Example Standard Subrecipient Agreement dated 2026-07-31 plus a full SF-424 package confirms a real subrecipient regime. Contact grants@scdhhs.gov. Prior closed programs: Rural and Medically Underserved Area Grant $48.2M and Behavioral Health Crisis Stabilization ~$35M [research lane: DOI/HHS + SC + philanthropy],Tier 1,seed_imported,not_started,NO_REVIEW_REQUIRED,state_scoped,NOT_DETERMINED_BY_REGISTRY,NOT_DETERMINED_BY_REGISTRY,monitoring_not_started
SCDOT-GRANTS-AND-PUBLIC-TRAN-B221C6,SCDOT grants and public transit,state pass-through transportation funding,South Carolina Department of Transportation,Public Transit Division; Programs,SC statewide,state,SC,https://www.scdot.org/inside/PublicTransit-Programs.html,static HTML page monitor,low,OK,medium-high - the documented FTA state-subrecipient pathway for non-federally-recognized tribes,"local governments, transit providers, nonprofits as 5310 subrecipients",no,YES in principle - FTA expressly allows non-federally-recognized tribal governments to apply to the state as a 5311 subrecipient,"likely-allowable (FTA allows capital, operating, planning and administrative expenses)",FTA Section 5310 Enhanced Mobility Call for Projects (SFY2026-2027 published); Section 5311 Rural; Section 5311(c) Tribal Transit; Transportation Alternatives,annual calls for projects,annual,HTML + PDF,no,UNKNOWN,no,"THE most important SC pass-through finding for a state-recognized tribe: FTA's own tribal-governments page states non-federally-recognized tribal governments remain eligible to apply to the STATE as a subrecipient under the state's apportionment. SCDOT names Section 5311(c) Tribal Transit on paper with zero detail and it appears dormant in SC - a direct, unclaimed opening for Catawba Nation and a real question to put to SCDOT. The SCDOT State Management Plan would resolve 5311 and 5311(c) eligibility and was not fetched [research lane: DOI/HHS + SC + philanthropy]",Tier 1,seed_imported,not_started,NO_REVIEW_REQUIRED,state_scoped,NOT_DETERMINED_BY_REGISTRY,NOT_DETERMINED_BY_REGISTRY,monitoring_not_started
SC-EMD-HMGP,SCEMD Hazard Mitigation Grant Program,state_pass_through,South Carolina,Emergency Management Division,South Carolina,state,SC,https://www.scemd.org/recover/hazard-mitigation/,static HTML page monitor,low,OK,High,State/local governments; Indian tribes/tribal orgs; certain nonprofits,No,UNKNOWN,Sometimes allowable depending on NOFO/budget category,HMGP,Disaster/round based,Monthly,HTML/PDF,No,Yes,No,Live rules and recognition definition control [research lane: seed-v1],Tier 1,seed_imported,not_started,NO_REVIEW_REQUIRED,state_scoped,NOT_DETERMINED_BY_REGISTRY,NOT_DETERMINED_BY_REGISTRY,monitoring_not_started
SCEMD-MITIGATION-HMGP-56206E,SCEMD Mitigation / HMGP,state pass-through grant page,South Carolina,"Emergency Management Division, Office of the Adjutant General",SC statewide,state,SC,https://www.scemd.org/recover/mitigation,static HTML page monitor,low,OK,high - explicitly names Indian tribes and private nonprofits as eligible,"state and local governments, Indian tribes or other tribal organizations, certain private non-profits",NO - phrasing is tribes or other tribal organizations,likely yes as a tribal organization or private nonprofit; verify per subaward,not stated,"HMGP 4829 Helene, HMGP 4835 Debby, HMGP 4858 Edisto Flooding, BRIC referrals",rolling per declared disaster,per disaster declaration,HTML + PDFs,no,no,"applications yes, via the SC Recovery Grants system","75/25 cost share with in-kind match allowed. Applications run through the South Carolina Recovery Grants system whose URL is NOT exposed on the page and is almost certainly login-gated - UNKNOWN. BRIC must be applied for through FEMA GO, not the state. FMA is NOT at SCEMD: SCEMD states it is managed by SC DNR. Other referrals: CDBG-Mitigation to SCOR, SC Safe Home to SC Dept of Insurance, Dam Repair Assistance to SCDES Dam Safety [research lane: DOI/HHS + SC + philanthropy]",Tier 1,seed_imported,not_started,TERMS_REVIEW_REQUIRED,state_scoped,NOT_DETERMINED_BY_REGISTRY,NOT_DETERMINED_BY_REGISTRY,"requires_login:applications yes, via the SC Recovery Grants system;monitoring_not_started"
SC-EMD-PA,SCEMD Public Agency Assistance,state_pass_through,South Carolina,Emergency Management Division,South Carolina,state,SC,https://www.scemd.org/recover/get-help/help-for-public-agencies/,static HTML page monitor,low,OK,High,Tribal governments; state/local agencies; certain PNPs,No,UNKNOWN,Sometimes allowable depending on incident/category,FEMA Public Assistance,Disaster based,Weekly,HTML/PDF,No,Yes,No,[research lane: seed-v1],Tier 1,seed_imported,not_started,NO_REVIEW_REQUIRED,state_scoped,NOT_DETERMINED_BY_REGISTRY,NOT_DETERMINED_BY_REGISTRY,monitoring_not_started
SCRA-TECH-CATALYST-FUND-72514E,SCRA Tech Catalyst Fund,quasi-public innovation fund,South Carolina Research Authority,n/a,SC statewide,state,SC,https://scra.org/get-to-know/tech-catalyst-fund/,static HTML page monitor,UNKNOWN - not fetched,TERMS_REVIEW_REQUIRED,medium-high - the one live RHTP thread and it is rural health technology,"rural health technology startups, community-based innovations",no,UNKNOWN,likely-allowable - explicitly a health technology fund,RHTP Tech Catalyst Fund,"future stage, not yet announced as of the SCDHHS page",UNKNOWN,HTML,UNKNOWN,UNKNOWN,UNKNOWN,"NOT FETCHED. SCDHHS states the fifth RHTP initiative is announced through SCRA rather than SCDHHS, making this the only RHTP initiative with a future application window. Previously unmapped SC source [research lane: DOI/HHS + SC + philanthropy]",Tier 1,seed_imported,not_started,TERMS_REVIEW_REQUIRED,state_scoped,NOT_DETERMINED_BY_REGISTRY,NOT_DETERMINED_BY_REGISTRY,robots_or_terms_risk:TERMS_REVIEW_REQUIRED;monitoring_not_started
SC-BEAD,South Carolina Broadband Office BEAD,state_program_page,SC Office of Regulatory Staff,SC Broadband Office,South Carolina,state,SC,https://ors.sc.gov/broadband/office/investments/state/bead,static HTML page monitor,medium,OK,High,Applicant types round-specific; communities may be beneficiaries,No,UNKNOWN,Sometimes allowable depending on NOFO/budget category,BEAD; digital opportunity,Round based,Weekly,HTML/PDF/CSV,No,Yes,No,Do not infer tribal eligibility [research lane: seed-v1],Tier 1,seed_imported,not_started,NO_REVIEW_REQUIRED,state_scoped,NOT_DETERMINED_BY_REGISTRY,NOT_DETERMINED_BY_REGISTRY,monitoring_not_started
ACF-ADMINISTRATION-FOR-NATIV-D1050C,ACF Administration for Native Americans,agency landing page,HHS,ACF / Administration for Native Americans,federal,federal,,https://www.acf.hhs.gov/ana,static HTML page monitor,high,OK,native-exclusive,"tribal-government, tribal-organization, native-nonprofit, tribal-college-or-BIE-school",UNKNOWN,UNKNOWN,sometimes-allowable-depends-on-NOFO,"SEDS, Native Languages, Environmental Regulatory Enhancement",UNKNOWN,UNKNOWN,HTML (degraded),no,UNKNOWN,no,"Three program areas verified. ERE verbatim funds legal, technical and organizational capacities. But ACF is the weakest-scraping HHS host in scope: every page returns a thin prose extract with all navigation and dynamic listings stripped, /grants is stamped Last Reviewed April 7 2016, and six ANA path attempts returned empty or 404. /ana/about served a COVID banner and a former Commissioner in the present tense. Source ANA and the ACF tribal set-asides (Tribal CCDF, Tribal TANF, LIHEAP tribal, AIAN Head Start) from SAM.gov Assistance Listings and Grants.gov, not from ACF HTML. SEDS-AK and Esther Martinez could not be verified as current program names [research lane: DOI/HHS + SC + philanthropy]",Tier 2,seed_imported,not_started,NO_REVIEW_REQUIRED,federal_all_customers,NOT_DETERMINED_BY_REGISTRY,NOT_DETERMINED_BY_REGISTRY,monitoring_not_started
HHS-ACL,ACL Funding Opportunities,agency_grant_page,HHS,Administration for Community Living,United States,federal,,https://acl.gov/grants/open-opportunities,static HTML page monitor,low,OK,High,Tribes; tribal orgs; nonprofits; NOFO controls,Varies,Varies,Sometimes allowable depending on NOFO/budget category,Native American elder programs,Recurring,Weekly,HTML/PDF,No,Yes,No,[research lane: seed-v1],Tier 2,seed_imported,not_started,NO_REVIEW_REQUIRED,federal_all_customers,NOT_DETERMINED_BY_REGISTRY,NOT_DETERMINED_BY_REGISTRY,monitoring_not_started
ALASKA-NATIVE-EDUCATION-PROG-721C38,Alaska Native Education Program (84.356A),grant program,ED,OESE,federal,federal,,https://www.ed.gov/grants-and-programs/grants-special-populations/grants-native-americans-alaskan-natives-and-pacific-islanders/alaska-native-education-84356a,static HTML page monitor,low,OK,very high,tribal-organization;native-nonprofit;native-serving-nonprofit;state-or-local-govt-serving-natives;consortium-with-tribal-partner,UNKNOWN,UNKNOWN,unclear,supplemental education programs benefiting Alaska Natives,UNKNOWN,UNKNOWN,HTML,no,email,no,ALN 84.356A confirmed from URL slug on the verified ED index page. Program page not directly fetched - eligibility and deadline UNKNOWN. [research lane: DOJ/DHS/ED/DOL/SBA],Tier 2,seed_imported,not_started,NO_REVIEW_REQUIRED,federal_all_customers,NOT_DETERMINED_BY_REGISTRY,NOT_DETERMINED_BY_REGISTRY,monitoring_not_started
BIA-ACCESS-TO-CAPITAL-CLEARI-84B5EF,BIA Access to Capital Clearinghouse (cross-agency lead),aggregator,Interior,BIA,national,federal,,https://www.bia.gov/atc,static HTML page monitor,UNKNOWN,TERMS_REVIEW_REQUIRED,exclusive,federally-recognized-tribe;tribal-government;native-owned-business;native-nonprofit,UNKNOWN,UNKNOWN,unclear,"multi-agency federal funding clearinghouse for Tribal govts, tribal enterprises, Native entrepreneurs, Native CDFIs",n/a - aggregator,UNKNOWN,HTML,no,UNKNOWN,UNKNOWN,OUT OF ASSIGNED SCOPE but strong aggregator lead - URL verified via USDA RD tribal page. Hand to the Interior/HHS researcher [research lane: USDA/HUD/Commerce],Tier 2,seed_imported,not_started,TERMS_REVIEW_REQUIRED,federal_all_customers,NOT_DETERMINED_BY_REGISTRY,NOT_DETERMINED_BY_REGISTRY,robots_or_terms_risk:TERMS_REVIEW_REQUIRED;monitoring_not_started
BIA-INDIAN-BUSINESS-INCUBATO-7B7776,BIA Indian Business Incubators Program,program page,DOI,Bureau of Indian Affairs / OIED,federal,federal,,https://www.bia.gov/service/grants/ibip,static HTML page monitor,low,OK,native-exclusive,"tribal-organization, native-nonprofit, native-owned-business",UNKNOWN,UNKNOWN,unclear,IBIP,UNKNOWN,UNKNOWN,HTML,no,no,no,Link verified; page not fetched. Likely the best native-owned-business fit in the OIED portfolio [research lane: DOI/HHS + SC + philanthropy],Tier 2,seed_imported,not_started,NO_REVIEW_REQUIRED,federal_all_customers,NOT_DETERMINED_BY_REGISTRY,NOT_DETERMINED_BY_REGISTRY,monitoring_not_started
BIA-LIVING-LANGUAGES-GRANT-P-A99235,BIA Living Languages Grant Program,program page,DOI,Bureau of Indian Affairs / OIED Division of Economic Development,federal,federal,,https://www.bia.gov/service/grants/llgp,static HTML page monitor,low,OK,native-exclusive,"federally-recognized-tribe, tribal-government",UNKNOWN,UNKNOWN,unclear,LLGP,UNKNOWN,UNKNOWN,HTML,no,no,no,Link verified on OIED and /topic/grants; page not fetched. Purpose per OIED: documentation and revitalization of tribal language. DOI-side counterpart to ANA Esther Martinez programs [research lane: DOI/HHS + SC + philanthropy],Tier 2,seed_imported,not_started,NO_REVIEW_REQUIRED,federal_all_customers,NOT_DETERMINED_BY_REGISTRY,NOT_DETERMINED_BY_REGISTRY,monitoring_not_started
BIA-NATIONAL-TRIBAL-BROADBAN-C5C1FD,BIA National Tribal Broadband Grant,program page,DOI,Bureau of Indian Affairs / OIED Division of Economic Development,federal,federal,,https://www.bia.gov/service/grants/ntbg,static HTML page monitor,low,OK,native-exclusive,"federally-recognized-tribe, tribal-government",UNKNOWN,UNKNOWN,unclear,NTBG,UNKNOWN,UNKNOWN,HTML,no,no,no,Link verified; page not fetched. Directly relevant to broadband and IT capacity planning - prioritize in the next verification pass [research lane: DOI/HHS + SC + philanthropy],Tier 2,seed_imported,not_started,NO_REVIEW_REQUIRED,federal_all_customers,NOT_DETERMINED_BY_REGISTRY,NOT_DETERMINED_BY_REGISTRY,monitoring_not_started
BIA-NATIVE-AMERICAN-BUSINESS-E2D500,BIA Native American Business Development Institute (NABDI),program page,DOI,Bureau of Indian Affairs / OIED,federal,federal,,https://www.bia.gov/service/grants/nabdi,static HTML page monitor,low,OK,native-exclusive,"federally-recognized-tribe, tribal-government, tribal-organization",yes,appears excluded,likely-allowable,NABDI feasibility studies and business plans,DORMANT - page states any future NABDI offerings depend on budget allocations and currently none are planned,annual when funded,HTML,no,no,no,DO NOT list as live - this is exactly the program a naive scraper shows forever. Eligibility: Tribe or Tribal Organization only. Strong allowability evidence in the FY22 award table: funded projects include an ITKN GIS Business Plan and an Information Technology (IT) Feasibility Study and Business Plan [research lane: DOI/HHS + SC + philanthropy],Tier 2,seed_imported,not_started,NO_REVIEW_REQUIRED,federal_all_customers,NOT_DETERMINED_BY_REGISTRY,NOT_DETERMINED_BY_REGISTRY,monitoring_not_started
BIA-SITEMAP-XML-9E37D6,BIA sitemap.xml,sitemap / change-detection,DOI,Bureau of Indian Affairs,federal,federal,,https://www.bia.gov/sitemap.xml,API monitor,low,OK,native-exclusive,n/a,n/a,n/a,n/a,all bia.gov program pages,continuous,continuous,XML,yes (sitemap),no,no,High value specifically because BIA renames paths without notice (/as-ia/ieed to /as-ia/ied; the TCR move). Sitemap diffing detects renames before scrapers silently break on empty bodies [research lane: DOI/HHS + SC + philanthropy],Tier 2,seed_imported,not_started,NO_REVIEW_REQUIRED,federal_all_customers,NOT_DETERMINED_BY_REGISTRY,NOT_DETERMINED_BY_REGISTRY,monitoring_not_started
BIA-TRIBAL-ENERGY-DEVELOPMEN-409BC6,BIA Tribal Energy Development Capacity (TEDC),program page,DOI,Bureau of Indian Affairs / DEMD,federal,federal,,https://www.bia.gov/service/grants/tedc,static HTML page monitor,low,OK,native-exclusive,"federally-recognized-tribe, tribal-government, native-owned-business",UNKNOWN,UNKNOWN,unclear,TEDC,UNKNOWN,UNKNOWN,HTML,no,no,no,Link verified on the EMDP page and /topic/grants; page not fetched. Purpose is to develop an energy business or expand energy capabilities - capacity building [research lane: DOI/HHS + SC + philanthropy],Tier 2,seed_imported,not_started,NO_REVIEW_REQUIRED,federal_all_customers,NOT_DETERMINED_BY_REGISTRY,NOT_DETERMINED_BY_REGISTRY,monitoring_not_started
BIA-TRIBAL-TOURISM-GRANT-PRO-4C08D0,BIA Tribal Tourism Grant Program,program page,DOI,Bureau of Indian Affairs / OIED,federal,federal,,https://www.bia.gov/service/grants/ttgp,static HTML page monitor,low,OK,native-exclusive,"federally-recognized-tribe, tribal-government",UNKNOWN,UNKNOWN,likely-allowable,TTGP under the NATIVE Act,UNKNOWN,UNKNOWN,HTML,no,no,no,Not fetched. Per /topic/grants it provides funding for tribes to conduct feasibility studies under the NATIVE Act. Related: /service/indigenous-tourism. Its FY26 solicitation was announced only via bia.gov/news [research lane: DOI/HHS + SC + philanthropy],Tier 2,seed_imported,not_started,NO_REVIEW_REQUIRED,federal_all_customers,NOT_DETERMINED_BY_REGISTRY,NOT_DETERMINED_BY_REGISTRY,monitoring_not_started
DOI-BIE,Bureau of Indian Education,agency_page,Interior,BIE,United States,federal,,https://www.bie.edu/topic-page/grants,static HTML page monitor,medium,TERMS_REVIEW_REQUIRED,Very high,BIE schools; TCUs; tribes; program controls,Often,Usually no,Varies,School and TCU support,Recurring,Weekly,HTML/PDF,No,UNKNOWN,No,[research lane: seed-v1],Tier 2,seed_imported,not_started,TERMS_REVIEW_REQUIRED,federal_all_customers,NOT_DETERMINED_BY_REGISTRY,NOT_DETERMINED_BY_REGISTRY,robots_or_terms_risk:TERMS_REVIEW_REQUIRED;monitoring_not_started
HHS-CDC,CDC Grants and Funding,agency_grant_page,HHS,CDC,United States,federal,,https://www.cdc.gov/grants-funding/,static HTML page monitor,low,OK,High,Tribes; tribal orgs; health entities; NOFO controls,Varies,Varies,Sometimes allowable depending on NOFO/budget category,Public health capacity; surveillance,Recurring,Weekly,HTML/PDF,No,Yes,No,[research lane: seed-v1],Tier 2,seed_imported,not_started,NO_REVIEW_REQUIRED,federal_all_customers,NOT_DETERMINED_BY_REGISTRY,NOT_DETERMINED_BY_REGISTRY,monitoring_not_started
CDC-HEALTHY-TRIBES-C6B4C6,CDC Healthy Tribes,program-page,CDC,NCCDPHP / OTASA,federal,federal,,https://www.cdc.gov/healthy-tribes/about/index.html,static HTML page monitor,low,TERMS_REVIEW_REQUIRED,high,"tribe, tribal-org, uio, tec",yes (for tribes); UIO via separate nonprofit test,UNKNOWN,sometimes-allowable-depends-on-NOFO,"GHWIC, TPWIC, TECPHI",UNKNOWN — do not guess,updated May 12 2026,HTML,no,yes (GovDelivery topic USCDC_2247),no,"Direct applicant, no university intermediary; notably includes Urban Indian Organizations and TECs. GHWIC reaches ""over 115 federally recognized tribes."" TERMS RISK: cdc.gov/rss returns syndication terms — ""Redistribution of CDC syndicated content is not allowed"" citing 42 U.S.C. 1320b-10 on reproducing content FOR A FEE. Store facts/metadata, not CDC prose. Get counsel. [research lane: Research funding]",Tier 2,seed_imported,not_started,TERMS_REVIEW_REQUIRED,federal_all_customers,NOT_DETERMINED_BY_REGISTRY,NOT_DETERMINED_BY_REGISTRY,robots_or_terms_risk:TERMS_REVIEW_REQUIRED;monitoring_not_started
CDC-TRIBAL-HEALTH-PROGRAMS-23E223,CDC tribal health programs,agency landing page,HHS,Centers for Disease Control and Prevention,federal,federal,,https://www.cdc.gov/healthy-tribes/about/index.html,static HTML page monitor,high,TERMS_REVIEW_REQUIRED,native-exclusive,"tribal-government, tribal-organization, native-nonprofit (UIO), tribal epidemiology center",yes for tribes; UIO via a separate nonprofit test,UNKNOWN,sometimes-allowable-depends-on-NOFO,"Good Health and Wellness in Indian Country (GHWIC), TPWIC, TECPHI",UNKNOWN - do not guess,updated May 12 2026,HTML,no,yes (GovDelivery topic USCDC_2247),no,"Two lanes disagreed: three /healthytribes and /healthy-tribes/index.html paths returned empty bodies, while /healthy-tribes/about/index.html fetched successfully - use the /healthy-tribes/* namespace and BLOCKLIST /tribal/* which serves 2016 Zika content. Direct applicant, no university intermediary; notably includes Urban Indian Organizations and Tribal Epidemiology Centers. GHWIC reaches over 115 federally recognized tribes. TERMS RISK: cdc.gov states redistribution of CDC syndicated content is not allowed, citing 42 USC 1320b-10 on reproducing content for a fee - store facts and metadata, not CDC prose, and get counsel [research lane: DOI/HHS + SC + philanthropy]",Tier 2,seed_imported,not_started,TERMS_REVIEW_REQUIRED,federal_all_customers,NOT_DETERMINED_BY_REGISTRY,NOT_DETERMINED_BY_REGISTRY,robots_or_terms_risk:TERMS_REVIEW_REQUIRED;monitoring_not_started
CDC-ATSDR-TRIBAL-ADVISORY-CO-81690E,CDC/ATSDR Tribal Advisory Committee,advisory-body,CDC,OTASA,federal,federal,,https://www.cdc.gov/tribal-health/advisory/index.html,static HTML page monitor,low,TERMS_REVIEW_REQUIRED,high,tribe,YES,no,n/a,"TAC agendas, follow-up reports, charter",quarterly-ish meetings,updated Aug 3 2026 (freshest CDC tribal page),HTML + PDF,no,yes,no,LEADING INDICATOR: TAC materials precede Grants.gov postings by weeks-to-months. 34 members = 1 delegate + 1 alternate per each of 12 IHS Areas + 5 National At-Large pairs. Charter revised Apr 24 2026. Dated PDF paths are a clean change signal. BLOCKLIST /tribal/* (serves 2016 Zika content); use /tribal-health/*. [research lane: Research funding; DOI/HHS + SC + philanthropy],Tier 2,seed_imported,not_started,TERMS_REVIEW_REQUIRED,federal_all_customers,NOT_DETERMINED_BY_REGISTRY,NOT_DETERMINED_BY_REGISTRY,robots_or_terms_risk:TERMS_REVIEW_REQUIRED;monitoring_not_started
CLEAN-WATER-INDIAN-SET-ASIDE-628155,Clean Water Indian Set-Aside (CWISA),program,EPA,Office of Water (with Indian Health Service),national,federal,,https://www.epa.gov/small-and-rural-wastewater-systems/clean-water-indian-set-aside-program,PDF/NOFO page monitor,med,OK,native-exclusive,"federally-recognized-tribe, tribal-government",UNKNOWN (likely yes),no,unlikely-allowable,tribal/Alaska Native Village wastewater infrastructure,annual allotment memorandum (FY2025 memo 2025-05-30),annual,HTML + PDF,no,no,IHS SDS access,"KEY INTAKE NUANCE (verified): ""To be considered for CWISA funding, tribes must identify their wastewater needs through the IHS Sanitation Deficiency System"" — the real queue is an IHS system, not an EPA application. Monitoring EPA alone misses the actionable step. Administered in cooperation with IHS. [research lane: DOE/EPA/DOT]",Tier 2,seed_imported,not_started,TERMS_REVIEW_REQUIRED,federal_all_customers,NOT_DETERMINED_BY_REGISTRY,NOT_DETERMINED_BY_REGISTRY,requires_login:IHS SDS access;monitoring_not_started
DOE-OFFICE-OF-STATE-AND-COMM-8B2B66,DOE Office of State and Community Energy Programs (SCEP),agency landing page,DOE,SCEP (now under /cmei/ path),national,federal,,https://www.energy.gov/cmei/scep/office-state-and-community-energy-programs,static HTML page monitor,med,OK,tribal-eligible,"tribal-government, native-nonprofit, tribal-college-or-BIE-school, state-or-local-govt-serving-natives (page names ""Tribal Nations,"" ""local and tribal governments,"" nonprofits, public schools)",UNKNOWN,UNKNOWN,UNKNOWN,Weatherization Assistance Program; State Energy Program (+ EE Revolving Loan Fund); EECBG; Communities LEAP; Local Government Energy Program; Energy Future Grants; Renew America's Schools/Non-Profits; Home Energy Rebates,"UNKNOWN; a live ""$400 million"" funding announcement is featured",modified 2026-08-07,HTML,no,"inline ""State and Local Spotlight"" newsletter signup",no,"SCRAPER-BREAKING: /scep/* now 301s to /cmei/scep/* — audit all stored SCEP URLs. Verified new-form children: /cmei/scep/wap/weatherization-assistance-program, /cmei/scep/wap/how-apply-weatherization-assistance, /cmei/scep/state-energy-program-0, /cmei/scep/home-energy-rebates-program, /cmei/scep/renew-americas-schools, /cmei/scep/articles/energy-department-announces-over-400-million-funding-and-removes-burdensome. NOT VERIFIED: WAP tribal/direct-grant pathway, SEP tribal pass-through, EECBG tribal allocation (my /scep/eecbg attempt returned EMPTY; EECBG/WAP/LGEP rendered as text without hrefs). Report those as ""program exists, tribal terms UNKNOWN."" [research lane: DOE/EPA/DOT]",Tier 2,seed_imported,not_started,NO_REVIEW_REQUIRED,federal_all_customers,NOT_DETERMINED_BY_REGISTRY,NOT_DETERMINED_BY_REGISTRY,monitoring_not_started
DOE-TRIBAL-ENERGY-LOAN-GUARA-F214D5,DOE Tribal Energy Loan Guarantee Program,program,DOE,Loan Programs Office,national,federal,,https://www.energy.gov/lpo/tribal-energy-loan-guarantee-program,static HTML page monitor,low,OK,native-exclusive,"federally-recognized-tribe, tribal-government, native-owned-business (Tribal Energy Development Organization wholly/substantially tribally owned; ANC village/regional corps)",yes,no,unlikely-allowable,solar+storage; wind; microgrids/VPPs; EV charging; biopower; MINING AND FOSSIL ENERGY PRODUCTION; CCUS; T&D; energy resource recycling,"rolling — ""Loan Guarantee authority has no expiration""",low,HTML,no,no,no,"IRA raised loan authority $2B→$20B and appropriated $75M to administer. Loan guarantees incl. Federal Financing Bank loans. NOTE: /lpo/tribal-energy-finance-program returns EMPTY — use the -loan-guarantee- path. Page's own Assistance Listing / Formula / Tribal Eligibility / Cost Share fields render BLANK → ALN UNKNOWN, cost share UNKNOWN. Eligible-project list is now technology-neutral incl. fossil/mining — a notable policy shift. Debt instrument, not a grant: software/admin costs not a fit. [research lane: DOE/EPA/DOT]",Tier 2,seed_imported,not_started,NO_REVIEW_REQUIRED,federal_all_customers,NOT_DETERMINED_BY_REGISTRY,NOT_DETERMINED_BY_REGISTRY,monitoring_not_started
DOJ-GOVDELIVERY-EMAIL-BULLET-7ABC99,DOJ GovDelivery email bulletins,email bulletin,DOJ,"DOJ-wide, OVW, COPS",federal,federal,,https://public.govdelivery.com/accounts/USDOJ/subscriber/new,email bulletin/manual intake,n/a,OK,high,n/a,n/a,n/a,n/a,funding announcements; press releases,continuous,continuous,email,no,yes,yes (subscription),VERIFIED endpoints: DOJ-wide public.govdelivery.com/accounts/USDOJ/subscriber/new; OVW topic_id=USDOJ_59; COPS service.govdelivery.com/accounts/USDOJCOPS/subscriber/new?category_id=USDOJCOPS_0; ED public.govdelivery.com/accounts/USDE/signup/49108. NO RSS/Atom feed was verified anywhere in this scope - do not assume RSS exists. [research lane: DOJ/DHS/ED/DOL/SBA],Tier 2,seed_imported,not_started,TERMS_REVIEW_REQUIRED,federal_all_customers,NOT_DETERMINED_BY_REGISTRY,NOT_DETERMINED_BY_REGISTRY,requires_login:yes (subscription);monitoring_not_started
DOJ-TRIBAL-ACCESS-PROGRAM-TA-E075AC,DOJ Tribal Access Program (TAP),services program (NOT a grant),DOJ,"OTJ w/ SMART, COPS, OVC, OVW funding",federal,federal,,https://www.justice.gov/tribal/tribal-access-program-tap,static HTML page monitor,low,OK,very high,federally-recognized-tribe;tribal-government,yes,no,unlikely-allowable,CJIS/NCIC access; TAP-LIGHT; TAP-FULL fingerprint hardware,FY26 application period open,annual application cycle,HTML,no,no,yes (portal for participants),"NOT A GRANT - no funds flow to the Tribe. DOJ acts as CJIS Systems Agency and provides access, hardware, training, auditing directly. 152 Tribes / 500+ agencies. ""Selection of Tribes for participation in the program will be limited this year based on funding availability."" Adjacent/complementary system to NativeForge, not a funding source. [research lane: DOJ/DHS/ED/DOL/SBA]",Tier 2,seed_imported,not_started,TERMS_REVIEW_REQUIRED,federal_all_customers,NOT_DETERMINED_BY_REGISTRY,NOT_DETERMINED_BY_REGISTRY,requires_login:yes (portal for participants);monitoring_not_started
DOL-ETA-FUNDING-OPPORTUNITIE-F32B5A,DOL ETA Funding Opportunities (Office of Grants Management),funding list page,DOL,ETA / Office of Grants Management,federal,federal,,https://www.dol.gov/agencies/eta/grants/apply/find-opportunities,static HTML page monitor,low,OK,medium,tribal-government;tribal-organization;native-nonprofit;state-or-local-govt-serving-natives,varies,varies,sometimes-allowable-depends-on-NOFO,catalog of current and past ETA FOAs,rolling,rolling,HTML,no,no,no,"Linked from the verified ETA Grants page as ""Catalog of current and past funding opportunities"" but not itself fetched - structure UNKNOWN. Parent page carries the 2024 Uniform Guidance update: de minimis indirect 10%->15%, single audit $750K->$1M, equipment threshold $5,000->$10,000, effective for awards from 10/1/24 - directly governs whether software counts as equipment or supplies. [research lane: DOJ/DHS/ED/DOL/SBA]",Tier 2,seed_imported,not_started,NO_REVIEW_REQUIRED,federal_all_customers,NOT_DETERMINED_BY_REGISTRY,NOT_DETERMINED_BY_REGISTRY,monitoring_not_started
DOT-PROGRAMS-WITH-UNVERIFIED-384004,"DOT programs with unverified tribal terms (RAISE, Bridge Investment, Rural Surface Transportation, PROTECT, FAA AIP, Thriving Communities, state HSIP pass-through)",program group — NOT VERIFIED,DOT,FHWA / FAA / OST,national,federal,,https://www.transportation.gov/grants,human review only,UNKNOWN,TERMS_REVIEW_REQUIRED,UNKNOWN,UNKNOWN,UNKNOWN,UNKNOWN,UNKNOWN,UNKNOWN,UNKNOWN,UNKNOWN,UNKNOWN,no,UNKNOWN,UNKNOWN,"EXPLICIT GAP ROW — I did not fetch these pages, so I am asserting nothing about their eligibility, ALNs, deadlines, or tribal terms. Some were observed only as link text on the fetched DOT grants index (/BUILDgrants, /grants/mpdg-announcement, /reconnecting, /grants/SMART, faa.gov/airports/aip/2022_aip_grants/, maritime.dot.gov/ports/port-infrastructure-development-program). Assign a dedicated next-pass task; do not populate the coverage map from memory. [research lane: DOE/EPA/DOT]",Tier 2,seed_imported,not_started,TERMS_REVIEW_REQUIRED,federal_all_customers,NOT_DETERMINED_BY_REGISTRY,NOT_DETERMINED_BY_REGISTRY,robots_or_terms_risk:TERMS_REVIEW_REQUIRED;monitoring_method:human_review_only;monitoring_not_started
DRINKING-WATER-INFRASTRUCTUR-6BCBF4,Drinking Water Infrastructure Grants — Tribal Set-Aside (DWIG-TSA),program,EPA,Office of Water,national,federal,,https://www.epa.gov/tribaldrinkingwater/drinking-water-infrastructure-grants-tribal-set-aside-program,PDF/NOFO page monitor,med,OK,native-exclusive,"federally-recognized-tribe, tribal-government, native-nonprofit (non-profit non-community water systems serving a tribal population)",UNKNOWN (likely yes; not stated on fetched page),no,unlikely-allowable,tribal drinking water infrastructure; lead service line replacement,annual allotment memoranda (FY25 memo 2025-06-12; FY25 LSLR allotments memo 2025-11-24),annual,HTML + PDF allotment memos,no,no,no,"Part of ""over $262 million in FY2025"" for tribal drinking water + wastewater. Set-aside allotment, not a competition — monitor the allotment memo PDFs on epa.gov/tribalwater. Infrastructure-only; standalone software unlikely. URL observed as link on fetched epa.gov/tribalwater pages; program page itself not fetched. [research lane: DOE/EPA/DOT]",Tier 2,seed_imported,not_started,NO_REVIEW_REQUIRED,federal_all_customers,NOT_DETERMINED_BY_REGISTRY,NOT_DETERMINED_BY_REGISTRY,monitoring_not_started
ED-AVAILABLE-GRANTS-FORMER-F-BC5FB2,ED Available Grants (former Forecast),html_table,ED,Office of Finance and Operations,federal,federal,,https://www.ed.gov/grants-and-programs/apply-grant/available-grants,static HTML page monitor,low,OK,high,Indian Tribe or Consortia Located on a Reservation; Indian Tribes and Tribal Organizations; Tribal Education Agencies (TEAs); Tribally Controlled Colleges and Universities (TCCUs),UNKNOWN,UNKNOWN,UNKNOWN,Research Training Programs in the Education Sciences (84.305B),per_competition,page_last_reviewed_2026_06_01,HTML,no,yes_govdelivery,no,"CORRECTED URL - old forecast path returns empty, www2.ed.gov/fund/grant/find/edlite-forecast.html 301s here; HTML TABLE not PDF, server-rendered; CFDA number embedded in program titles = free ALN join key; RICHEST NATIVE-ELIGIBILITY VOCABULARY of any agency site found; only 5 open competitions at fetch time; page defers to Grants.gov as definitive [research lane: API/monitoring layer]",Tier 2,seed_imported,not_started,NO_REVIEW_REQUIRED,federal_all_customers,NOT_DETERMINED_BY_REGISTRY,NOT_DETERMINED_BY_REGISTRY,monitoring_not_started
EPA-BROWNFIELDS-GRANTS-AND-F-644929,EPA Brownfields Grants and Funding,program,EPA,Office of Land and Emergency Management,national,federal,,https://www.epa.gov/brownfields/grants-and-funding,PDF/NOFO page monitor,med,OK,tribal-eligible (not native-exclusive),"federally-recognized-tribe, tribal-government, state-or-local-govt-serving-natives, UNKNOWN (full class list not verified)",UNKNOWN,UNKNOWN,sometimes-allowable-depends-on-NOFO,"Multipurpose, Assessment, Cleanup; Revolving Loan Fund (+supplemental); Job Training; Tribal Response Program (128(a))",annual competition; FY2026 selections announced (landing page modified 2026-06-24); specific NOFO month UNKNOWN,annual + award announcements,HTML + PDF,no,listserv: lp.constantcontactpages.com/su/SVbfoYx/BrownfieldsListserv,ACRES login for grantee reporting,"Verified FY2026: $248M to Multipurpose/Assessment/Cleanup + $22.5M RLF supplemental (=$270M headline); $12M Job Training to 25 communities. IIJA provided ""historic $1.5 billion."" Program serves ""communities, states, tribes and others."" Grantee reporting via ACRES. Tribal-specific eligibility terms and ALNs NOT verified — fetch /brownfields/grants-and-funding next pass. [research lane: DOE/EPA/DOT]",Tier 2,seed_imported,not_started,TERMS_REVIEW_REQUIRED,federal_all_customers,NOT_DETERMINED_BY_REGISTRY,NOT_DETERMINED_BY_REGISTRY,requires_login:ACRES login for grantee reporting;monitoring_not_started
EPA-SPECIFIC-GRANT-PROGRAMS-41B5BD,EPA Specific Grant Programs index,funding index,EPA,Office of the Chief Grants Officer,national,federal,,https://www.epa.gov/grants/specific-epa-grant-programs,static HTML page monitor,low,OK,tribal-eligible (not native-exclusive),varies by program — UNKNOWN,varies,varies,sometimes-allowable-depends-on-NOFO,Pollution Prevention Grant Program (state and tribal); Environmental Information Exchange Network Grant Program; Air Grants; OLEM Grants; Drinking Water Grants; DERA; Great Lakes,index; modified 2026-02-18,quarterly-ish,HTML,no,no,no,"Best single EPA crawl seed for program discovery. Two rows here deserve their own follow-up: (1) Pollution Prevention Grant Program ""provides matching funds to state and tribal programs"" — tribal eligibility confirmed at index level, terms UNKNOWN; (2) Environmental Information Exchange Network Grant Program funds ""electronic collection, exchange, and integration of high-quality data"" — the most software-relevant EPA program found, terms UNKNOWN. Fetch both next pass. [research lane: DOE/EPA/DOT]",Tier 2,seed_imported,not_started,NO_REVIEW_REQUIRED,federal_all_customers,NOT_DETERMINED_BY_REGISTRY,NOT_DETERMINED_BY_REGISTRY,monitoring_not_started
EPA-TRIBAL-AIR-AND-CLIMATE-R-3076D6,EPA Tribal Air and Climate Resources,agency landing page,EPA,Office of Air and Radiation,national,federal,,https://www.epa.gov/tribal-air,static HTML page monitor,low,OK,native-exclusive,"federally-recognized-tribe, tribal-government",UNKNOWN,UNKNOWN,UNKNOWN,Tribal Air Grants Framework; Clean Diesel Tribal Grants; Indoor Air Tribal Partners; Tribal Minor NSR; TAR; TIP development,UNKNOWN,modified 2026-07-29,HTML,no,no,no,"CAA §103/§105 tribal grants NOT verified this pass — no dedicated page fetched, ALNs UNKNOWN. Next-pass targets: /tribal-air/tribal-air-grants-framework, /tribal-air/tribal-air-programs-epas-regional-offices, /tribal-air/tribal-air-coordinators, /dera/tribal-and-territory. Partner: ITEP TAMS Center (itep.nau.edu/tams). [research lane: DOE/EPA/DOT]",Tier 2,seed_imported,not_started,NO_REVIEW_REQUIRED,federal_all_customers,NOT_DETERMINED_BY_REGISTRY,NOT_DETERMINED_BY_REGISTRY,monitoring_not_started
EPA-TRIBAL-PORTAL-ENVIRONMEN-E9621E,EPA Tribal Portal (Environmental Protection in Indian Country),agency landing page,EPA,OITA / AIEO,national,federal,,https://www.epa.gov/tribal,static HTML page monitor,low,OK,native-exclusive,"federally-recognized-tribe, tribal-government, tribal-organization",yes (EPA tribal programs are keyed to federally recognized Tribes per the page's own description),no,n/a,GAP; media programs; consultation,continuous; modified 2026-07-14,continuous,HTML,no,EPA newsroom email subscriptions,no,"Hub with a ""Grants for Tribes"" block and a News list (7 items). Also surfaces tcots.epa.gov (Tribal Consultation Opportunities Tracking System) and /tribal/epa-tribal-program-managers (the per-Region contacts that drive GAP deadlines). Live signal to watch: 2026-07-29 listening session on an ""EPA Tribal Partnership Network Review"" — partnership structures may be reorganizing. No RSS. Use meta-DC.date.modified for cheap change detection. [research lane: DOE/EPA/DOT]",Tier 2,seed_imported,not_started,NO_REVIEW_REQUIRED,federal_all_customers,NOT_DETERMINED_BY_REGISTRY,NOT_DETERMINED_BY_REGISTRY,monitoring_not_started
EPA-TRIBAL-WATER-FUNDING-OPP-05217A,EPA Tribal Water Funding Opportunities (CWA + SDWA hubs),funding index,EPA,Office of Water,national,federal,,https://www.epa.gov/tribalwater/funding-opportunities-tribal-water-programs,static HTML page monitor,low,OK,native-exclusive,"federally-recognized-tribe, tribal-government, tribal-organization",mostly yes (TAS-gated for several),no,sometimes-allowable-depends-on-NOFO,CWA 106; CWA 319; Wetland Program Development; BEACH Act; CWISA; WIFIA; Alaska Native Villages; US-Mexico Border,"index page, not a deadline source",modified 2025-11-07,HTML,no,no,no,"Two sibling hubs: this one (surface water/wastewater) and /tribalwater/funding-opportunities-tribal-drinking-water-programs (DWIG-TSA, WIIN 2104/2105/2107, Tribal PWSS, UIC, WIFIA, ANV, Border). Best single crawl seed for EPA tribal water program discovery. NOTE Alaska Native Villages program flows THROUGH Alaska DEC Village Safe Water Program — a state pass-through. [research lane: DOE/EPA/DOT]",Tier 2,seed_imported,not_started,NO_REVIEW_REQUIRED,federal_all_customers,NOT_DETERMINED_BY_REGISTRY,NOT_DETERMINED_BY_REGISTRY,monitoring_not_started
FEMA-OPENFEMA-API-395C7C,FEMA OpenFEMA API,api,DHS,FEMA,federal,federal,,https://www.fema.gov/api/open/v2,API monitor,low,TERMS_REVIEW_REQUIRED,medium,NA,NA,NA,UNKNOWN,"HMGP (State/Tribe/Territory), EMPG (state local tribal territorial)",NA,per_dataset_lastRefresh,"JSON,jsona,geojson,CSV,parquet",yes,no,no,"free no key; OData $filter $top(max 10000) $skip $select $orderby $count $format $allrecords(BETA); default 1000 records; TESTED: DataSets filtered on Funding/Opportunit/NOFO returned ZERO matches - NO NOFO dataset exists, awards/disaster only, FEMA itself points NOFO seekers to fema.gov/grants; incremental via lastRefresh; WARNING id is NOT stable across refreshes; robots.txt and OpenFEMA T&C both returned EMPTY [research lane: API/monitoring layer]",Tier 2,seed_imported,not_started,TERMS_REVIEW_REQUIRED,federal_all_customers,NOT_DETERMINED_BY_REGISTRY,NOT_DETERMINED_BY_REGISTRY,robots_or_terms_risk:TERMS_REVIEW_REQUIRED;monitoring_not_started
FHWA-TRIBAL-TRANSPORTATION-F-E9902D,FHWA Tribal Transportation Finance (tribal shares PDFs),dataset,DOT,FHWA Office of Tribal Transportation,"national, per-Tribe",federal,,https://highways.dot.gov/federal-lands/tribal/finance,PDF/NOFO page monitor,med,OK,native-exclusive,"federally-recognized-tribe, tribal-government",yes,no — but §202(a)(9) lets State/county/local funds be credited to TTP for a specified Tribe,likely-allowable,TTP tribal shares; planning funds; §202(a)(9) transfers,annual publication (FY25 full-year PDF live; FY17–FY24 archived),annual; updated 2025-12-02,PDF (Excel by email request to matthew.bird@dot.gov),no,GovDelivery USDOTFHWA_83,no,"High-value per-Tribe dollar data, PDF-only — medium-high parsing difficulty, no API. Also THE source on state pass-through for highways: §202(a)(9) + §104(f)(3) allow a State's title-23 apportionment to route via FHWA to a Tribe; ""to date, FHWA has managed approximately 20 transfers across 8 different states."" Agreement-driven, never posted as an opportunity → human review only. Contacts: Doug Roberts, Matthew Bird. [research lane: DOE/EPA/DOT]",Tier 2,seed_imported,not_started,NO_REVIEW_REQUIRED,federal_all_customers,NOT_DETERMINED_BY_REGISTRY,NOT_DETERMINED_BY_REGISTRY,monitoring_not_started
GRANTS-GOV-MODIFIED-OPPS-RSS-AAA645,Grants.gov Modified-Opps RSS,rss,HHS,Grants.gov PMO,federal,federal,,https://www.grants.gov/rss/GG_OppModByAgency.xml,RSS/feed monitor,low,OK,high,none_in_feed,NA,NA,UNKNOWN,all,NA,not_documented,RSS_XML,no,yes,no,"4 feeds: GG_NewOppByAgency, GG_NewOppByCategory, GG_OppModByAgency, GG_OppModByCategory; refresh cadence not documented; contents not verified this session; use as trigger only [research lane: API/monitoring layer]",Tier 2,seed_imported,not_started,NO_REVIEW_REQUIRED,federal_all_customers,NOT_DETERMINED_BY_REGISTRY,NOT_DETERMINED_BY_REGISTRY,monitoring_not_started
HOMELAND-SECURITY-GRANT-PROG-078B2B,Homeland Security Grant Program (HSGP: SHSP/UASI/OPSG),grant program (state pass-through),DHS,FEMA Grant Programs Directorate,federal to states,federal,,https://www.fema.gov/grants/preparedness/homeland-security,PDF/NOFO page monitor,high,OK,medium,state-or-local-govt-serving-natives;tribal-government,n/a (subrecipient),UNKNOWN,sometimes-allowable-depends-on-NOFO,SHSP; UASI; Operation Stonegarden,annual; latest published NOFO is FY2025,annual,HTML,no,no,no,"Tribes access as SUBRECIPIENTS of State Administering Agencies, not direct. FY25 $1.008B (SHSP $373.5M / UASI $553.5M / OPSG $81M). NOTE: EMPG is NOT part of HSGP - the page lists only SHSP/UASI/OPSG. SAA directory at ojp.gov/funding/state-administering-agencies/overview. 50-state monitoring surface. [research lane: DOJ/DHS/ED/DOL/SBA]",Tier 2,seed_imported,not_started,NO_REVIEW_REQUIRED,federal_all_customers,NOT_DETERMINED_BY_REGISTRY,NOT_DETERMINED_BY_REGISTRY,monitoring_not_started
HUD-EXCHANGE-TRIBAL-HOUSING-534C1A,HUD Exchange - Tribal Housing Priority Page,program hub,HUD,CPD/HUD Exchange,national,federal,,https://www.hudexchange.info/programs/priority-tribal/,static HTML page monitor,low,TERMS_REVIEW_REQUIRED,exclusive,federally-recognized-tribe;tribal-government;tribal-organization,yes,UNKNOWN,unclear,ICDBG;IHBG;Sec184;Title VI;Tribal HUD-VASH,n/a - hub,modified 2026-03-27,HTML,no,yes (/mailinglist/),no,Aggregator that links OUT to hud.gov. Hosts tribal-specific Planning Guide for Indian Country + TIES environmental toolkit [research lane: USDA/HUD/Commerce],Tier 2,seed_imported,not_started,TERMS_REVIEW_REQUIRED,federal_all_customers,NOT_DETERMINED_BY_REGISTRY,NOT_DETERMINED_BY_REGISTRY,robots_or_terms_risk:TERMS_REVIEW_REQUIRED;monitoring_not_started
HUD-EXCHANGE-MAILING-LIST-068F1D,HUD Exchange Mailing List,email bulletin,HUD,CPD/HUD Exchange,national,federal,,https://www.hudexchange.info/mailinglist/,email bulletin/manual intake,low,TERMS_REVIEW_REQUIRED,medium,tribal-government;tribal-organization;native-nonprofit,varies,varies,unclear,cross-program HUD notices,n/a,frequent,email,no,yes,signup required,Referenced on every verified HUD Exchange page; signup page not fetched [research lane: USDA/HUD/Commerce],Tier 2,seed_imported,not_started,TERMS_REVIEW_REQUIRED,federal_all_customers,NOT_DETERMINED_BY_REGISTRY,NOT_DETERMINED_BY_REGISTRY,robots_or_terms_risk:TERMS_REVIEW_REQUIRED;requires_login:signup required;monitoring_not_started
HUD-EXCHANGE-NEWS-DAFB2D,HUD Exchange News,html_list,HUD,HUD Exchange,federal,federal,,https://www.hudexchange.info/news/,static HTML page monitor,medium,TERMS_REVIEW_REQUIRED,high,NA,UNKNOWN,UNKNOWN,UNKNOWN,OLHCHH FY 2026 Notice of Funding Opportunities,per_NOFO,daily_to_weekly_observed,HTML,no,yes_mailing_list,no,news items ARE server-rendered and scrapeable with ?na=&cp= pagination (620 results / 62 pages) BUT facet layer is AngularJS returning raw {{t.name}} placeholders - scrape list never facets; mailing list at /mailinglist/subscribe/ [research lane: API/monitoring layer],Tier 2,seed_imported,not_started,TERMS_REVIEW_REQUIRED,federal_all_customers,NOT_DETERMINED_BY_REGISTRY,NOT_DETERMINED_BY_REGISTRY,robots_or_terms_risk:TERMS_REVIEW_REQUIRED;monitoring_not_started
HUD-EXCHANGE-PROGRAM-INDEX-A-4C60C5,HUD Exchange Program Index (A-Z),index page,HUD,CPD/HUD Exchange,national,federal,,https://www.hudexchange.info/programs/,static HTML page monitor,low,TERMS_REVIEW_REQUIRED,medium,tribal-government;tribal-organization;native-nonprofit;state-or-local-govt-serving-natives,varies,varies,unclear,ICDBG;Title VI;Tribal HUD-VASH;Sec184;Sec184A,n/a - index,modified 2025-11-20,HTML,no,yes (/mailinglist/),no,BEST URL-DISCOVERY TOOL for HUD - how the new /helping-americans/ scheme was found. /programs/ihbg returned EMPTY (no such page) [research lane: USDA/HUD/Commerce],Tier 2,seed_imported,not_started,TERMS_REVIEW_REQUIRED,federal_all_customers,NOT_DETERMINED_BY_REGISTRY,NOT_DETERMINED_BY_REGISTRY,robots_or_terms_risk:TERMS_REVIEW_REQUIRED;monitoring_not_started
HUD-EXCHANGE-PROGRAM-SUPPORT-628324,HUD Exchange Program Support / Community Compass TA,TA intake,HUD,CPD/HUD Exchange,national,federal,,https://www.hudexchange.info/program-support/,static HTML page monitor,low,TERMS_REVIEW_REQUIRED,high,federally-recognized-tribe;tribal-government;tribal-organization,UNKNOWN,UNKNOWN,unclear,Community Compass TA; Ask A Question; In-Depth Assistance,rolling request-based,modified 2026-03-27,HTML,no,yes (/mailinglist/),Ask-A-Question requires account,"VERIFIED tribal TA eligibility: ""state or local government, public housing authority, TRIBE OR TRIBALLY-DESIGNATED ENTITY... eligible to request assistance"". Subrecipients explicitly NOT eligible [research lane: USDA/HUD/Commerce]",Tier 2,seed_imported,not_started,TERMS_REVIEW_REQUIRED,federal_all_customers,NOT_DETERMINED_BY_REGISTRY,NOT_DETERMINED_BY_REGISTRY,robots_or_terms_risk:TERMS_REVIEW_REQUIRED;requires_login:Ask-A-Question requires account;monitoring_not_started
HUD-IHBG-FORMULA-IHBGFORMULA-AAD744,HUD IHBG Formula / ihbgformula.com,formula data portal,HUD,PIH/ONAP,national,federal,,https://ihbgformula.com/fy2027/,static HTML page monitor,medium,TERMS_REVIEW_REQUIRED,exclusive,federally-recognized-tribe;tribal-government;tribal-organization;state-recognized-tribe,yes (with narrow exception),yes (limited set),unclear,FY2027 Formula Response Form; FY2028 Needs data,annual cycle: FRF corrections due 2026-08-01; census challenges due 2027-03-30 (both VERIFIED),annual + correction log,HTML + forms,no,via Codetalk,UNKNOWN,NON-.GOV DOMAIN in a critical federal process - terms review required. URL verified via Codetalk; site not fetched [research lane: USDA/HUD/Commerce],Tier 2,seed_imported,not_started,TERMS_REVIEW_REQUIRED,federal_all_customers,NOT_DETERMINED_BY_REGISTRY,NOT_DETERMINED_BY_REGISTRY,robots_or_terms_risk:TERMS_REVIEW_REQUIRED;monitoring_not_started
HUD-NATIVE-HAWAIIAN-PROGRAMS-830D0B,HUD Native Hawaiian Programs (incl. NHHBG),program page,HUD,PIH/ONAP,Hawaii,federal,,https://www.hud.gov/helping-americans/public-indian-native-hawaiian-housing,static HTML page monitor,low,TERMS_REVIEW_REQUIRED,exclusive,native-serving-nonprofit;state-or-local-govt-serving-natives,no (DHHL is a state agency),n/a,unclear,NHHBG; Section 184A,UNKNOWN,UNKNOWN,HTML,no,via Codetalk,no,URL verified via Codetalk; page NOT fetched. Recipient is Dept of Hawaiian Home Lands. FY26 income limits ONAP-PG-2026-02 [research lane: USDA/HUD/Commerce],Tier 2,seed_imported,not_started,TERMS_REVIEW_REQUIRED,federal_all_customers,NOT_DETERMINED_BY_REGISTRY,NOT_DETERMINED_BY_REGISTRY,robots_or_terms_risk:TERMS_REVIEW_REQUIRED;monitoring_not_started
HUD-ONAP-NOTICES-PIH-NATIVE-B47208,HUD ONAP Notices (PIH - Native American Programs),notice index,HUD,PIH/ONAP,national,federal,,https://www.hud.gov/hudclips/notices/pih-native-american-programs,PDF/NOFO page monitor,medium,TERMS_REVIEW_REQUIRED,exclusive,federally-recognized-tribe;tribal-government;tribal-organization,yes,UNKNOWN,unclear,PIH 2025-09 (ICDBG-IT); PIH 2018-15,event-driven,monthly,HTML index + PDFs,no,no,no,URL from verified IHBG page nav; not fetched [research lane: USDA/HUD/Commerce],Tier 2,seed_imported,not_started,TERMS_REVIEW_REQUIRED,federal_all_customers,NOT_DETERMINED_BY_REGISTRY,NOT_DETERMINED_BY_REGISTRY,robots_or_terms_risk:TERMS_REVIEW_REQUIRED;monitoring_not_started
HUD-TRIBAL-HUD-VASH-572F23,HUD Tribal HUD-VASH,program page,HUD,PIH/ONAP,national,federal,,https://www.hud.gov/helping-americans/public-indian-housing-tribal-hud-vash,static HTML page monitor,low,TERMS_REVIEW_REQUIRED,exclusive,federally-recognized-tribe;tribal-government;tribal-organization,yes,UNKNOWN,unclear,Tribal HUD-VASH rental assistance + supportive services for Native veterans,UNKNOWN,UNKNOWN,HTML,no,via Codetalk,no,URL verified via Codetalk + HUD Exchange; page NOT fetched. NAHASDA 4(9)(C) income exclusion applies [research lane: USDA/HUD/Commerce],Tier 2,seed_imported,not_started,TERMS_REVIEW_REQUIRED,federal_all_customers,NOT_DETERMINED_BY_REGISTRY,NOT_DETERMINED_BY_REGISTRY,robots_or_terms_risk:TERMS_REVIEW_REQUIRED;monitoring_not_started
IHS-DGM-CURRENT-NEWS-E66373,IHS DGM Current News,news page,HHS,Indian Health Service / DGM,federal,federal,,https://www.ihs.gov/dgm/news/,static HTML page monitor,low,OK,native-exclusive,n/a,n/a,n/a,n/a,NOFO publication policy change; SAM.gov registration changes,rolling,monthly,HTML,no,no,no,"Link verified on DGM pages; carries grants-policy changes that alter HOW NOFOs are published - i.e. scraper-breaking events. Monitor it as an infrastructure signal, not an opportunity feed [research lane: DOI/HHS + SC + philanthropy]",Tier 2,seed_imported,not_started,NO_REVIEW_REQUIRED,federal_all_customers,NOT_DETERMINED_BY_REGISTRY,NOT_DETERMINED_BY_REGISTRY,monitoring_not_started
IHS-LISTSERV-EMAIL-GROUPS-70F349,IHS LISTSERV email groups,newsletter/listserv,HHS,Indian Health Service,federal,federal,,https://www.ihs.gov/listserv/,email bulletin/manual intake,low,OK,native-exclusive,n/a,n/a,n/a,n/a,IHS Diabetes LISTSERV and others,rolling,varies,email,no,yes,subscription,Link verified in IHS navigation; the Diabetes LISTSERV was separately verified on the SDPI page [research lane: DOI/HHS + SC + philanthropy],Tier 2,seed_imported,not_started,TERMS_REVIEW_REQUIRED,federal_all_customers,NOT_DETERMINED_BY_REGISTRY,NOT_DETERMINED_BY_REGISTRY,requires_login:subscription;monitoring_not_started
IHS-OFFICE-OF-TRIBAL-SELF-GO-82C768,IHS Office of Tribal Self-Governance,agency landing page,HHS,Indian Health Service / OTSG,federal,federal,,https://www.ihs.gov/selfgovernance/,static HTML page monitor,med,OK,native-exclusive,"federally-recognized-tribe, tribal-government, tribal-organization",yes,appears excluded,unclear,TSGP Planning and TSGN Negotiation cooperative agreements; Title V compacts,UNKNOWN,UNKNOWN,HTML,no,no,no,"Not fetched. Funding character is self-governance-COMPACTED, not competitive - important for correctly classifying IHS money that never appears as a NOFO. The competitive on-ramp into self-governance is TSGP/TSGN in the DGM index. Note IHS self-governance is Title V of ISDEAA, not Title IV [research lane: DOI/HHS + SC + philanthropy]",Tier 2,seed_imported,not_started,NO_REVIEW_REQUIRED,federal_all_customers,NOT_DETERMINED_BY_REGISTRY,NOT_DETERMINED_BY_REGISTRY,monitoring_not_started
IHS-OFFICE-OF-URBAN-INDIAN-H-F6AE73,IHS Office of Urban Indian Health Programs,agency landing page,HHS,Indian Health Service / OUIHP,federal,federal,,https://www.ihs.gov/urban/,static HTML page monitor,med,OK,native-exclusive,"native-nonprofit, native-serving-nonprofit, tribal-organization",no (urban Indian organizations are not tribes),n/a,unclear,UIHP 4-in-1; Urban Indian Education and Research; National Urban Indian Behavioral Health,UNKNOWN,UNKNOWN,HTML,no,no,no,Not fetched. Important eligibility nuance: urban Indian organizations are a distinct applicant class from federally recognized Tribes and must be modeled separately [research lane: DOI/HHS + SC + philanthropy],Tier 2,seed_imported,not_started,NO_REVIEW_REQUIRED,federal_all_customers,NOT_DETERMINED_BY_REGISTRY,NOT_DETERMINED_BY_REGISTRY,monitoring_not_started
IHS-URBAN-LEADER-LETTERS-54C796,IHS Urban Leader Letters,Dear Tribal Leader Letter analog,HHS,Indian Health Service / Public Affairs,federal,federal,,https://www.ihs.gov/newsroom/urbanleaderletters/,PDF/NOFO page monitor,low,OK,native-exclusive,"native-nonprofit, native-serving-nonprofit",no,n/a,unclear,Urban Confer notices; SDPI UIO funding,rolling,monthly,HTML + PDFs,no,no,no,Not fetched but link verified. Many 2026 letters are joint DTLL_DUIOLL PDFs already captured by the DTLL monitor [research lane: DOI/HHS + SC + philanthropy],Tier 2,seed_imported,not_started,NO_REVIEW_REQUIRED,federal_all_customers,NOT_DETERMINED_BY_REGISTRY,NOT_DETERMINED_BY_REGISTRY,monitoring_not_started
IMLS-CURRENT-FY-NOFO-LIST-E050CD,IMLS Current-FY NOFO List,html-index,IMLS,Office of Library Services / Museum Services,federal,federal,,https://www.imls.gov/find-funding/how-to-apply/funding-opportunities,PDF/NOFO page monitor,medium (deadlines live in PDFs),OK,high,tribe (Alaska Native village/corp); nh-nonprofit for NHLS,YES (NAB/NAE),NO,sometimes-allowable-depends-on-NOFO,"fy26-ols-nab, fy26-ols-nae, fy26-ols-nh, fy26-oms-nanh",historical: NAB ~early Feb; NAE/NHLS ~Apr 1. FY26 actuals UNKNOWN,FY26 NOFOs posted Jan 2026,HTML + PDF,no,yes (GovDelivery),no,"IMLS IS UP and FY26 Native NOFOs ARE posted — but /grants/available/* program pages STILL SHOW FY2025 DEADLINES. DO NOT scrape deadlines from those pages; parse the PDFs. rss.xml returned empty. Eligibility inverts NIFA: ""Indian tribes and Alaska Native villages and corporations are eligible… libraries, museums, schools, TRIBAL COLLEGES… are not eligible applicants."" NHLS runs on 20 USC 7517(2) and needs a NONPROFIT, not a government. Unexamined signal: ""IMLS is Moving"" (Feb 17 2026). [research lane: Research funding]",Tier 2,seed_imported,not_started,NO_REVIEW_REQUIRED,federal_all_customers,NOT_DETERMINED_BY_REGISTRY,NOT_DETERMINED_BY_REGISTRY,monitoring_not_started
DOI-NPS-NAGPRA,NAGPRA Grants,program_page,Interior,National Park Service,United States,federal,,https://www.nps.gov/subjects/nagpra/grants.htm,PDF/NOFO page monitor,low,OK,Very high,Tribes; Native Hawaiian organizations; museums; NOFO controls,Varies,No,Sometimes allowable depending on NOFO/budget category,Consultation/documentation/repatriation grants,Annual/periodic,Monthly,HTML/PDF,No,Yes,No,[research lane: seed-v1],Tier 2,seed_imported,not_started,NO_REVIEW_REQUIRED,federal_all_customers,NOT_DETERMINED_BY_REGISTRY,NOT_DETERMINED_BY_REGISTRY,monitoring_not_started
NATIVE-AMERICAN-SERVING-NONT-937C0F,"Native American-Serving Nontribal Institutions (NASNTI, Title III-F)",grant program,ED,Office of Postsecondary Education,federal,federal,,https://www.ed.gov/grants-and-programs/grants-special-populations/grants-native-americans-alaskan-natives-and-pacific-islanders/native-american-serving-nontribal-institutions-program,static HTML page monitor,low,OK,high,native-serving-nonprofit;state-or-local-govt-serving-natives,no,n/a,unclear,capacity to serve Native Americans and low-income individuals,UNKNOWN,UNKNOWN,HTML,no,email,no,"Verbatim from index page: ""Provides grants and assistance to nontribal institutions to improve and expand their capacity to serve Native Americans and low-income individuals."" Institution-level, not tribe-level - reaches the native-serving-entity segment. Program page not directly fetched. [research lane: DOJ/DHS/ED/DOL/SBA]",Tier 2,seed_imported,not_started,NO_REVIEW_REQUIRED,federal_all_customers,NOT_DETERMINED_BY_REGISTRY,NOT_DETERMINED_BY_REGISTRY,monitoring_not_started
NATIVE-HAWAIIAN-EDUCATION-PR-D023C8,Native Hawaiian Education Program (84.362A),grant program,ED,OESE,federal,federal,,https://www.ed.gov/grants-and-programs/grants-special-populations/grants-native-americans-alaskan-natives-and-pacific-islanders/native-hawaiian-education-84362a,static HTML page monitor,low,OK,high,native-nonprofit;native-serving-nonprofit;consortium-with-tribal-partner,no,n/a,unclear,innovative education programs for Native Hawaiians,UNKNOWN,UNKNOWN,HTML,no,email,no,ALN 84.362A confirmed from URL slug. Native Hawaiians are not federally recognized tribes; federal-recognition test does not apply. Program page not directly fetched - details UNKNOWN. [research lane: DOJ/DHS/ED/DOL/SBA],Tier 2,seed_imported,not_started,NO_REVIEW_REQUIRED,federal_all_customers,NOT_DETERMINED_BY_REGISTRY,NOT_DETERMINED_BY_REGISTRY,monitoring_not_started
DOI-BOR,Nature-Based Solutions and Native American Affairs,agency_page,Interior,Bureau of Reclamation,Western United States,federal,,https://www.usbr.gov/native/,static HTML page monitor,medium,OK,High,Federally recognized tribes; tribal partners; program controls,Often,Usually no,Sometimes allowable depending on NOFO/budget category,Tribal water technical assistance,Periodic,Monthly,HTML/PDF,No,UNKNOWN,No,Geographically/program limited [research lane: seed-v1],Tier 2,seed_imported,not_started,NO_REVIEW_REQUIRED,federal_all_customers,NOT_DETERMINED_BY_REGISTRY,NOT_DETERMINED_BY_REGISTRY,monitoring_not_started
NIH-GUIDE-RSS-BC9C03,NIH Guide RSS,rss,HHS,NIH,federal,federal,,https://grants.nih.gov/grants/guide/newsfeed/fundingopps.xml,RSS/feed monitor,low,OK,high,NA,NA,NA,UNKNOWN,N CREW Native Collective Research Effort to Enhance Wellness (NOT-DA-26-011/012),per_notice,daily_claimed_but_thin,RSS_XML,no,yes,no,"WARNING: live feed returned only ONE item while weekly index showed different content - lagging, not a sole ingest path; RSS 2.0 ISO-8859-1 [research lane: API/monitoring layer]",Tier 2,seed_imported,not_started,NO_REVIEW_REQUIRED,federal_all_customers,NOT_DETERMINED_BY_REGISTRY,NOT_DETERMINED_BY_REGISTRY,monitoring_not_started
NIH-REPORTER,NIH RePORTER,award_database,HHS,NIH,United States,federal,,https://api.reporter.nih.gov/,API monitor,low,TERMS_REVIEW_REQUIRED,Medium,Research award recipients,Varies,Varies,Not applicable,NIH awards,Rolling,Weekly,JSON,Yes,No,No,[research lane: seed-v1],Tier 2,seed_imported,not_started,TERMS_REVIEW_REQUIRED,federal_all_customers,NOT_DETERMINED_BY_REGISTRY,NOT_DETERMINED_BY_REGISTRY,robots_or_terms_risk:TERMS_REVIEW_REQUIRED;monitoring_not_started
NIH-REPORTER-API-E82D6A,NIH RePORTER API,api,NIH,n/a,federal,federal,,https://api.reporter.nih.gov,API monitor,low,TERMS_REVIEW_REQUIRED,medium,n/a (awards intelligence),n/a,n/a,n/a,historical NARCH/TCUP/tribal awardees,n/a,continuous; data from 1/1/2011,JSON,yes (OpenAPI 3.0.1 VERIFIED),no,no,"No auth per the spec (no securitySchemes) — inferred, GET-only tool could not POST. Rate guidance quoted: ""no more than one URL request per second,"" bulk jobs weekends or 9PM-5AM EST, or ""administrators may block your IP."" limit is CONTRADICTORY: docs say max 500, spec says 50 — assume 50. Join to NOFOs via opportunity_numbers. No tribal flag exists. RETROSPECTIVE ONLY. [research lane: Research funding]",Tier 2,seed_imported,not_started,TERMS_REVIEW_REQUIRED,federal_all_customers,NOT_DETERMINED_BY_REGISTRY,NOT_DETERMINED_BY_REGISTRY,robots_or_terms_risk:TERMS_REVIEW_REQUIRED;monitoring_not_started
DOC-NOAA,NOAA Funding Opportunities,agency_grant_page,Commerce,NOAA,United States,federal,,https://www.noaa.gov/organization/information-technology/funding-opportunities,static HTML page monitor,medium,OK,High,Tribes; nonprofits; research entities; NOFO controls,Varies,Varies,Sometimes allowable depending on NOFO/budget category,Climate resilience; fisheries; habitat,Recurring,Weekly,HTML/PDF,No,Yes,No,[research lane: seed-v1],Tier 2,seed_imported,not_started,NO_REVIEW_REQUIRED,federal_all_customers,NOT_DETERMINED_BY_REGISTRY,NOT_DETERMINED_BY_REGISTRY,monitoring_not_started
NOAA-SEA-GRANT-FUNDING-876BE6,NOAA Sea Grant Funding,program-page,NOAA,OAR / National Sea Grant,federal + 34 state programs,federal,,https://seagrant.noaa.gov/opportunities/funding/,static HTML page monitor,low,OK,medium,"tribal-org (within a collaborative), tribe",UNKNOWN,UNKNOWN,unclear,"Young Fishermen's (closed); American Lobster Initiative (open, Aug 28 2026)",per-competition,modified 2026-08-17; zero open at fetch,HTML + RSS,no,"yes (feed VERIFIED but it is NEWS, not funding)",no,"KEY STRUCTURAL FINDING: national office had ZERO open opportunities while linking 34 state/consortium programs running their own RFPs on .edu/.org domains — one verified open with explicit ""tribal entity"" eligibility. GRANTS.GOV-ONLY INGESTION MISSES THIS ENTIRE TIER. Also: on-page notice that DEIA factors are now EXCLUDED from FY25 proposal evaluation. eRA Commons registration additionally required to apply. [research lane: Research funding]",Tier 2,seed_imported,not_started,NO_REVIEW_REQUIRED,federal_all_customers,NOT_DETERMINED_BY_REGISTRY,NOT_DETERMINED_BY_REGISTRY,monitoring_not_started
NPS-HISTORIC-PRESERVATION-FU-703D44,NPS Historic Preservation Fund hub,funding index page,DOI,National Park Service / STLPG,federal,federal,,https://www.nps.gov/subjects/historicpreservationfund/index.htm,static HTML page monitor,low,OK,native-eligible-among-others,"federally-recognized-tribe, tribal-government, state-or-local-govt-serving-natives",varies by sub-program,UNKNOWN,unclear,"Tribal Heritage Grants, THPO formula grants, competitive project grants, Disaster Recovery",mixed formula and competitive,quarterly,HTML,no,yes (bulletin-update.htm),no,Splits formula-grants.htm vs project-grants.htm; the gateway for discovering newly tribal-eligible HPF competitions [research lane: DOI/HHS + SC + philanthropy],Tier 2,seed_imported,not_started,NO_REVIEW_REQUIRED,federal_all_customers,NOT_DETERMINED_BY_REGISTRY,NOT_DETERMINED_BY_REGISTRY,monitoring_not_started
NPS-HPF-GRANTS-EMAIL-BULLETI-12A869,NPS HPF grants email bulletin,newsletter/listserv,DOI,National Park Service / STLPG,federal,federal,,https://www.nps.gov/subjects/historicpreservationfund/bulletin-update.htm,email bulletin/manual intake,low,OK,native-priority,n/a,n/a,n/a,n/a,"Tribal Heritage Grants, THPO, HPF competitions",rolling,varies,email,no,yes,subscription,Sign Up to Receive Information About Grants verified on the THG page; THG also links via t1.info.nps.gov confirming a GovDelivery-style distribution [research lane: DOI/HHS + SC + philanthropy],Tier 2,seed_imported,not_started,TERMS_REVIEW_REQUIRED,federal_all_customers,NOT_DETERMINED_BY_REGISTRY,NOT_DETERMINED_BY_REGISTRY,requires_login:subscription;monitoring_not_started
NPS-NAGPRA-GRANTS-2C9DC5,NPS NAGPRA Grants,program page,DOI,National Park Service / NAGPRA Program,federal,federal,,https://www.nps.gov/subjects/nagpra/grants.htm,static HTML page monitor,low,OK,native-priority,"federally-recognized-tribe, tribal-government, native-nonprofit, native-serving-nonprofit",yes for Tribes; museums eligible separately,appears excluded,sometimes-allowable-depends-on-NOFO,Consultation/Documentation grants; Repatriation grants (ALN 15.922),page defers to grants.gov; annual,annual,HTML,no,yes (via grants.gov saved search),no,ALN 15.922 verified on page. Eligibility includes MUSEUMS alongside Indian Tribes and Native Hawaiian organizations - a native-only eligibility filter will mis-tag this program. Statutory basis 25 USC 3008 quoted. Award history database at apps.cr.nps.gov/nagprapublic/home/grant covers 1994-present [research lane: DOI/HHS + SC + philanthropy],Tier 2,seed_imported,not_started,NO_REVIEW_REQUIRED,federal_all_customers,NOT_DETERMINED_BY_REGISTRY,NOT_DETERMINED_BY_REGISTRY,monitoring_not_started
NPS-THPO-FORMULA-GRANTS-DEF9EE,NPS THPO Formula Grants,program page,DOI,National Park Service / STLPG,federal,federal,,https://www.nps.gov/subjects/historicpreservationfund/thpo-grants.htm,static HTML page monitor,low,OK,native-exclusive,"federally-recognized-tribe, tribal-government",yes,appears excluded,unclear,THPO annual formula grants,annual formula,annual,HTML,no,yes (HPF bulletin),no,Link verified present on the THPO program page; page itself not fetched. Formula rather than competitive per HPF hub wording [research lane: DOI/HHS + SC + philanthropy],Tier 2,seed_imported,not_started,NO_REVIEW_REQUIRED,federal_all_customers,NOT_DETERMINED_BY_REGISTRY,NOT_DETERMINED_BY_REGISTRY,monitoring_not_started
USDA-NRCS,NRCS Tribal Assistance,tribal_affairs_page,USDA,NRCS,United States,federal,,https://www.nrcs.usda.gov/about/partnerships/tribal-assistance,static HTML page monitor,low,OK,High,Tribes; Native producers; partners; program controls,Varies,Varies,Sometimes allowable depending on program,Conservation programs; agreements,Recurring,Monthly,HTML/PDF,No,UNKNOWN,No,[research lane: seed-v1],Tier 2,seed_imported,not_started,NO_REVIEW_REQUIRED,federal_all_customers,NOT_DETERMINED_BY_REGISTRY,NOT_DETERMINED_BY_REGISTRY,monitoring_not_started
NSF-AISL-ARCHIVED-81FB4A,NSF AISL (archived),program-page,NSF,EDU,federal,federal,,https://www.nsf.gov/funding/opportunities/aisl-advancing-informal-stem-learning,RSS/feed monitor,low,OK,high,"tribe, native-nonprofit, ihe",YES (25 USC 5130-5131),NO (excluded by definition),likely-allowable,NSF 24-601,none — ARCHIVED,archived May 2026,HTML,no,via NSF RSS,no,"ARCHIVED, no successor named. But it is the BEST tribal/Native-nonprofit eligibility language at NSF: ""Non-profit, Non-academic Organizations, and Tribal Nations as core to the program's Broadening Participation."" Worth a standing watch — reissue would be high-value. pims_id 504793. [research lane: Research funding]",Tier 2,seed_imported,not_started,NO_REVIEW_REQUIRED,federal_all_customers,NOT_DETERMINED_BY_REGISTRY,NOT_DETERMINED_BY_REGISTRY,monitoring_not_started
NSF-UPCOMING-DUE-DATES-RSS-59C55A,NSF Upcoming Due Dates RSS,rss,NSF,all directorates,federal,federal,,https://www.nsf.gov/rss/rss_www_funding_upcoming.xml,RSS/feed monitor,low,TERMS_REVIEW_REQUIRED,medium,"tribal-college, ihe",varies,no,likely-allowable,TCUP appeared in feed during fetch,carries deadline TYPE + date,continuous,RSS/XML,no,yes (VERIFIED),no,VERIFIED WORKING. Carries deadline semantics (Deadline vs Target vs Window) — valuable. CAVEAT: 30-DAY HORIZON ONLY; insufficient as a sole source. [research lane: Research funding],Tier 2,seed_imported,not_started,TERMS_REVIEW_REQUIRED,federal_all_customers,NOT_DETERMINED_BY_REGISTRY,NOT_DETERMINED_BY_REGISTRY,robots_or_terms_risk:TERMS_REVIEW_REQUIRED;monitoring_not_started
NASA-NSPIRES,NSPIRES,research_opportunity_portal,NASA,,United States,federal,,https://nspires.nasaprs.com/,search endpoint monitor,high,TERMS_REVIEW_REQUIRED,Medium,Research institutions; applicant rules vary,Varies,Varies,Sometimes allowable depending on NOFO/budget category,ROSES; STEM engagement,Rolling,Weekly,HTML/PDF,UNKNOWN,Yes,Varies,Manual intake until terms review [research lane: seed-v1],Tier 2,seed_imported,not_started,TERMS_REVIEW_REQUIRED,federal_all_customers,NOT_DETERMINED_BY_REGISTRY,NOT_DETERMINED_BY_REGISTRY,robots_or_terms_risk:TERMS_REVIEW_REQUIRED;requires_login:Varies;monitoring_not_started
OVW-TRIBAL-JURISDICTION-PROG-1BEE70,OVW Tribal Jurisdiction Program (STCJ),grant program,DOJ,OVW Tribal Affairs Division,federal,federal,,https://www.justice.gov/ovw/funding-opportunities,PDF/NOFO page monitor,low,OK,very high,federally-recognized-tribe;tribal-government;consortium-with-tribal-partner,yes,no,unclear,planning/implementing special tribal criminal jurisdiction,annual; FY26 marked CLOSED,annual,HTML + PDF,no,email,no,"Verified CLOSED for FY26. Eligible: tribal governments with jurisdiction over Indian country or occupying Alaska Native villages. FY25: 8 awards / $7,054,815. Authorized 25 U.S.C. 1304(h)(2). Separate STCJ Reimbursement Program exists. [research lane: DOJ/DHS/ED/DOL/SBA]",Tier 2,seed_imported,not_started,NO_REVIEW_REQUIRED,federal_all_customers,NOT_DETERMINED_BY_REGISTRY,NOT_DETERMINED_BY_REGISTRY,monitoring_not_started
RECLAMATION-NATIVE-AMERICAN-530214,Reclamation Native American Affairs hub,agency landing page,DOI,Bureau of Reclamation / NAIAO,federal (17 Western States),federal,,https://www.usbr.gov/native/,static HTML page monitor,low,OK,native-exclusive,"federally-recognized-tribe, tribal-government",yes,appears excluded,likely-allowable,NAA TAP; Indian Water Rights Settlements; PL 93-638 Program; Tribal Domestic Water Supplies,rolling announcements,monthly,HTML,no,yes (RSS index linked),no,Carries an Announcements / Funding Opportunity block that caught the $6M Colorado River Basin drought notice. Geographic scope limit: 17 Western States only - never surface to an Eastern customer [research lane: DOI/HHS + SC + philanthropy],Tier 2,seed_imported,not_started,NO_REVIEW_REQUIRED,federal_all_customers,NOT_DETERMINED_BY_REGISTRY,NOT_DETERMINED_BY_REGISTRY,monitoring_not_started
RECLAMATION-RSS-FEED-INDEX-3E37EE,Reclamation RSS feed index,RSS feed,DOI,Bureau of Reclamation,federal,federal,,https://www.usbr.gov/newsroom/rssxml/rssfeeds.html,RSS/feed monitor,low,OK,native-eligible-among-others,n/a,n/a,n/a,n/a,Reclamation news releases including tribal awards,continuous,daily,RSS/XML,no,yes,no,Feed INDEX page verified in the usbr.gov footer; individual feed URLs not yet enumerated [research lane: DOI/HHS + SC + philanthropy],Tier 2,seed_imported,not_started,NO_REVIEW_REQUIRED,federal_all_customers,NOT_DETERMINED_BY_REGISTRY,NOT_DETERMINED_BY_REGISTRY,monitoring_not_started
REGULATIONS-GOV-API-V4-EC2949,Regulations.gov API v4,api,GSA,eRulemaking Program,federal,federal,,https://open.gsa.gov/api/regulationsgov/,API monitor,low,TERMS_REVIEW_REQUIRED,medium,NA,NA,NA,UNKNOWN,tribal consultation dockets,comment_period,daily,JSON,yes,no,yes_for_key,X-Api-Key required; DEMO_KEY explicitly not for production; Commenting API 50/min + 500/hr; GET default limit UNKNOWN (api.data.gov rate-limit page returned empty); lastModifiedDate pagination workaround in beta; robots.txt allows everything (empty Disallow); POST comment use triggers binding Terms of Participation [research lane: API/monitoring layer],Tier 2,seed_imported,not_started,TERMS_REVIEW_REQUIRED,federal_all_customers,NOT_DETERMINED_BY_REGISTRY,NOT_DETERMINED_BY_REGISTRY,robots_or_terms_risk:TERMS_REVIEW_REQUIRED;requires_login:yes_for_key;monitoring_not_started
SAFE-STREETS-AND-ROADS-FOR-A-A7DBA0,Safe Streets and Roads for All (SS4A),program,DOT,Office of the Secretary / Office of Infrastructure Deployment,national,federal,,https://www.transportation.gov/grants/SS4A,static HTML page monitor,low,OK,tribal-eligible (not native-exclusive),"federally-recognized-tribe, tribal-government, state-or-local-govt-serving-natives (MPOs, political subdivisions)",yes,"no — only ""Federally recognized Tribal governments"" listed",sometimes-allowable-depends-on-NOFO,"Planning and Demonstration Grants (Action Plans, supplemental safety planning, safety demonstration); Implementation Grants","annual FY22–FY26; FY26 NOFO CLOSED 2026-05-26 17:00 EDT; ""approximately $1 billion is still available for the next funding round"" (round unannounced)",annual; page updated 2026-05-27,HTML + PDF fact sheet,no,inline email-updates form on page,Grants.gov to apply,"$5B IIJA over FY2022–2026; $3.9B awarded to 2,000+ communities to date. FY25: $982,231,998 to 521 communities announced 2025-12-23 (454 planning/demo + 67 implementation); ""Over $340,904,546… benefits communities in rural and Tribal areas."" Implementation Grants REQUIRE an existing eligible Action Plan; pre-application Action Plan review available. Planning squarely eligible; software not named. [research lane: DOE/EPA/DOT]",Tier 2,seed_imported,not_started,TERMS_REVIEW_REQUIRED,federal_all_customers,NOT_DETERMINED_BY_REGISTRY,NOT_DETERMINED_BY_REGISTRY,requires_login:Grants.gov to apply;monitoring_not_started
SAMHSA-NATIVE-CONNECTIONS-2DA23D,SAMHSA Native Connections,program page,HHS,SAMHSA,federal,federal,,https://www.samhsa.gov/communities/tribal-affairs/funding-opportunities/native-connections,PDF/NOFO page monitor,high,OK,native-exclusive,UNKNOWN - not verified,UNKNOWN,UNKNOWN,unclear,"Native Connections (tribal behavioral health, youth suicide prevention)",UNKNOWN,UNKNOWN,HTML,no,UNKNOWN,no,URL verified as a link on the SAMHSA tribal-affairs page; page itself not fetched [research lane: DOI/HHS + SC + philanthropy],Tier 2,seed_imported,not_started,NO_REVIEW_REQUIRED,federal_all_customers,NOT_DETERMINED_BY_REGISTRY,NOT_DETERMINED_BY_REGISTRY,monitoring_not_started
SAMHSA-TRIBAL-AFFAIRS-HUB-17336B,SAMHSA Tribal Affairs hub,agency landing page,HHS,SAMHSA,federal,federal,,https://www.samhsa.gov/communities/tribal-affairs,static HTML page monitor,high,OK,native-exclusive,UNKNOWN,UNKNOWN,UNKNOWN,unclear,"Tribal Opioid Response, Native Connections, National Tribal Behavioral Health Agenda",UNKNOWN,UNKNOWN,HTML,no,UNKNOWN,no,"Correct hub - the older /grants/grant-announcements path returns empty. Pages are ~94KB of near-pure navigation: very low extraction yield, high parsing cost. TOR purpose verified from page metadata (culturally appropriate evidence-based treatment including MOUD) but TOR and Native Connections eligibility and deadlines are NOT verified [research lane: DOI/HHS + SC + philanthropy]",Tier 2,seed_imported,not_started,NO_REVIEW_REQUIRED,federal_all_customers,NOT_DETERMINED_BY_REGISTRY,NOT_DETERMINED_BY_REGISTRY,monitoring_not_started
SAMHSA-TRIBAL-OPIOID-RESPONS-D7833A,SAMHSA Tribal Opioid Response Grants,program page,HHS,SAMHSA,federal,federal,,https://www.samhsa.gov/communities/tribal-affairs/funding-opportunities/opioid-response-grants,PDF/NOFO page monitor,high,OK,native-exclusive,UNKNOWN - not verified,UNKNOWN,UNKNOWN,unclear,Tribal Opioid Response (TOR),UNKNOWN,UNKNOWN,HTML,no,UNKNOWN,no,Purpose verified from page metadata only. Eligibility and deadline NOT verified - nav-dominated page [research lane: DOI/HHS + SC + philanthropy],Tier 2,seed_imported,not_started,NO_REVIEW_REQUIRED,federal_all_customers,NOT_DETERMINED_BY_REGISTRY,NOT_DETERMINED_BY_REGISTRY,monitoring_not_started
SBA-8-A-BUSINESS-DEVELOPMENT-4A0E16,SBA 8(a) Business Development Program,certification (NOT funding),SBA,Office of Government Contracting and Business Development,federal,federal,,https://www.sba.gov/certifications/,static HTML page monitor,low,OK,high (contracting access),native-owned-business;tribal-government;native-individual,UNKNOWN,UNKNOWN,n/a,8(a); HUBZone; WOSB; Mentor-Protege; Joint Ventures,continuous application,continuous,HTML,no,no,yes (certify.sba.gov),"CONFIRMED A CERTIFICATION, NOT FUNDING - by site architecture: 8(a) appears exclusively under /certifications/, never under Loans or Grants. Tribally owned and ANC-owned 8(a) entities are a well-known category but that specific eligibility was NOT verified on pages fetched - UNKNOWN. [research lane: DOJ/DHS/ED/DOL/SBA]",Tier 2,seed_imported,not_started,TERMS_REVIEW_REQUIRED,federal_all_customers,NOT_DETERMINED_BY_REGISTRY,NOT_DETERMINED_BY_REGISTRY,requires_login:yes (certify.sba.gov);monitoring_not_started
SBA-GRANTS-AGENCY-GRANTS-PAG-26DE95,SBA Grants (agency grants page),funding list page,SBA,"multiple (OVBD, OED, Office of Manufacturing and Trade)",federal,federal,,https://www.sba.gov/loans/additional-funding-opportunities/grants/,static HTML page monitor,low,OK,low-medium,native-nonprofit;native-serving-nonprofit;tribal-government;state-or-local-govt-serving-natives,no,UNKNOWN,unclear,PRIME; SBDC host vacancies; VBOC; SDVETP; VFPETP; WVETP; SCORE; Portable Assistance; STEP; E2G,"per-program; PRIME ""posted to grants.gov in either April or May of each year""",modified 2026-07-30,HTML (WordPress),no,no,no,"DECISIVE, verbatim: ""SBA does not provide grants for starting and expanding a business"" and ""SBA provides grants to nonprofits, Resource Partners, and educational organizations."" Native-owned businesses get loans/certifications/counseling, NOT grants. E2G: ""Applications are now closed."" STEP goes to state/territory governments only - no tribal-government recipient path. NEITHER 7(j) NOR APEX Accelerators appears anywhere on this page. [research lane: DOJ/DHS/ED/DOL/SBA]",Tier 2,seed_imported,not_started,NO_REVIEW_REQUIRED,federal_all_customers,NOT_DETERMINED_BY_REGISTRY,NOT_DETERMINED_BY_REGISTRY,monitoring_not_started
SBA-OFFICE-OF-NATIVE-AMERICA-42DCEB,SBA Office of Native American Affairs (ONAA),program office page (no grants),SBA,Office of Native American Affairs,federal,federal,,https://www.sba.gov/about-sba/sba-locations/headquarters/office-of-native-american-affairs/,static HTML page monitor,low,OK,"high (advisory, not funding)",native-owned-business;native-individual,no,n/a,unlikely-allowable,free technical assistance; entrepreneurial empowerment workshops; 8(a) referral,n/a - no competition,modified 2026-07-30,HTML (WordPress 7.0.2),no,no,no,"ONAA RUNS NO GRANT PROGRAM. Offers free TA: ""marketing, strategic and operational planning, financial analysis, opportunity development and capture, contract management, and compliance."" Acting AA: Elizabeth Habib. URL MOVED - request to /headquarters-offices/office-native-american-affairs redirected to /headquarters/office-of-native-american-affairs/. Canonicalize via redirects; legacy content at legacy.sba.gov. [research lane: DOJ/DHS/ED/DOL/SBA]",Tier 2,seed_imported,not_started,NO_REVIEW_REQUIRED,federal_all_customers,NOT_DETERMINED_BY_REGISTRY,NOT_DETERMINED_BY_REGISTRY,monitoring_not_started
SBA-PRIME-PROGRAM-FOR-INVEST-1FD46C,SBA PRIME (Program for Investors in Microentrepreneurs),grant program,SBA,Office of Entrepreneurial Development,federal,federal,,https://www.sba.gov/document/information-notice--program-investors-microentrepreneurs-prime,search endpoint monitor,low,OK,high,tribal-government;native-nonprofit;native-serving-nonprofit;state-or-local-govt-serving-natives,UNKNOWN,UNKNOWN,unclear,capacity-building for microenterprise development orgs; TA to disadvantaged microentrepreneurs,"annual, ""posted to grants.gov in either April or May of each year""",annual,HTML + Grants.gov posting,no,no,no,"THE ONE GENUINELY TRIBE-ELIGIBLE SBA GRANT. Verbatim: ""provides funding for nonprofit microenterprise development organizations run either privately, or by state, local, tribal governments, or Indian tribes."" Competitive, subject to available funds. Faith-based orgs may compete. Monitor via Grants.gov each April/May. [research lane: DOJ/DHS/ED/DOL/SBA]",Tier 2,seed_imported,not_started,NO_REVIEW_REQUIRED,federal_all_customers,NOT_DETERMINED_BY_REGISTRY,NOT_DETERMINED_BY_REGISTRY,monitoring_not_started
STRENGTHENING-AMERICAN-INDIA-348DE5,Strengthening American Indian Tribally Controlled Colleges and Universities (Title III-A),grant program,ED,Office of Postsecondary Education,federal,federal,,https://www.ed.gov/grants-and-programs/grants-special-populations/grants-native-americans-alaskan-natives-and-pacific-islanders/title-iii-part-programs-american-indian-tribally-controlled,static HTML page monitor,low,OK,very high,tribal-college-or-BIE-school,UNKNOWN,UNKNOWN,unclear,academic quality; institutional management; fiscal stability,UNKNOWN,UNKNOWN,HTML,no,email,no,"Verbatim: ""Provides funds to improve and strengthen the academic quality, institutional management, and fiscal stability of eligible institutions."" Institutional-capacity purpose language is favorable to admin/planning/software but NOT verified - program page not fetched. [research lane: DOJ/DHS/ED/DOL/SBA]",Tier 2,seed_imported,not_started,NO_REVIEW_REQUIRED,federal_all_customers,NOT_DETERMINED_BY_REGISTRY,NOT_DETERMINED_BY_REGISTRY,monitoring_not_started
DOI-NPS-THG,Tribal Heritage Grants,program_page,Interior,National Park Service,United States,federal,,https://www.nps.gov/subjects/historicpreservationfund/tribal-heritage-grants.htm,PDF/NOFO page monitor,low,OK,Very high,Federally recognized tribes; tribal historic preservation offices,Yes,No,Sometimes allowable depending on NOFO/budget category,Tribal Heritage Grants,Annual/periodic,Monthly,HTML/PDF,No,Yes,No,[research lane: seed-v1],Tier 2,seed_imported,not_started,NO_REVIEW_REQUIRED,federal_all_customers,NOT_DETERMINED_BY_REGISTRY,NOT_DETERMINED_BY_REGISTRY,monitoring_not_started
DOT-FTA-TRIBAL,Tribal Transit Program,program_page,Transportation,Federal Transit Administration,United States,federal,,https://www.transit.dot.gov/funding/grants/grant-programs/public-transportation-indian-reservations-program-tribal-transit,PDF/NOFO page monitor,low,OK,Very high,Federally recognized tribes; eligible tribal recipients,Yes,No,Sometimes allowable depending on NOFO/budget category,Tribal Transit formula and competitive,Annual,Monthly,HTML/PDF,No,Yes,No,[research lane: seed-v1],Tier 2,seed_imported,not_started,NO_REVIEW_REQUIRED,federal_all_customers,NOT_DETERMINED_BY_REGISTRY,NOT_DETERMINED_BY_REGISTRY,monitoring_not_started
DOI-FWS-TWG,Tribal Wildlife Grants,program_page,Interior,Fish and Wildlife Service,United States,federal,,https://www.fws.gov/program/tribal-wildlife-grants,PDF/NOFO page monitor,low,OK,Very high,Federally recognized tribes,Yes,No,Sometimes allowable depending on NOFO/budget category,Tribal Wildlife Grants,Annual/periodic,Monthly,HTML/PDF,No,UNKNOWN,No,[research lane: seed-v1],Tier 2,seed_imported,not_started,NO_REVIEW_REQUIRED,federal_all_customers,NOT_DETERMINED_BY_REGISTRY,NOT_DETERMINED_BY_REGISTRY,monitoring_not_started
TTP-BRIDGE-PROGRAM-385C3B,TTP Bridge Program,program,DOT,FHWA Office of Tribal Transportation,national,federal,,https://highways.dot.gov/federal-lands/tribal/bridge,static HTML page monitor,low,OK,native-exclusive,"federally-recognized-tribe, tribal-government",yes,no,UNKNOWN,TTP bridge replacement/rehab; BIA/Tribal Bridge Inspection Program; GRS-IBS bridges,UNKNOWN — not stated on pages fetched,UNKNOWN,HTML,no,GovDelivery USDOTFHWA_83,no,"Verified only that it is a set-aside from the overall TTP managed by OTT ""for all federally recognized Tribes"" (per /federal-lands/tribal). Amounts, deadlines, and allowability NOT verified — bridge program page itself not fetched. Child pages exist: /bridge/biatribal-bridge-inspection-program, /bridge/grs-ibs-bridges, /bridge/ttp-bridge-program-qas. [research lane: DOE/EPA/DOT]",Tier 2,seed_imported,not_started,NO_REVIEW_REQUIRED,federal_all_customers,NOT_DETERMINED_BY_REGISTRY,NOT_DETERMINED_BY_REGISTRY,monitoring_not_started
FED-USA,USAspending,award_database,Treasury,,United States,federal,,https://api.usaspending.gov/,API monitor,low,TERMS_REVIEW_REQUIRED,Medium,Award recipients,Varies,Varies,Not applicable,Historical assistance awards,Rolling,Daily,JSON,Yes,No,No,Use for award intelligence not deadlines [research lane: seed-v1],Tier 2,seed_imported,not_started,TERMS_REVIEW_REQUIRED,federal_all_customers,NOT_DETERMINED_BY_REGISTRY,NOT_DETERMINED_BY_REGISTRY,robots_or_terms_risk:TERMS_REVIEW_REQUIRED;monitoring_not_started
USASPENDING-API-V2-3C97C3,USAspending API v2,api,Treasury,Bureau of the Fiscal Service,federal,federal,,https://api.usaspending.gov,API monitor,low,OK,high,recipient_type_names; business_categories incl indian_native_american_tribal_government,FABS business_types I/J/K/11 (letter meanings NOT documented),"tribally_owned_firm, american_indian_owned_business, alaskan_native_corporation_owned_firm, native_hawaiian_organization_owned_firm",n/a,prior awards by ALN and tribal recipient type,n/a,monthly_use,"JSON,CSV",yes,no,no,"HIGHEST-VALUE DIFFERENTIATOR: verified tribal filters indian_native_american_tribal_government, tribally_owned_firm, alaskan_native_corporation_owned_firm, american_indian_owned_business, native_american_owned_business, native_hawaiian_organization_owned_firm. Use historical tribal base rates per CFDA to rank opportunities by realistic win probability. robots.txt empty; no restrictive terms found. Backward-looking only. [research lane: API/monitoring layer; Research funding]",Tier 2,seed_imported,not_started,NO_REVIEW_REQUIRED,federal_all_customers,NOT_DETERMINED_BY_REGISTRY,NOT_DETERMINED_BY_REGISTRY,monitoring_not_started
USDA-FNA-FUNDING-GRANTS-INDE-AEC1F6,USDA FNA Funding / Grants Index,funding index,USDA,FNA (ex-FNS),national,federal,,https://www.fna.usda.gov/grants,static HTML page monitor,medium,TERMS_REVIEW_REQUIRED,medium,tribal-organization;federally-recognized-tribe;state-or-local-govt-serving-natives,varies,varies,unclear,FY2026 FDPIR Nutrition Education Grant,varies,varies,HTML,no,yes (RSS + GovDelivery),no,URL from verified FNA nav; index page NOT fetched [research lane: USDA/HUD/Commerce],Tier 2,seed_imported,not_started,TERMS_REVIEW_REQUIRED,federal_all_customers,NOT_DETERMINED_BY_REGISTRY,NOT_DETERMINED_BY_REGISTRY,robots_or_terms_risk:TERMS_REVIEW_REQUIRED;monitoring_not_started
USDA-NIFA-FEDERALLY-RECOGNIZ-E11F8B,USDA NIFA Federally-Recognized Tribes Extension Program (FRTEP),program page,USDA,NIFA,national,federal,,https://www.nifa.usda.gov/grants/programs/federally-recognized-tribes-extension-program-frtep,static HTML page monitor,low,TERMS_REVIEW_REQUIRED,high,state-or-local-govt-serving-natives;consortium-with-tribal-partner,n/a - applicants are 1862/1890 land-grants serving federally recognized Tribes,n/a,unclear,FRTEP extension agents on reservations,UNKNOWN,UNKNOWN,HTML (structured),no,yes (GovDelivery),no,"ELIGIBILITY INVERSION: applicants are 1890/1862 Land-grants, NOT Tribes. Classify as native-serving, not tribal-government. FRTEP Directory available as reference data [research lane: USDA/HUD/Commerce]",Tier 2,seed_imported,not_started,TERMS_REVIEW_REQUIRED,federal_all_customers,NOT_DETERMINED_BY_REGISTRY,NOT_DETERMINED_BY_REGISTRY,robots_or_terms_risk:TERMS_REVIEW_REQUIRED;monitoring_not_started
USDA-NIFA-NEW-BEGINNING-FOR-A30EDF,USDA NIFA New Beginning for Tribal Students (NBTS),funding opportunity,USDA,NIFA,national,federal,,https://www.nifa.usda.gov/grants/funding-opportunities/new-beginning-tribal-students-program,static HTML page monitor,low,TERMS_REVIEW_REQUIRED,exclusive,tribal-college-or-BIE-school;state-or-local-govt-serving-natives;native-individual,no (1862/1890 institutions also eligible),UNKNOWN,likely-allowable,NBTS; ALN 10.527,UNKNOWN - not verified,UNKNOWN,HTML (structured),no,yes (GovDelivery),no,ALN 10.527 VERIFIED from hub text. Eligibility spans 1994+1862+1890 Land-grants - applicant may be non-tribal while beneficiaries are Tribal students [research lane: USDA/HUD/Commerce],Tier 2,seed_imported,not_started,TERMS_REVIEW_REQUIRED,federal_all_customers,NOT_DETERMINED_BY_REGISTRY,NOT_DETERMINED_BY_REGISTRY,robots_or_terms_risk:TERMS_REVIEW_REQUIRED;monitoring_not_started
USDA-NIFA-TRIBAL-COLLEGES-ED-8A43AF,USDA NIFA Tribal Colleges Education Equity Grants (TCEG),program page,USDA,NIFA,national,federal,,https://www.nifa.usda.gov/grants/programs/tribal-colleges-equity-grants-program-tceg,static HTML page monitor,low,TERMS_REVIEW_REQUIRED,exclusive,tribal-college-or-BIE-school,yes (1994 Land-grants),appears excluded,likely-allowable,TCEG formal education support at 1994 Land-grants,UNKNOWN,UNKNOWN,HTML (structured),no,yes (GovDelivery),no,"STRONG software signal - verified hub text: funds used to ""invest in technology to reach more students on remote reservation communities"" [research lane: USDA/HUD/Commerce]",Tier 2,seed_imported,not_started,TERMS_REVIEW_REQUIRED,federal_all_customers,NOT_DETERMINED_BY_REGISTRY,NOT_DETERMINED_BY_REGISTRY,robots_or_terms_risk:TERMS_REVIEW_REQUIRED;monitoring_not_started
USDA-NIFA-TRIBAL-COLLEGES-EX-21FB2B,USDA NIFA Tribal Colleges Extension Program (TCEP-CA and TCEP-SE),program pages,USDA,NIFA,national,federal,,https://www.nifa.usda.gov/grants/programs/tribal-colleges-extension-program-capacity-applications-tcep-ca,static HTML page monitor,low,TERMS_REVIEW_REQUIRED,exclusive,tribal-college-or-BIE-school,yes (1994 Land-grants),appears excluded,unclear,TCEP-CA (capacity); TCEP-SE (special emphasis) at .../tribal-colleges-extension-program-special-emphasis-tcep-se,UNKNOWN,UNKNOWN,HTML (structured),no,yes (GovDelivery),no,"TWO DISTINCT PROGRAMS - do not merge into one record. Community-based extension: farmer education, youth development, rural entrepreneurship [research lane: USDA/HUD/Commerce]",Tier 2,seed_imported,not_started,TERMS_REVIEW_REQUIRED,federal_all_customers,NOT_DETERMINED_BY_REGISTRY,NOT_DETERMINED_BY_REGISTRY,robots_or_terms_risk:TERMS_REVIEW_REQUIRED;monitoring_not_started
USDA-OFFICE-OF-TRIBAL-RELATI-CECF64,USDA Office of Tribal Relations,dept-wide tribal hub,USDA,Office of Tribal Relations,national,federal,,https://www.usda.gov/about-usda/general-information/staff-offices/office-tribal-relations,static HTML page monitor,medium,TERMS_REVIEW_REQUIRED,exclusive,federally-recognized-tribe;tribal-government;tribal-organization;native-owned-business;native-individual,mostly yes,UNKNOWN,unclear,Tribal Consultation; Indigenous Food Sovereignty Initiative; farmers.gov pathways,varies,UNKNOWN,HTML,no,UNKNOWN,no,Short URL usda.gov/tribalrelations 302s here. Fetched OK; detailed contents NOT parsed. Correct hub for reaching NRCS/FSA/Forest Service tribal programs (multiple farmers.gov refs confirmed) [research lane: USDA/HUD/Commerce],Tier 2,seed_imported,not_started,TERMS_REVIEW_REQUIRED,federal_all_customers,NOT_DETERMINED_BY_REGISTRY,NOT_DETERMINED_BY_REGISTRY,robots_or_terms_risk:TERMS_REVIEW_REQUIRED;monitoring_not_started
USDA-RD-DISTANCE-LEARNING-TE-93354E,USDA RD Distance Learning & Telemedicine (DLT),program page,USDA,RD / Telecommunications,national,federal,,https://www.rd.usda.gov/programs-services/telecommunications-programs/distance-learning-telemedicine-grants,static HTML page monitor,low,TERMS_REVIEW_REQUIRED,high,federally-recognized-tribe;tribal-government;tribal-organization;tribal-college-or-BIE-school;native-nonprofit,UNKNOWN,UNKNOWN,likely-allowable (telecom/equipment purpose),DLT equipment + broadband-enabled education/health,UNKNOWN (historically annual spring),UNKNOWN,HTML,no,yes (GovDelivery),no,Verified in RD directory. Equipment/software-centric program purpose. Deadline pattern NOT verified - do not assert [research lane: USDA/HUD/Commerce],Tier 2,seed_imported,not_started,TERMS_REVIEW_REQUIRED,federal_all_customers,NOT_DETERMINED_BY_REGISTRY,NOT_DETERMINED_BY_REGISTRY,robots_or_terms_risk:TERMS_REVIEW_REQUIRED;monitoring_not_started
USDA-RD-GRANTS-FOR-RURAL-AND-C4576C,USDA RD Grants for Rural and Native Alaskan Villages,program page,USDA,RD / Water & Environmental,Alaska,federal,,https://www.rd.usda.gov/programs-services/water-environmental-programs/grants-rural-and-native-alaskan-villages,static HTML page monitor,low,TERMS_REVIEW_REQUIRED,exclusive,federally-recognized-tribe;tribal-government;tribal-organization;state-or-local-govt-serving-natives,UNKNOWN,UNKNOWN,unclear,safe drinking water + waste disposal for remote Alaskan villages,UNKNOWN,UNKNOWN,HTML,no,yes (GovDelivery),no,URL verified from RD tribal page; not fetched. Alaska-specific [research lane: USDA/HUD/Commerce],Tier 2,seed_imported,not_started,TERMS_REVIEW_REQUIRED,federal_all_customers,NOT_DETERMINED_BY_REGISTRY,NOT_DETERMINED_BY_REGISTRY,robots_or_terms_risk:TERMS_REVIEW_REQUIRED;monitoring_not_started
USDA-RD-NATIVE-CDFI-RELENDIN-13D91B,USDA RD Native CDFI Relending Demonstration Program,program page,USDA,RD / Single Family Housing,national,federal,,https://www.rd.usda.gov/programs-services/single-family-housing-programs/native-community-development-financial-institution-relending-demonstration-program,static HTML page monitor,low,TERMS_REVIEW_REQUIRED,exclusive,native-owned-business;native-nonprofit;tribal-organization,UNKNOWN,UNKNOWN,unclear,"relending for homeownership: Native American Tribes, Alaska Native + Native Hawaiian Communities",UNKNOWN,UNKNOWN,HTML,no,yes (GovDelivery),no,Native CDFI intermediary model. Description verified twice (directory + tribal page); program page not fetched [research lane: USDA/HUD/Commerce],Tier 2,seed_imported,not_started,TERMS_REVIEW_REQUIRED,federal_all_customers,NOT_DETERMINED_BY_REGISTRY,NOT_DETERMINED_BY_REGISTRY,robots_or_terms_risk:TERMS_REVIEW_REQUIRED;monitoring_not_started
USDA-RD-RECONNECT-PROGRAM-4E55AA,USDA RD ReConnect Program,program page,USDA,RD / RUS,national,federal,,https://www.usda.gov/reconnect,static HTML page monitor,medium,TERMS_REVIEW_REQUIRED,high,federally-recognized-tribe;tribal-government;tribal-organization;native-owned-business,UNKNOWN,UNKNOWN,sometimes-allowable-depends-on-NOFO,broadband construction/improvement/acquisition loans+grants,"round-based, irregular",per funding round,HTML + PDF,no,yes (GovDelivery),no,NOTE: RD tribal page links usda.gov/reconnect NOT rd.usda.gov/reconnect - monitor the usda.gov path. Tohono O'odham cited as tribal example [research lane: USDA/HUD/Commerce],Tier 2,seed_imported,not_started,TERMS_REVIEW_REQUIRED,federal_all_customers,NOT_DETERMINED_BY_REGISTRY,NOT_DETERMINED_BY_REGISTRY,robots_or_terms_risk:TERMS_REVIEW_REQUIRED;monitoring_not_started
USDA-RD-RURAL-BUSINESS-DEVEL-B448DB,USDA RD Rural Business Development Grants (RBDG),program page,USDA,RD / Business Programs,national,federal,,https://www.rd.usda.gov/programs-services/business-programs/rural-business-development-grants,static HTML page monitor,low,TERMS_REVIEW_REQUIRED,high,federally-recognized-tribe;tribal-government;tribal-organization;native-owned-business;native-nonprofit,UNKNOWN,UNKNOWN,sometimes-allowable-depends-on-NOFO,TA and training for small rural businesses,"UNKNOWN (state-office administered, typically annual)",UNKNOWN,HTML,no,yes (GovDelivery),no,Flagged tribal-relevant on RD tribal page. TA/training purpose suggests software/planning may qualify - NOT verified [research lane: USDA/HUD/Commerce],Tier 2,seed_imported,not_started,TERMS_REVIEW_REQUIRED,federal_all_customers,NOT_DETERMINED_BY_REGISTRY,NOT_DETERMINED_BY_REGISTRY,robots_or_terms_risk:TERMS_REVIEW_REQUIRED;monitoring_not_started
USDA-RD-RURAL-COMMUNITY-DEVE-3C5301,USDA RD Rural Community Development Initiative (RCDI),program page,USDA,RD / Community Facilities,national,federal,,https://www.rd.usda.gov/programs-services/community-facilities/rural-community-development-initiative-grants,static HTML page monitor,low,TERMS_REVIEW_REQUIRED,high,federally-recognized-tribe;tribal-government;native-nonprofit;native-serving-nonprofit,"YES - ""federally recognized tribes"" explicit in verified blurb",appears excluded,sometimes-allowable-depends-on-NOFO,capacity building for housing/community facilities/econ dev,UNKNOWN,UNKNOWN,HTML,no,yes (GovDelivery),no,Capacity-building purpose makes planning/TA costs on-mission. Eligibility from VERIFIED directory blurb; program page not fetched [research lane: USDA/HUD/Commerce],Tier 2,seed_imported,not_started,TERMS_REVIEW_REQUIRED,federal_all_customers,NOT_DETERMINED_BY_REGISTRY,NOT_DETERMINED_BY_REGISTRY,robots_or_terms_risk:TERMS_REVIEW_REQUIRED;monitoring_not_started
USDA-RD-SITE-WIDE-RSS-FEED-17C90C,USDA RD Site-wide RSS Feed,RSS feed,USDA,Rural Development,national,federal,,https://www.rd.usda.gov/rss.xml,RSS/feed monitor,low,TERMS_REVIEW_REQUIRED,medium,federally-recognized-tribe;tribal-government;tribal-organization;native-owned-business;tribal-college-or-BIE-school,varies,varies,unclear,Housing Preservation Grants; SEARCH Grant,n/a - feed,daily (latest item 2026-08-25),RSS 2.0 XML,no,yes (RSS),no,"VERIFIED valid RSS. But GENERIC NODE FEED not funding feed - mixes environmental impact statements, leadership bios, press releases, staff events. Low funding signal-to-noise; use as tripwire only [research lane: USDA/HUD/Commerce]",Tier 2,seed_imported,not_started,TERMS_REVIEW_REQUIRED,federal_all_customers,NOT_DETERMINED_BY_REGISTRY,NOT_DETERMINED_BY_REGISTRY,robots_or_terms_risk:TERMS_REVIEW_REQUIRED;monitoring_not_started
USDA-RD-SUBSTANTIALLY-UNDERS-8A06DB,USDA RD Substantially Underserved Trust Area (SUTA),policy/flexibility initiative,USDA,RD / RUS,tribal trust lands,federal,,https://www.rd.usda.gov/about-rd/initiatives/substantially-underserved-trust-area-suta,static HTML page monitor,low,TERMS_REVIEW_REQUIRED,exclusive,federally-recognized-tribe;tribal-government;tribal-organization,likely yes,UNKNOWN,unclear,rate discounts + match waivers across RUS programs on trust land,n/a - standing authority,rare,HTML,no,yes (GovDelivery),no,"NOT a program - a statutory flexibility (discounted rates, waived match) applicable across RUS programs. High practical leverage [research lane: USDA/HUD/Commerce]",Tier 2,seed_imported,not_started,TERMS_REVIEW_REQUIRED,federal_all_customers,NOT_DETERMINED_BY_REGISTRY,NOT_DETERMINED_BY_REGISTRY,robots_or_terms_risk:TERMS_REVIEW_REQUIRED;monitoring_not_started
USDA-RD-TRIBAL-COLLEGE-INITI-3AFA02,USDA RD Tribal College Initiative Grants,program page,USDA,RD / Community Facilities,national,federal,,https://www.rd.usda.gov/programs-services/community-facilities/tribal-college-initiative-grants,static HTML page monitor,low,TERMS_REVIEW_REQUIRED,exclusive,tribal-college-or-BIE-school,yes (1994 Land Grants are federally recognized TCUs),appears excluded,unclear,capital improvements + equipment purchase for 1994 Land Grant Institutions,UNKNOWN,UNKNOWN,HTML,no,yes (GovDelivery),no,"URL + description verified from RD tribal page; program page NOT fetched. ""Equipment"" scope may cover IT hardware - verify [research lane: USDA/HUD/Commerce]",Tier 2,seed_imported,not_started,TERMS_REVIEW_REQUIRED,federal_all_customers,NOT_DETERMINED_BY_REGISTRY,NOT_DETERMINED_BY_REGISTRY,robots_or_terms_risk:TERMS_REVIEW_REQUIRED;monitoring_not_started
USDA-RD-WATER-WASTE-LOANS-GR-233E8E,USDA RD Water & Waste Loans/Grants - Tribal Lands,program page,USDA,RD / Water & Environmental,national,federal,,https://www.rd.usda.gov/programs-services/water-environmental-programs/water-and-waste-facility-loans-and-grants-alleviate-health-risks-tribal-lands,static HTML page monitor,low,TERMS_REVIEW_REQUIRED,exclusive,federally-recognized-tribe;tribal-government;tribal-organization,likely yes,UNKNOWN,unclear,water/waste facility loans+grants on tribal lands,UNKNOWN,UNKNOWN,HTML,no,yes (GovDelivery),no,RD splits the TRIBAL line from the Colonias line - separate records. URL verified from RD tribal page; not fetched [research lane: USDA/HUD/Commerce],Tier 2,seed_imported,not_started,TERMS_REVIEW_REQUIRED,federal_all_customers,NOT_DETERMINED_BY_REGISTRY,NOT_DETERMINED_BY_REGISTRY,robots_or_terms_risk:TERMS_REVIEW_REQUIRED;monitoring_not_started
USDA-RURAL-DEVELOPMENT-PROGR-B1D80F,USDA Rural Development programs,html_list,USDA,Rural Development,federal,federal,,https://www.rd.usda.gov/programs-services,static HTML page monitor,low,OK,high,NA,UNKNOWN,SUTA covers trust areas,UNKNOWN,Community Facilities; Water and Environmental; Electric; Telecommunications; Energy programs,per_program,UNKNOWN,HTML,no,yes_rss_general_plus_govdelivery,no,"server-rendered Drupal 10 fully scrapeable, 'over fifty financial assistance programs'; ONLY ONE RSS feed exists (rd.usda.gov/rss.xml, Latest News) and it is GENERAL NEWS not funding - its own page metadata reads dcterms.modified 2014-12-08, contents unverified; GovDelivery USDARD; tribal levers: /about-rd/tribal-relations and /about-rd/initiatives/substantially-underserved-trust-area-suta [research lane: API/monitoring layer]",Tier 2,seed_imported,not_started,NO_REVIEW_REQUIRED,federal_all_customers,NOT_DETERMINED_BY_REGISTRY,NOT_DETERMINED_BY_REGISTRY,monitoring_not_started
AMERICAN-INDIAN-COLLEGE-FUND-06CAB1,American Indian College Fund,native-led scholarship funder,American Indian College Fund,Scholarships,national,private,,https://collegefund.org/students/scholarships,static HTML page monitor,low,OK,"very high, individual and TCU scoped",native-individual; tribal-college-or-BIE-school for institution-side programs,no - the test is AI/AN student status,UNKNOWN,unlikely-allowable,"scholarships for high school, TCU and non-TCU students; Native Arts Program; Faculty Development",RECURRING AND VERIFIED: application opens February 1 annually with a May 31 priority-review date,annual,HTML,no,no RSS verified,yes to apply (SM Apply at webportalapp.com/sp/login/aicf_scholarships),"Awards average between $2,000 and $3,000. Not a source of platform-purchase money, but a high-value opportunity type for the individual eligibility class, which most grant tools ignore entirely [research lane: DOI/HHS + SC + philanthropy]",Tier 2,seed_imported,not_started,TERMS_REVIEW_REQUIRED,private_unscoped,NOT_DETERMINED_BY_REGISTRY,NOT_DETERMINED_BY_REGISTRY,requires_login:yes to apply (SM Apply at webportalapp.com/sp/login/aicf_sch;monitoring_not_started
BUSH-FOUNDATION-BUSH-PRIZE-39D52B,Bush Foundation Bush Prize,prize / general operating award,Bush Foundation with four community grant partners,Bush Prize including a Native Nations program,"MN, ND, SD and Native nations",private,,https://www.bushfoundation.org/opportunities/bush-prize-native-nations-north-dakota-south-dakota-minnesota/,static HTML page monitor,low,OK,very high - dedicated Native Nations program,"tribal-organization, native-nonprofit, native-serving-nonprofit",no,UNKNOWN,likely-allowable - funds are explicitly flexible,"Bush Prize ($250,000)",annual; exact dates not verified,annual,HTML,no,newsletter,no,"GENERAL OPERATING: funds usable to build up reserves, test that next big idea or whatever else would best support an organization's ongoing good work - one of only three verified general-operating vehicles in the whole philanthropic lane [research lane: DOI/HHS + SC + philanthropy]",Tier 2,seed_imported,not_started,NO_REVIEW_REQUIRED,private_unscoped,NOT_DETERMINED_BY_REGISTRY,NOT_DETERMINED_BY_REGISTRY,monitoring_not_started
BUSH-FOUNDATION-GOOD-RELATIV-613BAC,Bush Foundation Good Relatives Collaborative Grants,partner-operated Native grant program,Good Relatives Collaborative (funded by Bush Foundation),n/a,"MN, ND, SD and 23 Native nations",private,,https://goodrelativescollaborative.org/grant-opportunities/good-relatives-collaborative-grants/,static HTML page monitor,low,OK,very high - Native-specific,"native-nonprofit, tribal-organization, native-serving groups including unincorporated groups",no,UNKNOWN,sometimes-allowable-depends-on-NOFO,"Good Relatives Collaborative Grants ($20,000-$60,000)",opens twice a year,2x/year,HTML,UNKNOWN,UNKNOWN,no,"Verbatim: open to organizations OR GROUPS serving Native communities - admitting non-incorporated applicants, which is unusual and worth modeling as a distinct eligibility flag [research lane: DOI/HHS + SC + philanthropy]",Tier 2,seed_imported,not_started,NO_REVIEW_REQUIRED,private_unscoped,NOT_DETERMINED_BY_REGISTRY,NOT_DETERMINED_BY_REGISTRY,monitoring_not_started
CHEROKEE-PRESERVATION-FOUNDA-BAD75E,Cherokee Preservation Foundation,tribal compact-funded private foundation,Cherokee Preservation Foundation,n/a,Eastern Band of Cherokee Indians and western North Carolina,private,,https://cherokeepreservation.org/how-to-apply/,PDF/NOFO page monitor,low,OK,"very high, regional",UNKNOWN - classes not enumerated; verify against the cycle Grant Guidelines PDF,UNKNOWN,UNKNOWN,sometimes-allowable-depends-on-NOFO,Cultural Preservation; Cherokee Language; Leadership Development; Economic Development; Environmental Preservation; connecting rural schools with broadband and technology-based learning tools,"RECURRING AND VERIFIED: first Monday of December and first Monday of June, with decisions about four months after submission",2x/year,HTML + PDF forms,no,Gravity Forms mailing list; press releases page,no,"The clearest recurring-deadline funder in the set and it accepts unsolicited applications. Created under the Second Amendment to the EBCI-North Carolina Tribal-State Compact and funded by tribal gaming revenue. PAPER-ONLY submission: one signed original plus five copies, mailed or hand-delivered, explicitly no fax or email. Documented technology and broadband precedent [research lane: DOI/HHS + SC + philanthropy]",Tier 2,seed_imported,not_started,NO_REVIEW_REQUIRED,private_unscoped,NOT_DETERMINED_BY_REGISTRY,NOT_DETERMINED_BY_REGISTRY,monitoring_not_started
NATIVE-AMERICANS-IN-PHILANTH-B617AD,Native Americans in Philanthropy Indigenous Tomorrows Fund,regrant program,Native Americans in Philanthropy,Indigenous Tomorrows Fund,national,private,,https://nativephilanthropy.org/itf,static HTML page monitor,low,OK,very high,UNKNOWN - youth-directed; classes not enumerated,UNKNOWN,UNKNOWN,unclear,"Indigenous Tomorrows Fund ($1.65M moved in year two, with Newman's Own Foundation and Novo Nordisk)",annual cycle implied; 2026 round CLOSED; exact dates UNKNOWN,annual,HTML,no,email newsletter,no,"Confirms NAP does regrant, not only convene - correcting a common assumption. Individual award sizes are not published [research lane: DOI/HHS + SC + philanthropy]",Tier 2,seed_imported,not_started,NO_REVIEW_REQUIRED,private_unscoped,NOT_DETERMINED_BY_REGISTRY,NOT_DETERMINED_BY_REGISTRY,monitoring_not_started
NDN-COLLECTIVE-GRANT-OPPORTU-495CC7,NDN Collective Grant Opportunities,native-led public foundation,NDN Collective,Grantmaking,national,private,,https://ndncollective.org/grant-opportunities/,static HTML page monitor,low,OK,very high,"native-individual, native-nonprofit, tribal-organization, artist collectives",no,UNKNOWN,unlikely-allowable - artist and organizer directed,"Radical Imagination ($50,000/1yr); Changemaker Fellowship (2yr); Community Self-Determination; Community Action Fund (rapid response); Collective Abundance Fund (MN/ND/SD individuals)",varies by program; none verifiable as currently open,page last modified 2025-04-16 - STALE,HTML (WordPress),UNKNOWN,Action Network newsletter,no,"URL CORRECTION: /grantmaking/ and /what-we-do/ndn-foundation/ both return empty; the live paths are /grants/ and /grant-opportunities/. On Community Self-Determination specifically: the page states there was NO open call in 2025 with support continuing to existing and prior grantee-partners, and that future calls will be announced on the CSD page - so 2026 status is UNKNOWN and that page is the thing to watch [research lane: DOI/HHS + SC + philanthropy]",Tier 2,seed_imported,not_started,NO_REVIEW_REQUIRED,private_unscoped,NOT_DETERMINED_BY_REGISTRY,NOT_DETERMINED_BY_REGISTRY,monitoring_not_started
OWEESTA-CORPORATION-16328B,Oweesta Corporation,native CDFI intermediary lender and TA provider,Oweesta Corporation,n/a,national (Native CDFIs),private,,https://www.oweesta.org/,static HTML page monitor,low,OK,very high - serves Native CDFIs exclusively,native-nonprofit; Native CDFIs and their partners,no,n/a,"unclear - TA is delivered as services, not cash for software",trainings and TA; lending and capitalization; Native CDFI Practitioner Program; HUD Native Housing Counseling Network; Building Native Communities curriculum,UNKNOWN - no open RFP or application deadline published,irregular,HTML,no,newsletter signup; events.oweesta.org,no,"CORRECTION TO A COMMON ASSUMPTION: no published open regrant RFP was found, and whether Oweesta makes unsolicited-application-accessible grants is UNKNOWN - do not represent it as running an open competition. Verified impact as of 2026-03-31: $68.7M loan portfolio, 317 investment partners, 6,491 Native businesses funded [research lane: DOI/HHS + SC + philanthropy]",Tier 2,seed_imported,not_started,NO_REVIEW_REQUIRED,private_unscoped,NOT_DETERMINED_BY_REGISTRY,NOT_DETERMINED_BY_REGISTRY,monitoring_not_started
POTLATCH-FUND-48BDCA,Potlatch Fund,native-led regional regrantor,Potlatch Fund,Grantmaking Program,"ID, MT, OR, WA only",private,,https://www.potlatchfund.org/grants,static HTML page monitor,low,OK,very high,"federally-recognized-tribe, state-recognized-tribe, tribal-organization, native-nonprofit (501c3 and 501c4), native-individual (enrolled or descendant artists), fiscally-sponsored, Tribe 7871, and entities Seeking Recognition",no,"YES explicitly, and it also admits applicants Seeking Recognition","likely-allowable via unrestricted general operating support, but excludes research, publications, conferences and classes","Community Relations and Innovation Fund (UNRESTRICTED, up to $10,000); Power of Ceremony and Healing Grant with Na'ah Illahee Fund; Native Led Organizing Grant with Social Justice Fund","historically an annual fall cycle, but the live page shows only 2023 dates - CURRENT PATTERN UNVERIFIABLE, do not surface those dates",page is STALE (2023 content),HTML,no,email list and social,no for listings,The best eligibility taxonomy found anywhere in this engagement and the best structural fit for a platform purchase (unrestricted general operating support). $5M+ regranted since 2005. HARD GEOGRAPHIC LIMIT: a South Carolina applicant is ineligible - a clean test case for NativeForge's geography gate [research lane: DOI/HHS + SC + philanthropy],Tier 2,seed_imported,not_started,TERMS_REVIEW_REQUIRED,private_unscoped,NOT_DETERMINED_BY_REGISTRY,NOT_DETERMINED_BY_REGISTRY,requires_login:no for listings;monitoring_not_started
SC-ATTORNEY-GENERAL-CRIME-VI-6C989A,SC Attorney General Crime Victim Services Division,state pass-through victim services,SC Office of the Attorney General,Crime Victim Services Division,SC statewide,state,SC,https://www.scag.gov/inside-the-office/crime-victim-services-division/,PDF/NOFO page monitor,medium,OK,medium-high - VOCA subawards commonly reach community nonprofits,UNKNOWN - read the program guidelines PDF,no,UNKNOWN,sometimes-allowable-depends-on-NOFO,Crime Victim Assistance Grants; 2026-2027 Program Guidelines PDF published,annual,annual,HTML + PDF,no,UNKNOWN,yes - Salesforce portal at scattorneygeneral.my.site.com,"This, not SCDPS, is the SC administrator of crime-victim assistance funding. The legacy sova.sc.gov (State Office of Victim Assistance) is a frozen 2015 shell - do not use. SC's VAWA STOP/SASP administrator was NOT identified: open question [research lane: DOI/HHS + SC + philanthropy]",Tier 2,seed_imported,not_started,TERMS_REVIEW_REQUIRED,state_scoped,NOT_DETERMINED_BY_REGISTRY,NOT_DETERMINED_BY_REGISTRY,requires_login:yes - Salesforce portal at scattorneygeneral.my.site.com;monitoring_not_started
SC-BEHAVIORAL-HEALTH-AND-DEV-B2AD83,SC Behavioral Health and Developmental Disabilities grants,state behavioral health pass-through,SC Department of Behavioral Health and Developmental Disabilities (formerly DAODAS),n/a,SC statewide,state,SC,https://bhdd.sc.gov/about/grants,static HTML page monitor,low,OK,medium - SAMHSA block grant subawards reach community nonprofits,community nonprofits and providers - UNKNOWN in detail,no,UNKNOWN,sometimes-allowable-depends-on-NOFO,Mental Health Block Grant and Substance Abuse block grant subawards,a July 2026 to June 2029 nonprofit MHBG solicitation is referenced on-page,irregular,HTML,no,UNKNOWN,no,AGENCY RENAMED: daodas.sc.gov 301s to bhdd.sc.gov. A July 2026-June 2029 nonprofit MHBG solicitation is referenced on-page with no document attached and stale instructions - chase it directly. Behavioral health is one of the strongest Native-need domains in SC [research lane: DOI/HHS + SC + philanthropy],Tier 2,seed_imported,not_started,NO_REVIEW_REQUIRED,state_scoped,NOT_DETERMINED_BY_REGISTRY,NOT_DETERMINED_BY_REGISTRY,monitoring_not_started
SC-BROADBAND-GRANT-NOTIFICAT-F56BC2,SC Broadband Grant Notifications list,email/notification subscription,SC Office of Regulatory Staff,SC Broadband Office,SC statewide,state,SC,https://survey123.arcgis.com/share/1dfc50d7a5a64e709b4b55d5b38183b9,email bulletin/manual intake,n/a,OK,low-medium,anyone may subscribe,no,n/a,n/a,the official announcement channel for all SC broadband grant updates,n/a,as published,email,no,YES,no,The BEAD page states TWICE that SCBBO uses this list to announce updates. SUBSCRIBE rather than scrape. Esri Survey123 form [research lane: DOI/HHS + SC + philanthropy],Tier 2,seed_imported,not_started,NO_REVIEW_REQUIRED,state_scoped,NOT_DETERMINED_BY_REGISTRY,NOT_DETERMINED_BY_REGISTRY,monitoring_not_started
SC-CDBG-CONSOLIDATED-PLAN-AN-0F6E6C,SC CDBG Consolidated Plan and Program Description,plan and NOFO document hub,SC Department of Commerce,Division of Grants Administration,SC statewide,state,SC,https://www.cdbgsc.com/,PDF/NOFO page monitor,medium - WordPress with dated PDF paths,OK,medium,units of local government,no,no,UNKNOWN,"2026-2030 Consolidated Plan, 2026 CDBG Program Description, 2025 Action Plan, HOME SRDP Manual","annual: public notice mid-January, hearing late January, comment close mid-February; program year April 1 to March 31",annual plus amendments,"HTML, PDF, PPTX",no,no,no,"Commerce is the Consolidated Plan lead agency. Con Plan administration map for SC: CDBG to Commerce, HOME and National Housing Trust Fund to SC Housing, ESG to SC Dept of Administration, HOPWA to SC Dept of Public Health. 2026 comment period ran Jan 18 to Feb 19 2026 [research lane: DOI/HHS + SC + philanthropy]",Tier 2,seed_imported,not_started,NO_REVIEW_REQUIRED,state_scoped,NOT_DETERMINED_BY_REGISTRY,NOT_DETERMINED_BY_REGISTRY,monitoring_not_started
SC-CDBG-ELIGIBILITY-098BA5,SC CDBG Eligibility,state pass-through eligibility page,SC Department of Commerce,Division of Grants Administration,SC non-entitlement areas,state,SC,https://www.cdbgsc.com/about-us/eligibility/,static HTML page monitor,low,OK,medium - nonprofits CANNOT apply directly,"ONLY units of general local government - towns, cities and counties",no,no - not an eligible applicant class,planning is eligible; software not addressed,"public infrastructure, neighborhood facilities, revitalization, clearance, economic development, planning",annual per Program Description,annual,HTML,no,no,no,"DEFINITIVE verbatim: only units of general local government are eligible for CDBG funds. A Native-serving nonprofit or tribal government must partner with a non-entitlement town or county as a subrecipient - and the explicit subrecipient provision was NOT verified (the Implementation Manual at /manual/ was not fetched): UNKNOWN. Entitlement exclusion list is stamped For FY 2018 and is STALE; it excludes Rock Hill, Catawba Nation's home city [research lane: DOI/HHS + SC + philanthropy]",Tier 2,seed_imported,not_started,NO_REVIEW_REQUIRED,state_scoped,NOT_DETERMINED_BY_REGISTRY,NOT_DETERMINED_BY_REGISTRY,monitoring_not_started
SC-CDBG-IMPLEMENTATION-MANUA-09173F,SC CDBG Implementation Manual and Policy Memos,program manual,SC Department of Commerce,Division of Grants Administration,SC statewide,state,SC,https://www.cdbgsc.com/manual/,PDF/NOFO page monitor,medium,OK,medium - should define subrecipient rules,UNKNOWN - not fetched,no,UNKNOWN,UNKNOWN,"Implementation Manual, Policy Memos",n/a,UNKNOWN,PDF,no,no,no,"NOT FETCHED and it is the authoritative place to confirm whether nonprofits may be CDBG subrecipients in SC. The site carries subrecipient-shaped form categories (Procurement, Labor, Monitoring, Environmental, Financial, Startup, Closeout), which is suggestive but not proof [research lane: DOI/HHS + SC + philanthropy]",Tier 2,seed_imported,not_started,NO_REVIEW_REQUIRED,state_scoped,NOT_DETERMINED_BY_REGISTRY,NOT_DETERMINED_BY_REGISTRY,monitoring_not_started
SC-COMMERCE-COMMUNITY-AND-RU-41AAA4,SC Commerce community and rural development,state economic development programs,SC Department of Commerce,Community Development; Rural Development,SC statewide,state,SC,https://www.sccommerce.com/why-sc/community-development,static HTML page monitor,low,OK,medium - local-government and development-entity oriented,"local governments, development entities, partners",no,UNKNOWN,sometimes-allowable-depends-on-NOFO,Rural Development Initiative (RDI); sites and infrastructure; state CDBG (via cdbgsc.com); Appalachian Regional Commission programs,varies,moderate,HTML + PDF,no,UNKNOWN,no,CORRECTION: there is NO page called grants on sccommerce.com - the prior dossier's /communities/grants-incentives path is not in live navigation. Use /why-sc/community-development and /state-economy/rural-development. RDI announcement PDFs are hosted on an S3/CDN path [research lane: DOI/HHS + SC + philanthropy],Tier 2,seed_imported,not_started,NO_REVIEW_REQUIRED,state_scoped,NOT_DETERMINED_BY_REGISTRY,NOT_DETERMINED_BY_REGISTRY,monitoring_not_started
SC-COMMERCE,SC Commerce Grants and Incentives,state_agency_grants,South Carolina,Department of Commerce,South Carolina,state,SC,https://www.sccommerce.com/communities/grants-incentives,static HTML page monitor,low,OK,Medium,Local governments; development entities; partners; program controls,No,UNKNOWN,Sometimes allowable depending on NOFO/budget category,Community/economic development,Recurring,Monthly,HTML/PDF,No,Yes,No,[research lane: seed-v1],Tier 2,seed_imported,not_started,NO_REVIEW_REQUIRED,state_scoped,NOT_DETERMINED_BY_REGISTRY,NOT_DETERMINED_BY_REGISTRY,monitoring_not_started
SC-DEPARTMENT-OF-AGRICULTURE-FF7852,SC Department of Agriculture grants,state and federal agriculture grants,SC Department of Agriculture,n/a,SC statewide,state,SC,https://agriculture.sc.gov/farm-and-business-support/grants/,static HTML page monitor,low,OK,medium - food sovereignty relevance,"producers, agribusinesses, nonprofits - varies by program",no,UNKNOWN,UNKNOWN,Specialty Crop Block Grant; Hurricane Helene agriculture relief,varies,varies,HTML + PDF,no,UNKNOWN,no,Specialty Crop Block Grant is USDA AMS pass-through and is the most plausible SC food-sovereignty entry point for a Native-serving nonprofit. Note /specialty-crop-block-grant as a bare path returns empty; use the /farm-and-business-support/grants/ prefix [research lane: DOI/HHS + SC + philanthropy],Tier 2,seed_imported,not_started,NO_REVIEW_REQUIRED,state_scoped,NOT_DETERMINED_BY_REGISTRY,NOT_DETERMINED_BY_REGISTRY,monitoring_not_started
SC-DEW,SC Department of Employment and Workforce,state_agency_page,South Carolina,DEW,South Carolina,state,SC,https://dew.sc.gov/,static HTML page monitor,medium,OK,Medium,Workforce boards; providers; partners; notice controls,No,UNKNOWN,Sometimes allowable depending on NOFO/budget category,WIOA; workforce initiatives,Periodic,Monthly,HTML/PDF,No,Yes,No,[research lane: seed-v1],Tier 2,seed_imported,not_started,NO_REVIEW_REQUIRED,state_scoped,NOT_DETERMINED_BY_REGISTRY,NOT_DETERMINED_BY_REGISTRY,monitoring_not_started
SC-DEPARTMENT-OF-EMPLOYMENT-FD4C95,SC Department of Employment and Workforce WIOA,state pass-through workforce funding,SC Department of Employment and Workforce,WIOA administration,SC statewide,state,SC,https://dew.sc.gov/workforce-partners/wioa,static HTML page monitor,medium,OK,"medium - Native-serving nonprofits can be providers or partners, rarely direct applicants","state workforce board, 12 local workforce development boards, training providers",no,UNKNOWN,sometimes-allowable-depends-on-NOFO,"WIOA Title I Adult, Youth and Dislocated Worker; SC WIOA Combined State Plan PY2026-2027",per state plan and local board procurement,annual plan modifications,HTML + PDF,no,UNKNOWN,no,"The SC WIOA Combined State Plan PY2026-2027 modification was verified (124,541 characters). Real access is through the 12 local workforce development boards and scworks.org, each with its own procurement - a 12-board monitoring surface within one state. Note DOL WIOA Section 166 is a separate DIRECT tribal channel and does not run through SC [research lane: DOI/HHS + SC + philanthropy]",Tier 2,seed_imported,not_started,NO_REVIEW_REQUIRED,state_scoped,NOT_DETERMINED_BY_REGISTRY,NOT_DETERMINED_BY_REGISTRY,monitoring_not_started
SC-DEPARTMENT-OF-NATURAL-RES-7A9BC2,SC Department of Natural Resources Flood Mitigation Assistance,federal pass-through mitigation program,SC Department of Natural Resources,Flood Mitigation Assistance program,SC statewide,state,SC,https://www.dnr.sc.gov/water/flood/mitgrants.html,human review only,UNKNOWN,OK,medium,NFIP-insured property owners via subapplicants,UNKNOWN,UNKNOWN,UNKNOWN,Flood Mitigation Assistance (FMA),FEMA annual NOFO cycle,UNKNOWN,UNKNOWN,UNKNOWN,UNKNOWN,UNKNOWN,"CORRECTION: SCEMD states FMA is a FEMA grant managed by SC DNR, not by SCEMD. A prior lane observed /water/flood/mitgrants.html and an FMAfactsheet.pdf on dnr.sc.gov; confirm before relying on it [research lane: DOI/HHS + SC + philanthropy]",Tier 2,seed_imported,not_started,NO_REVIEW_REQUIRED,state_scoped,NOT_DETERMINED_BY_REGISTRY,NOT_DETERMINED_BY_REGISTRY,monitoring_method:human_review_only;monitoring_not_started
SC-DEPARTMENT-OF-PUBLIC-HEAL-8DADC1,SC Department of Public Health grants and subawards,state pass-through,SC Department of Public Health,Procurement Services; Subrecipient Monitoring,SC statewide,state,SC,https://dph.sc.gov/,human review only,high - nav-overflow blocker,OK,"medium - confirmed subaward regime, eligibility UNKNOWN",UNKNOWN,UNKNOWN,UNKNOWN,UNKNOWN,"Title V Maternal and Child Health, Hospital Preparedness Program, subrecipient monitoring",UNKNOWN,UNKNOWN,HTML (unrenderable statically),no,UNKNOWN,UNKNOWN,"Successor to SCDHEC's health functions after the 2024 reorganization. Has dedicated Procurement Services and Subrecipient Monitoring pages, confirming a real subaward regime, but the ~104KB navigation prefix blocks static extraction. BLACKLIST the legacy scdhec.gov domain, and blacklist scdmh.net which was fetched and found to be a hijacked casino site [research lane: DOI/HHS + SC + philanthropy]",Tier 2,seed_imported,not_started,NO_REVIEW_REQUIRED,state_scoped,NOT_DETERMINED_BY_REGISTRY,NOT_DETERMINED_BY_REGISTRY,monitoring_method:human_review_only;monitoring_not_started
SC-DEPARTMENT-OF-PUBLIC-SAFE-D82212,SC Department of Public Safety Office of Highway Safety and Justice Programs,state pass-through justice grants,SC Department of Public Safety,Office of Highway Safety and Justice Programs,SC statewide,state,SC,https://scdps.sc.gov/ohsjp,static HTML page monitor,medium,OK,medium - Byrne/JAG and highway safety subawards; nonprofit eligibility varies by solicitation,state and local agencies; nonprofit eligibility varies - UNKNOWN,no,UNKNOWN,sometimes-allowable-depends-on-NOFO,"Byrne/JAG (FFY 2027 solicitation PDF published), juvenile justice, SCIP, RSAT, BAAG, forensic, safe neighborhoods, bulletproof vest program, highway safety",annual federal-fiscal-year cycles,annual,HTML + PDFs,no,UNKNOWN,"yes - IntelliGrants at scdps.intelligrants.com (JS app, login-gated)","The SC home of Byrne/JAG and NHTSA highway safety pass-through. Solicitation PDFs are published (FFY 2027 JAG Solicitation; FFY 2027 Highway Safety Funding Guidelines, 1839 lines). The IntelliGrants portal is a login-gated JS app - do not automate. VOCA and VAWA STOP are NOT here [research lane: DOI/HHS + SC + philanthropy]",Tier 2,seed_imported,not_started,TERMS_REVIEW_REQUIRED,state_scoped,NOT_DETERMINED_BY_REGISTRY,NOT_DETERMINED_BY_REGISTRY,"requires_login:yes - IntelliGrants at scdps.intelligrants.com (JS app, logi;monitoring_not_started"
SC-DEPARTMENT-ON-AGING-GRANT-E70E14,SC Department on Aging grants,state aging services pass-through,SC Department on Aging,n/a,SC statewide,state,SC,https://aging.sc.gov,static HTML page monitor,low,OK,medium - Older Americans Act services and Native elder programs,"Area Agencies on Aging, nonprofits, senior centers",no,UNKNOWN,sometimes-allowable-depends-on-NOFO,Eldercare Trust Fund; Senior Centers and Permanent Improvement Project grants; supportive services,varies,varies,HTML,no,UNKNOWN,no,"Note OAA Title VI Native American programs are a DIRECT federal channel to tribal organizations and do not flow through the state unit on aging - but Title III services do, so a Native elder program in SC may be reachable both ways [research lane: DOI/HHS + SC + philanthropy]",Tier 2,seed_imported,not_started,NO_REVIEW_REQUIRED,state_scoped,NOT_DETERMINED_BY_REGISTRY,NOT_DETERMINED_BY_REGISTRY,monitoring_not_started
SC-DES-WATER,SC DES Grants and Loans,state_agency_grants,South Carolina,Department of Environmental Services,South Carolina,state,SC,https://des.sc.gov/programs/bureau-water/grants-loans,static HTML page monitor,low,OK,High,Utilities; local governments; eligible entities vary,No,UNKNOWN,Sometimes allowable depending on program,Water grants; SRF,Recurring,Monthly,HTML/PDF,No,Yes,No,[research lane: seed-v1],Tier 2,seed_imported,not_started,NO_REVIEW_REQUIRED,state_scoped,NOT_DETERMINED_BY_REGISTRY,NOT_DETERMINED_BY_REGISTRY,monitoring_not_started
SC-DES-SECTION-319-NONPOINT-1174F0,SC DES Section 319 Nonpoint Source and SRF,state pass-through,SC Department of Environmental Services,Bureau of Water,SC statewide,state,SC,https://des.sc.gov/programs/bureau-water/state-revolving-fund-srf-program,human review only,high - nav-overflow blocker,OK,"medium - confirmed subaward pipeline, eligibility UNKNOWN",UNKNOWN,UNKNOWN,UNKNOWN,UNKNOWN,Clean Water and Drinking Water State Revolving Funds; Section 319 nonpoint source subawards,UNKNOWN,UNKNOWN,HTML (unrenderable statically),no,UNKNOWN,UNKNOWN,Confirmed to exist as a subaward pipeline but eligibility is entirely unknown because of the des.sc.gov navigation-overflow defect. A verified SCDES news item announced acceptance of applications for projects to improve water quality by reducing nonpoint source pollution. Requires headless rendering - one of the two highest-value SC remediation tasks [research lane: DOI/HHS + SC + philanthropy],Tier 2,seed_imported,not_started,NO_REVIEW_REQUIRED,state_scoped,NOT_DETERMINED_BY_REGISTRY,NOT_DETERMINED_BY_REGISTRY,monitoring_method:human_review_only;monitoring_not_started
SC-HOUSING-DEVELOPMENT-PROGR-46B25C,SC Housing Development programs,state housing finance programs,SC State Housing Finance and Development Authority,Development,SC statewide,state,SC,https://schousing.sc.gov/development,static HTML page monitor,low,OK,medium,"nonprofits, developers, owners; varies by program",no,not addressed,UNKNOWN,"Housing Trust Fund and Housing Preservation Initiative, LIHTC 9%, Multifamily Tax-Exempt Bond, HOME-ARP, SRDP, National Housing Trust Fund",LIHTC annual; Housing Trust Fund rolling,moderate,"HTML, PDF, XLSX",no,yes - homepage email signup plus a Public Notices page,no,HTF and HPI programmatic home-repair changes effective July 1 2026; workshop Sept 2 2026; HTF Annual Report published 2025-10-29 [research lane: DOI/HHS + SC + philanthropy],Tier 2,seed_imported,not_started,NO_REVIEW_REQUIRED,state_scoped,NOT_DETERMINED_BY_REGISTRY,NOT_DETERMINED_BY_REGISTRY,monitoring_not_started
SC-HUMANITIES-GRANTS-37C3E7,SC Humanities grants,private nonprofit humanities regrantor,SC Humanities,n/a,SC statewide,state,SC,https://schumanities.org/grants/,static HTML page monitor,low,OK,"medium - Native history, language and heritage projects are in scope",SC nonprofit organizations; mini-grants available,no,UNKNOWN,unlikely-allowable,"major grants, mini grants",recurring cycles,annual,HTML + PDF,no,UNKNOWN,UNKNOWN,"An NEH state affiliate rather than a state agency - it regrants federal humanities money to SC nonprofits, which makes it reachable by a Native-serving SC nonprofit that could not compete nationally at NEH [research lane: DOI/HHS + SC + philanthropy]",Tier 2,seed_imported,not_started,NO_REVIEW_REQUIRED,state_scoped,NOT_DETERMINED_BY_REGISTRY,NOT_DETERMINED_BY_REGISTRY,monitoring_not_started
SC-OPIOID-RECOVERY-FUND-BOAR-245B6F,SC Opioid Recovery Fund Board,state grant program,SC Opioid Recovery Fund Board (SCORF),n/a,SC statewide,state,SC,https://scorf.sc.gov/,static HTML page monitor,medium - thin and undated content,OK,medium - behavioral health scopes open to community organizations,not published on the homepage,UNKNOWN,UNKNOWN,UNKNOWN,"Recovery, Treatment, Harm Reduction, Prevention, Research",UNKNOWN,low - latest news Sept 2025 on an Aug 2026 fetch,HTML,no,no,grant management system likely yes,CORRECTION to the prior dossier: scorf.sc.gov is NOT the Office of Resilience. It is the Opioid Recovery Fund Board under SC Code 11-58-10 et seq. and operates a Grant Management System Application. Previously unmapped SC source [research lane: DOI/HHS + SC + philanthropy],Tier 2,seed_imported,not_started,TERMS_REVIEW_REQUIRED,state_scoped,NOT_DETERMINED_BY_REGISTRY,NOT_DETERMINED_BY_REGISTRY,requires_login:grant management system likely yes;monitoring_not_started
SCDAH-FEDERAL-AND-STATE-RECO-DE7401,SCDAH Federal and State Recognized Native American Indian Tribes,reference / consultation list,SC Department of Archives and History,State Historic Preservation Office,SC statewide,state,SC,https://scdah.sc.gov/historic-preservation/resources/native-american-heritage/federal-and-state-recognized-native,static HTML page monitor,low,OK,high - Section 106 consulting-party pathway,additional consulting parties per 36 CFR 800.2(c)(5),no for consulting-party status,yes - state entities may be invited as consulting parties,n/a,Section 106 consultation; THPO designation,none,low,HTML,no,no,no,"This is a DIFFERENT, non-equivalent list: 16 federally recognized tribes with historic affiliation to SC for Section 106 purposes (Catawba plus 15 non-resident), NOT a recognition list. It does not enumerate SC state-recognized entities and still links dead cma.sc.gov paths including a 2022 SC Native American Fact Sheet PDF. NativeForge must track three distinct sets: SC state-recognized entities, federally recognized tribes resident in SC (n=1), and federally recognized tribes with SC consultation interest (n=16) [research lane: DOI/HHS + SC + philanthropy]",Tier 2,seed_imported,not_started,NO_REVIEW_REQUIRED,state_scoped,NOT_DETERMINED_BY_REGISTRY,NOT_DETERMINED_BY_REGISTRY,monitoring_not_started
SCDES-DAM-REPAIR-ASSISTANCE-AC197D,SCDES Dam Repair Assistance Grant,state grant program,SC Department of Environmental Services,Dam Safety Program,SC statewide,state,SC,https://des.sc.gov/,human review only,UNKNOWN,OK,low,dam owners,no,n/a,no,Dam Repair Assistance Grant,UNKNOWN,UNKNOWN,UNKNOWN,UNKNOWN,UNKNOWN,UNKNOWN,"Referenced by the SCEMD mitigation page; targets owners ineligible for other dam-safety grants. NOTE the former SCDHEC was reorganized in 2024 into SC DES and SC DPH. SCRAPER WARNING: every des.sc.gov and dph.sc.gov HTML page emits an identical ~103KB mega-navigation before any body content, exhausting the fetch budget - these require a headless render with a #main-content selector. des.sc.gov/sitemap.xml does succeed and is a usable URL inventory [research lane: DOI/HHS + SC + philanthropy]",Tier 2,seed_imported,not_started,NO_REVIEW_REQUIRED,state_scoped,NOT_DETERMINED_BY_REGISTRY,NOT_DETERMINED_BY_REGISTRY,monitoring_method:human_review_only;monitoring_not_started
SC-ENERGY,South Carolina Energy Office,state_agency_page,South Carolina,Office of Regulatory Staff/Energy Office,South Carolina,state,SC,https://energy.sc.gov/,static HTML page monitor,medium,OK,Medium,Public entities; nonprofits; businesses; program controls,No,UNKNOWN,Sometimes allowable depending on program,Energy efficiency; federal pass-through,Periodic,Monthly,HTML/PDF,No,Yes,No,[research lane: seed-v1],Tier 2,seed_imported,not_started,NO_REVIEW_REQUIRED,state_scoped,NOT_DETERMINED_BY_REGISTRY,NOT_DETERMINED_BY_REGISTRY,monitoring_not_started
ACF-GRANTS-AND-FUNDING-HUB-FF81A5,ACF Grants and Funding hub,funding index page,HHS,Administration for Children and Families,federal,federal,,https://www.acf.hhs.gov/grants,static HTML page monitor,high,OK,native-eligible-among-others,"tribal-government, tribal-organization, native-nonprofit, state-or-local-govt-serving-natives",no,UNKNOWN,unclear,"Tribal CCDF, Tribal TANF, LIHEAP tribal, AIAN Head Start (all NOT verified)",UNKNOWN,stale,HTML,no,no,no,Page stamped Last Reviewed April 7 2016 and defers to the HHS Grants Forecast. Four ACF path guesses 404'd. Route ACF tribal set-asides via SAM.gov Assistance Listings bulk data instead of ACF HTML [research lane: DOI/HHS + SC + philanthropy],Tier 3,seed_imported,not_started,NO_REVIEW_REQUIRED,federal_all_customers,NOT_DETERMINED_BY_REGISTRY,NOT_DETERMINED_BY_REGISTRY,monitoring_not_started
ACL-SERVICES-FOR-NATIVE-AMER-CABB28,ACL Services for Native Americans (OAA Title VI),program page,HHS,Administration for Community Living,federal,federal,,https://acl.gov/programs/services-native-americans-oaa-title-vi,static HTML page monitor,high,OK,native-exclusive,"tribal-government, tribal-organization, native-nonprofit",UNKNOWN,UNKNOWN,unclear,"OAA Title VI Native American nutrition, supportive services and caregiver support",UNKNOWN,UNKNOWN,HTML,no,UNKNOWN,no,"Page fetched OK but yielded ~53KB of pure A-Z navigation: no Title VI Part A/B/C detail, no ALN, no deadline recoverable. Grant character believed formula-ish but NOT verified - needs a different extraction approach [research lane: DOI/HHS + SC + philanthropy]",Tier 3,seed_imported,not_started,NO_REVIEW_REQUIRED,federal_all_customers,NOT_DETERMINED_BY_REGISTRY,NOT_DETERMINED_BY_REGISTRY,monitoring_not_started
ASSISTANCE-TO-FIREFIGHTERS-G-5EC54E,Assistance to Firefighters Grants (AFG),grant program,DHS,FEMA (Fire Grants),federal,federal,,https://www.fema.gov/grants/preparedness/firefighters/assistance-grants,human review only,high,OK,UNKNOWN,UNKNOWN,UNKNOWN,UNKNOWN,unclear,Operations and Safety; equipment; PPE; vehicles; training,UNKNOWN,UNKNOWN,"HTML (stale render, ""Last updated Jul 21, 2020"")",no (award data in OpenFEMA NonDisasterAssistanceFirefighterGrants),email (bi-weekly alerts referenced),yes (FEMA GO),"TRIBAL ELIGIBILITY UNKNOWN - DO NOT ASSERT. Page as fetched names only ""fire departments, state fire training academies and emergency medical service organizations""; tribal fire departments not named. SAFER mentioned only as a future FEMA GO integration target, not verified. [research lane: DOJ/DHS/ED/DOL/SBA]",Tier 3,seed_imported,not_started,TERMS_REVIEW_REQUIRED,federal_all_customers,NOT_DETERMINED_BY_REGISTRY,NOT_DETERMINED_BY_REGISTRY,requires_login:yes (FEMA GO);monitoring_method:human_review_only;monitoring_not_started
BIA-BRANCH-OF-INDIGENOUS-CON-61EA90,BIA Branch of Indigenous Connectivity and Technology,agency landing page,DOI,Bureau of Indian Affairs / OTS,federal,federal,,https://www.bia.gov/bia/ots/ict,static HTML page monitor,low,OK,native-exclusive,UNKNOWN,UNKNOWN,UNKNOWN,unclear,UNKNOWN,UNKNOWN,UNKNOWN,HTML,no,no,no,Discovered in the OTS navigation; not fetched. Name suggests direct relevance to tribal IT and connectivity funding - investigate next pass [research lane: DOI/HHS + SC + philanthropy],Tier 3,seed_imported,not_started,NO_REVIEW_REQUIRED,federal_all_customers,NOT_DETERMINED_BY_REGISTRY,NOT_DETERMINED_BY_REGISTRY,monitoring_not_started
BIA-DIVISION-OF-SELF-DETERMI-0C1E37,BIA Division of Self-Determination,agency landing page,DOI,Bureau of Indian Affairs / OIS-DSD,federal,federal,,https://www.bia.gov/bia/ois/dsd,static HTML page monitor,med,OK,native-exclusive,"federally-recognized-tribe, tribal-government, tribal-organization",yes,appears excluded,unclear,PL 93-638 contracts and compacts,n/a (compacted),UNKNOWN,HTML,no,no,no,"Not fetched. Funding character is self-governance-compacted, not competitive - essential for correctly classifying BIA money that never appears as a NOFO [research lane: DOI/HHS + SC + philanthropy]",Tier 3,seed_imported,not_started,NO_REVIEW_REQUIRED,federal_all_customers,NOT_DETERMINED_BY_REGISTRY,NOT_DETERMINED_BY_REGISTRY,monitoring_not_started
BIA-JUSTICE-SERVICES-1F6956,BIA Justice Services,agency landing page,DOI,Bureau of Indian Affairs / Office of Justice Services,federal,federal,,https://www.bia.gov/bia/ojs,static HTML page monitor,med,OK,native-exclusive,"federally-recognized-tribe, tribal-government",UNKNOWN,UNKNOWN,unclear,"tribal law enforcement, detention, tribal courts",UNKNOWN,UNKNOWN,HTML,no,no,no,Not fetched. Most tribal public-safety GRANT money is DOJ/OJP; the BIA side is largely direct service and 638 contracts [research lane: DOI/HHS + SC + philanthropy],Tier 3,seed_imported,not_started,NO_REVIEW_REQUIRED,federal_all_customers,NOT_DETERMINED_BY_REGISTRY,NOT_DETERMINED_BY_REGISTRY,monitoring_not_started
BIA-SOCIAL-SERVICES-AND-ICWA-367756,BIA Social Services and ICWA,agency landing page,DOI,Bureau of Indian Affairs / OIS Division of Human Services,federal,federal,,https://www.bia.gov/programs-services/social-services,static HTML page monitor,med,OK,native-exclusive,"federally-recognized-tribe, tribal-government, tribal-organization",UNKNOWN,UNKNOWN,unclear,Indian Child Welfare Act services grants,UNKNOWN,UNKNOWN,HTML,no,no,no,"Not fetched, but bia.gov/news verified an Indian Affairs Awards $2 Million to Strengthen Indian Child Welfare Services release, so a real ICWA grant stream exists [research lane: DOI/HHS + SC + philanthropy]",Tier 3,seed_imported,not_started,NO_REVIEW_REQUIRED,federal_all_customers,NOT_DETERMINED_BY_REGISTRY,NOT_DETERMINED_BY_REGISTRY,monitoring_not_started
BIA-VOLUNTARY-COMMUNITY-DRIV-9790D7,BIA Voluntary Community-Driven Relocation Program,program page,DOI,Bureau of Indian Affairs / TCR,federal,federal,,https://www.bia.gov/service/community-driven-relocation,static HTML page monitor,low,OK,native-exclusive,"federally-recognized-tribe, tribal-government",yes,appears excluded,unclear,Community-Driven Relocation,UNKNOWN,UNKNOWN,HTML,no,no,no,"Link verified on the TCR page; not fetched. Large-dollar, few-recipient, planning-heavy program [research lane: DOI/HHS + SC + philanthropy]",Tier 3,seed_imported,not_started,NO_REVIEW_REQUIRED,federal_all_customers,NOT_DETERMINED_BY_REGISTRY,NOT_DETERMINED_BY_REGISTRY,monitoring_not_started
BIA-WATER-AND-POWER-736444,BIA Water and Power,agency landing page,DOI,Bureau of Indian Affairs / OTS Division of Water and Power,federal,federal,,https://www.bia.gov/bia/ots/dwp,static HTML page monitor,med,OK,native-exclusive,"federally-recognized-tribe, tribal-government",UNKNOWN,UNKNOWN,unclear,"irrigation, power utilities, dam safety",UNKNOWN,UNKNOWN,HTML,no,no,no,Link verified; not fetched. Largely direct-service and capital rather than competitive grants [research lane: DOI/HHS + SC + philanthropy],Tier 3,seed_imported,not_started,NO_REVIEW_REQUIRED,federal_all_customers,NOT_DETERMINED_BY_REGISTRY,NOT_DETERMINED_BY_REGISTRY,monitoring_not_started
BIE-GREAT-AMERICAN-OUTDOORS-2FFD1F,BIE Great American Outdoors Act program,program page,DOI,Bureau of Indian Education,federal,federal,,https://www.bie.edu/gaoa/great-american-outdoors-act,static HTML page monitor,low,OK,native-exclusive,"tribal-college-or-BIE-school, tribal-government",yes,appears excluded,unlikely-allowable,GAOA school facility replacement and modernization,UNKNOWN,UNKNOWN,HTML,no,no,no,"bie.edu is a SEPARATE HOST from bia.gov (Drupal 10, scrapes fine) - scraper config must treat them as two hosts. No NOFO or grants index was found on the BIE homepage; ISEP was not found as a funding-relevant public page. Capital construction, so software costs are not a fit. Note BIE already runs NASIS and Native Star - any school-facing NativeForge module enters occupied ground [research lane: DOI/HHS + SC + philanthropy]",Tier 3,seed_imported,not_started,NO_REVIEW_REQUIRED,federal_all_customers,NOT_DETERMINED_BY_REGISTRY,NOT_DETERMINED_BY_REGISTRY,monitoring_not_started
BIE-JOHNSON-O-MALLEY-PROGRAM-140089,BIE Johnson O'Malley Program,program page,DOI,Bureau of Indian Education,federal,federal,,https://www.bie.edu/jom,static HTML page monitor,low,OK,native-exclusive,"tribal-government, tribal-organization, tribal-college-or-BIE-school, state-or-local-govt-serving-natives",UNKNOWN,UNKNOWN,unclear,Johnson O'Malley,UNKNOWN,UNKNOWN,HTML,no,no,no,Link verified; not fetched. JOM is formula-ish per-student assistance and warrants a dedicated pass [research lane: DOI/HHS + SC + philanthropy],Tier 3,seed_imported,not_started,NO_REVIEW_REQUIRED,federal_all_customers,NOT_DETERMINED_BY_REGISTRY,NOT_DETERMINED_BY_REGISTRY,monitoring_not_started
BIE-NEWSROOM-3E4FE6,BIE newsroom,news page,DOI,Bureau of Indian Education,federal,federal,,https://www.bie.edu/newsroom,static HTML page monitor,low,OK,native-exclusive,n/a,n/a,n/a,n/a,GAOA construction awards; school leadership,rolling,monthly,HTML,no,no,no,"The only usable BIE change-detection surface found, since no funding index exists on the site [research lane: DOI/HHS + SC + philanthropy]",Tier 3,seed_imported,not_started,NO_REVIEW_REQUIRED,federal_all_customers,NOT_DETERMINED_BY_REGISTRY,NOT_DETERMINED_BY_REGISTRY,monitoring_not_started
DOT-GRANTS-INDEX-368328,DOT Grants index,funding index,DOT,Office of the Secretary,national,federal,,https://www.transportation.gov/grants,static HTML page monitor,low,OK,tribal-eligible,varies — UNKNOWN,varies,varies,sometimes-allowable-depends-on-NOFO,SMART; Reconnecting Communities; ROUTES; MPDG; PIDP; AIP; FRA grants/loans; FTA grants; PHMSA; Automated Driving; BUILD; UTC,index,periodic,HTML,no,GovDelivery account usdot,no,"Discovery aid only, PARTLY STALE — still fronts ""BUILD"" and a 2022 AIP link (faa.gov/airports/aip/2022_aip_grants/). Confirms DOT Navigator and the Competitive Grants Dashboard (/grants/dashboard) as better entry points. Use to enumerate modal grant hubs, not as a source of truth on any program's terms. [research lane: DOE/EPA/DOT]",Tier 3,seed_imported,not_started,NO_REVIEW_REQUIRED,federal_all_customers,NOT_DETERMINED_BY_REGISTRY,NOT_DETERMINED_BY_REGISTRY,monitoring_not_started
DOT-NAVIGATOR-D0D06B,DOT Navigator,technical assistance hub,DOT,Office of the Secretary,national,federal,,https://www.transportation.gov/navigator,static HTML page monitor,low,OK,tribal-eligible,"n/a (TA, not funding)",n/a,n/a,n/a,grant application resources; BCA guidance; Project Readiness Checklist; Rural Grant Applicant Toolkit,rolling,periodic,HTML,no,GovDelivery topic USDOT_167,no,"Has a dedicated ""Resources for Tribal Communities"" section (/grants/dot-navigator/tribal-content-and-information), a grant search (/grants/dot-navigator/find-federal-grant-opportunities), and a Resource Library (/search-grants-and-ta-resources). Also confirms the DOT Competitive Grants Dashboard at /grants/dashboard. Useful for content enrichment and for the ""how do I apply"" layer, not for opportunity discovery. [research lane: DOE/EPA/DOT]",Tier 3,seed_imported,not_started,NO_REVIEW_REQUIRED,federal_all_customers,NOT_DETERMINED_BY_REGISTRY,NOT_DETERMINED_BY_REGISTRY,monitoring_not_started
EPA-CLIMATE-POLLUTION-REDUCT-A1D745,EPA Climate Pollution Reduction Grants (CPRG),program,EPA,Office of Air and Radiation / OA,national,federal,,https://www.epa.gov/inflation-reduction-act/climate-pollution-reduction-grants,static HTML page monitor,low,OK,tribal-eligible (had a dedicated Tribes and Territories competition),"federally-recognized-tribe, tribal-government, state-or-local-govt-serving-natives",UNKNOWN,UNKNOWN,sometimes-allowable-depends-on-NOFO,CPRG planning grants (PCAP/CCAP); CPRG implementation grants — General Competition and Tribes and Territories Competition,CLOSED to new applications; active deliverable deadlines only (CCAP for States/MSAs extended to 2026-06-01),low; modified 2025-11-26,HTML,"PCAP Directory (searchable/downloadable, 211 plans)",no,no,"STATUS: verified-active as grant administration, closed for new applications, NO new competition announced. IRA §60114, ~$5B ($250M noncompetitive planning + ~$4.6B competitive implementation). Awarded: ""over $4.3 billion to 25 state, local, and Tribal recipients"" (General, 2024-11-08) + ""$300 million to the 34 selected applications under the CPRG Tribes and Territories Competition."" Monitoring value = compliance/deliverable tracking, not discovery. [research lane: DOE/EPA/DOT]",Tier 3,seed_imported,not_started,NO_REVIEW_REQUIRED,federal_all_customers,NOT_DETERMINED_BY_REGISTRY,NOT_DETERMINED_BY_REGISTRY,monitoring_not_started
EPA-GRANTS-BC17D1,EPA Grants,html_page,EPA,Office of the Chief Grants Officer,federal,federal,,https://www.epa.gov/grants,static HTML page monitor,low,OK,medium,NA,UNKNOWN,UNKNOWN,UNKNOWN,routes to Grants.gov and sam.gov assistance-listings,NA,periodic_undefined,HTML,no,yes_mailchimp_listserv,no,"NO API; page routes discovery to Grants.gov; listserv signup launches https://eepurl.com/hoTvnP (Mailchimp), cadence 'periodic' with no schedule; epa.gov/newsroom/rss-feeds-epa returned EMPTY so NO EPA RSS URL verified; server-rendered and scrapeable; robots disallows /search/ and named search pages but not grants paths [research lane: API/monitoring layer]",Tier 3,seed_imported,not_started,NO_REVIEW_REQUIRED,federal_all_customers,NOT_DETERMINED_BY_REGISTRY,NOT_DETERMINED_BY_REGISTRY,monitoring_not_started
EPA-TRIBAL-LANDS-OLEM-TRIBAL-FC0F48,EPA Tribal Lands (OLEM) / Tribal Waste Management,agency landing page,EPA,Office of Land and Emergency Management,national,federal,,https://www.epa.gov/tribal-lands,static HTML page monitor,low,OK,native-exclusive,"federally-recognized-tribe, tribal-government",UNKNOWN,UNKNOWN,UNKNOWN,Tribal Waste Management Program; Cleanup Funding Authorities Available to Tribal Governments; Tribal Response Programs; UST in Indian country; Superfund remedial in Indian country,n/a (index),modified 2026-07-08,HTML,no,webinar-series signup forms,no,"Its funding-directory function has been RETIRED and redirected to the BIA Access to Capital Clearinghouse (see that row). Remaining monitoring value: /tribal-lands/land-cleanup-funding-authorities-available-tribal-governments-0 (next-pass fetch), the Tribal Waste Management Program page, and event signals (2026 Tribal Lands and Environment Forum, Aug 17–20, Oklahoma City; Tribal Legacy Hard-Rock Mine Network). Partner: triballands.org (Tribal Lands Assistance Center). [research lane: DOE/EPA/DOT]",Tier 3,seed_imported,not_started,NO_REVIEW_REQUIRED,federal_all_customers,NOT_DETERMINED_BY_REGISTRY,NOT_DETERMINED_BY_REGISTRY,monitoring_not_started
EPA-TRIBAL-PARTNERSHIP-GROUP-A95E9D,EPA Tribal Partnership Groups / RTOC / NTOC,partner org directory,EPA,OITA / AIEO,national + per-Region,federal,,https://www.epa.gov/tribal/tribal-partnership-groups,static HTML page monitor,low,OK,native-exclusive,"tribal-government, tribal-organization, native-nonprofit",n/a,n/a,n/a,NTOC; RTOC; National Tribal Air Association; National Tribal Water Council; National Tribal Toxics Committee; Tribal Pesticide Program Council; EPA-Tribal Science Council; TWAR SC; METRA/MTERA; E-Enterprise,n/a,modified 2026-01-06,HTML,no,no,no,"CAVEAT: page is Region-5-centric — it lists ONLY R5 representatives. Only the R5 RTOC page URL was confirmed (/tribal/regional-tribal-operations-committee-region-5); other regions' RTOC pages presumably follow the pattern but were NOT verified. Named partner orgs are high-value distribution/design-partner channels: ntaatribalair.org, tribaltoxics.org, tppcwebsite.org, mtera.org, nau.edu/itep (NTWC, TWAR SC, TAMS). Regional tribal CWA pages observed: /tribal/r9tribalcwa, /tribal/region-10-tribal-programs#other-grants (not fetched). [research lane: DOE/EPA/DOT]",Tier 3,seed_imported,not_started,NO_REVIEW_REQUIRED,federal_all_customers,NOT_DETERMINED_BY_REGISTRY,NOT_DETERMINED_BY_REGISTRY,monitoring_not_started
FEMA-GO-GRANTS-OUTCOMES-PORT-3B6FEC,FEMA GO (Grants Outcomes) portal,application/management portal,DHS,FEMA,federal,federal,,https://www.fema.gov/grants/guidance-tools/fema-go,human review only,n/a,OK,medium,n/a,n/a,n/a,n/a,"AFG (launched); SAFER, FP&S, Mitigation, IA planned",n/a,n/a,"HTML (stale render, ""Last updated Aug 3, 2020"")",no,no,yes,"Page text as fetched: ""We've launched FEMA GO initially for Assistance to Firefighters Grants only"" with SAFER/FP&S/Mitigation/IA ""scheduled... for integration."" Current scope of FEMA GO is likely broader than this stale page states - treat page content as unreliable. Login-gated; not scrapable. [research lane: DOJ/DHS/ED/DOL/SBA]",Tier 3,seed_imported,not_started,HUMAN_REVIEW_ONLY,federal_all_customers,NOT_DETERMINED_BY_REGISTRY,NOT_DETERMINED_BY_REGISTRY,requires_login:yes;monitoring_method:human_review_only;monitoring_not_started
HUD-GEMS-GRANTS-EVALUATION-A-F70DCC,HUD GEMS (Grants Evaluation and Management System),grantee reporting system,HUD,PIH/ONAP,national,federal,,https://www.hud.gov/helping-americans/public-indian-housing-gems,human review only,high,HUMAN_REVIEW_ONLY,exclusive,federally-recognized-tribe;tribal-government;tribal-organization,yes,yes (IHBG recipients),likely-allowable,IHP/APR submission for IHBG,annual IHP + APR 90 days post program year,as needed,web app,no,no,YES,Authenticated grantee system - do not crawl. Now live in ALL ONAP regions (replaced EPIC). Compliance-software demand driver [research lane: USDA/HUD/Commerce],Tier 3,seed_imported,not_started,HUMAN_REVIEW_ONLY,federal_all_customers,NOT_DETERMINED_BY_REGISTRY,NOT_DETERMINED_BY_REGISTRY,robots_or_terms_risk:HUMAN_REVIEW_ONLY;requires_login:YES;monitoring_method:human_review_only;monitoring_not_started
NAGPRA-GRANT-AWARDS-DATABASE-349011,NAGPRA grant awards database,database / search app,DOI,National Park Service / NAGPRA,federal,federal,,https://apps.cr.nps.gov/nagprapublic/home/grant,search endpoint monitor,high,TERMS_REVIEW_REQUIRED,native-priority,n/a (award history),n/a,n/a,n/a,all NAGPRA awards since 1994,historical,historical,web app,UNKNOWN,no,no,"Separate app host; likely needs browser automation. Value is award-history benchmarking, not new-opportunity detection [research lane: DOI/HHS + SC + philanthropy]",Tier 3,seed_imported,not_started,TERMS_REVIEW_REQUIRED,federal_all_customers,NOT_DETERMINED_BY_REGISTRY,NOT_DETERMINED_BY_REGISTRY,robots_or_terms_risk:TERMS_REVIEW_REQUIRED;monitoring_not_started
NASA-OSTEM-FUNDING-FORECAST-869C9C,NASA OSTEM Funding Forecast,forecast-table,NASA,Office of STEM Engagement,federal,federal,,https://www.nasa.gov/learning-resources/eons-grant-forecasting/,static HTML page monitor,low,OK,medium,"ihe (MSI list), tribal-college via MSI status",no (MSI/OPE test instead),n/a,unclear,Next Gen STEM TEAM II; EPSCoR RRR; EPSCoR Basic Research (all FY27 Q1),fiscal-quarter granularity only — no dates,updated Aug 11 2026,HTML,no,no,no,"USEFUL NEGATIVE SIGNAL: the entire forecast is 3 rows and NO MUREP element appears. Verbatim disclaimer: ""None of the listed solicitations have been formally approved for release"" — do NOT surface forecast rows as deadlines. Contact sarah.m.mcgarvey@nasa.gov. [research lane: Research funding]",Tier 3,seed_imported,not_started,NO_REVIEW_REQUIRED,federal_all_customers,NOT_DETERMINED_BY_REGISTRY,NOT_DETERMINED_BY_REGISTRY,monitoring_not_started
NEA-GRANTS-FOR-ARTS-PROJECTS-260391,NEA Grants for Arts Projects,program-page,NEA,n/a,federal,federal,,https://www.arts.gov/grants/grants-for-arts-projects,human review only,low technically,TERMS_REVIEW_REQUIRED,high,"tribe, native-nonprofit (as 501c3)",YES,NO,unclear,GAP (incl. former Our Town and Challenge America as disciplines),VERIFIED 2 cycles/yr: Part 1 Feb 12 / Jul 9 2026; Part 2 Feb 25 / Jul 21 2026,new guidelines expected late Dec 2026,HTML + PDF,no,"yes (site-wide RSS verified, not grants-specific)",no (portal login to apply),"Eligibility explicit: ""Federally recognized tribal communities or tribes."" HARD BARS for small Native nonprofits: 5 years prior arts programming, $20,000 minimum operating expenses, 1:1 cost share, fiscal-sponsor applications INELIGIBLE. TWO-PART APPLICATION TRAP: Grants.gov Part 1 THEN a separate applicantportal.arts.gov Part 2 a week later. robots.txt has an explicit ""# AI Bots"" block naming ClaudeBot and ChatGPT-User with Disallow: / — SOURCE FROM GRANTS.GOV. Version-track guideline filenames (observed -V3 mid-cycle revision). [research lane: Research funding]",Tier 3,seed_imported,not_started,TERMS_REVIEW_REQUIRED,federal_all_customers,NOT_DETERMINED_BY_REGISTRY,NOT_DETERMINED_BY_REGISTRY,robots_or_terms_risk:TERMS_REVIEW_REQUIRED;requires_login:no (portal login to apply);monitoring_method:human_review_only;monitoring_not_started
NEA-NATIVE-ARTS-AND-CULTURE-51D1C6,NEA Native Arts and Culture Hub,resource-hub,NEA,n/a,federal,federal,,https://www.arts.gov/impact/native-arts-and-culture,static HTML page monitor,low,TERMS_REVIEW_REQUIRED,high,"tribe, native-nonprofit",YES,NO,n/a,Tribal Consultation Policy; FAQ for Tribes 2023,n/a,low,HTML + PDF,no,no,no,"NOT a funding line — ""Our flagship program is GRANTS FOR ARTS PROJECTS."" But it hosts ""Federal Resources for Native Arts & Cultural Activities,"" a cross-agency publication that is a READY-MADE SEED LIST for this registry, and points to https://www.bia.gov/atc (BIA opportunity database) — both unexplored leads. Contact NativeArts@arts.gov. [research lane: Research funding]",Tier 3,seed_imported,not_started,TERMS_REVIEW_REQUIRED,federal_all_customers,NOT_DETERMINED_BY_REGISTRY,NOT_DETERMINED_BY_REGISTRY,robots_or_terms_risk:TERMS_REVIEW_REQUIRED;monitoring_not_started
NEH-GRANTS-3B51BD,NEH Grants,program-page,NEH,all divisions,federal,federal,,https://www.neh.gov/grants,human review only,HIGH,TERMS_REVIEW_REQUIRED,low-medium,UNKNOWN,UNKNOWN,UNKNOWN,unclear,Scholarly Editions Sep 16 2026; Collaborative Research Sep 16 2026; Public Humanities Dec 9 2026,only those 3 dates verifiable,live but many pages unmaintained,HTML + PDF,no,"yes (rss.xml verified but serves ARCHIVAL nodes, useless for grants)",no,"A Native/Indigenous-focused NEH line COULD NOT BE VERIFIED — /grants/listing claims 41 results but only 4 rendered (JS/Solr), with due dates stale to 2020. DEL is CONFIRMED joint NSF/NEH (""All DEL applications are submitted to NSF for review"") but its page shows a 2017 deadline — MONITOR DEL ON NSF, NOT NEH. Preservation Assistance page has EMPTY date fields and 2018 body text. robots.txt explicitly disallows /grants/listing* — the program listing is off-limits to a compliant crawler. [research lane: Research funding]",Tier 3,seed_imported,not_started,TERMS_REVIEW_REQUIRED,federal_all_customers,NOT_DETERMINED_BY_REGISTRY,NOT_DETERMINED_BY_REGISTRY,robots_or_terms_risk:TERMS_REVIEW_REQUIRED;monitoring_method:human_review_only;monitoring_not_started
NIH-REPORTER-API-V2-8C39C5,NIH RePORTER API v2,api,HHS,NIH,federal,federal,,https://api.reporter.nih.gov/v2/projects/search,API monitor,low,TERMS_REVIEW_REQUIRED,medium,organization_type criterion,UNKNOWN,UNKNOWN,UNKNOWN,prior NIH awards to tribal orgs and TCUs,NA,not_documented,JSON,yes,no,no,"POST no key; DOCUMENTED rate guidance 1 req/sec and large jobs weekends or 21:00-05:00 EST with IP-blocking risk; limit max 500 / offset max 14999 BUT swagger says 'System imposed limit is 50' - contradiction, handle 400s; awards+publications only NO opportunities; bulk at reporter.nih.gov/exporter [research lane: API/monitoring layer]",Tier 3,seed_imported,not_started,TERMS_REVIEW_REQUIRED,federal_all_customers,NOT_DETERMINED_BY_REGISTRY,NOT_DETERMINED_BY_REGISTRY,robots_or_terms_risk:TERMS_REVIEW_REQUIRED;monitoring_not_started
NOAA-CLIMATE-PROGRAM-OFFICE-28DB4F,NOAA Climate Program Office,program-page,NOAA,OAR / CPO,federal,federal,,https://cpo.noaa.gov/funding-opportunities,static HTML page monitor,low-medium,TERMS_REVIEW_REQUIRED,medium,UNKNOWN,UNKNOWN,UNKNOWN,unclear,"RISA (FY2026, closed)",UNKNOWN,modified 2026-04-17; zero open at fetch,HTML,no,no (feed returned empty),no,"""CPO does not currently have any open funding opportunities."" Tribal eligibility not stated anywhere on the page — UNKNOWN. UNRESOLVED HIGH-VALUE LEAD: cpo.noaa.gov/noaa-aihec-mou/ (NOAA-American Indian Higher Education Consortium MOU) appears in nav but was NOT fetched. [research lane: Research funding]",Tier 3,seed_imported,not_started,TERMS_REVIEW_REQUIRED,federal_all_customers,NOT_DETERMINED_BY_REGISTRY,NOT_DETERMINED_BY_REGISTRY,robots_or_terms_risk:TERMS_REVIEW_REQUIRED;monitoring_not_started
NSF-AWARD-API-66155B,NSF Award API,api,NSF,NSF,federal,federal,,https://api.nsf.gov/services/v1/awards.json,API monitor,low,TERMS_REVIEW_REQUIRED,medium,NA,NA,NA,UNKNOWN,prior NSF awards matching tribal keywords,NA,not_documented,"JSON,XML",yes,no,no,"TESTED unauthenticated keyword+printFields call succeeded (105KB JSON); canonical doc URL on www.research.gov returns EMPTY - use resources.research.gov mirror, which itself TRUNCATED mid-table so full param and print-field lists remain UNREAD; downtime Fri 22:00 - Sun 12:00 [research lane: API/monitoring layer]",Tier 3,seed_imported,not_started,TERMS_REVIEW_REQUIRED,federal_all_customers,NOT_DETERMINED_BY_REGISTRY,NOT_DETERMINED_BY_REGISTRY,robots_or_terms_risk:TERMS_REVIEW_REQUIRED;monitoring_not_started
NSF-AWARDS-API-BB69CE,NSF Awards API,api,NSF,n/a,federal,federal,,https://api.nsf.gov/services/v1/awards.json,API monitor,low,OK,medium,n/a (awards intelligence),n/a,n/a,n/a,which TCUs/tribal orgs hold NSF awards,n/a,continuous,JSON/XML/JSONP,yes (VERIFIED WORKING),no,no,"VERIFIED: keyword=tribal returned ~106KB real JSON. Docs at resources.research.gov/common/webapi/awardapisearch-v1.htm (NOT www.research.gov, which returned empty). AWARDS ONLY — there is no NSF funding-opportunity API. Scheduled downtime Fri 10PM-Sun 12PM. [research lane: Research funding]",Tier 3,seed_imported,not_started,NO_REVIEW_REQUIRED,federal_all_customers,NOT_DETERMINED_BY_REGISTRY,NOT_DETERMINED_BY_REGISTRY,monitoring_not_started
NTIA-FUNDING-PROGRAMS-INDEX-2423F5,NTIA Funding Programs Index,funding index,Commerce,NTIA,national,federal,,https://www.ntia.gov/funding-programs,static HTML page monitor,high,TERMS_REVIEW_REQUIRED,medium,federally-recognized-tribe;tribal-government;native-serving-nonprofit;state-or-local-govt-serving-natives,varies,varies,unclear,BEAD;Digital Equity;TBCP;Middle Mile;CMC;BIP;Innovation Fund,varies,STALE - advertises Feb-May 2025 events as upcoming,HTML (JS-gated but text extractable),no,"RSS referenced (""Subscribe to Funding Program Home RSS feed"") but URL NOT resolved/verified",no,"Mentions ""Native Entity Capacity & Planning Grant Program"" - a real Digital Equity Native set-aside. Page not maintained; do not trust status fields [research lane: USDA/HUD/Commerce]",Tier 3,seed_imported,not_started,TERMS_REVIEW_REQUIRED,federal_all_customers,NOT_DETERMINED_BY_REGISTRY,NOT_DETERMINED_BY_REGISTRY,robots_or_terms_risk:TERMS_REVIEW_REQUIRED;monitoring_not_started
NTIA-TRIBAL-BROADBAND-CONNEC-9BAAC8,NTIA Tribal Broadband Connectivity Program (TBCP),program page,Commerce,NTIA,tribal lands incl. AK Native + Native Hawaiian,federal,,https://www.internetforall.gov/program/tribal-broadband-connectivity-program,human review only,high,HUMAN_REVIEW_ONLY,exclusive,federally-recognized-tribe;tribal-government;tribal-organization;native-serving-nonprofit,likely yes,appears excluded,sometimes-allowable-depends-on-NOFO,TBCP $3B total; Round 2 ~$980M,"STALE PAGE claims ""Status: Open"" - Round 2 actually closed Jan 2023. CURRENT-YEAR STATUS UNKNOWN - do not surface ""Open""",STALE - references Biden admin prospectively,HTML,no,no,no,ntia.gov/funding-programs/tribal-broadband-connectivity-program returned EMPTY BODY. Only internetforall.gov mirror has content and it is stale. Route via Grants.gov + Federal Register instead [research lane: USDA/HUD/Commerce],Tier 3,seed_imported,not_started,HUMAN_REVIEW_ONLY,federal_all_customers,NOT_DETERMINED_BY_REGISTRY,NOT_DETERMINED_BY_REGISTRY,robots_or_terms_risk:HUMAN_REVIEW_ONLY;monitoring_method:human_review_only;monitoring_not_started
PERKINS-CTE-TRIBAL-BIE-SET-A-6C68A1,Perkins CTE tribal / BIE set-aside,formula set-aside,ED,OCTAE,federal,federal,,https://cte.ed.gov,human review only,UNKNOWN,TERMS_REVIEW_REQUIRED,UNKNOWN,UNKNOWN,UNKNOWN,UNKNOWN,unclear,Native American CTE Program; Tribally Controlled Postsecondary CTE,UNKNOWN,UNKNOWN,UNKNOWN,no,no,no,NOT VERIFIED. ED routes CTE to cte.ed.gov which I did not fetch. Two related program pages exist on the ED Native index (Native American CTE Program; Tribally Controlled Postsecondary CTE) but were not opened. Set-aside mechanics UNKNOWN. [research lane: DOJ/DHS/ED/DOL/SBA],Tier 3,seed_imported,not_started,TERMS_REVIEW_REQUIRED,federal_all_customers,NOT_DETERMINED_BY_REGISTRY,NOT_DETERMINED_BY_REGISTRY,robots_or_terms_risk:TERMS_REVIEW_REQUIRED;monitoring_method:human_review_only;monitoring_not_started
REGISTERED-APPRENTICESHIP-ET-2A3B6E,Registered Apprenticeship (ETA),grant/program area,DOL,ETA Office of Apprenticeship,federal,federal,,https://www.apprenticeship.gov,human review only,UNKNOWN,TERMS_REVIEW_REQUIRED,UNKNOWN,UNKNOWN,UNKNOWN,UNKNOWN,unclear,UNKNOWN,UNKNOWN,UNKNOWN,UNKNOWN,no,no,no,NOT FETCHED - separate domain with its own navigation. All fields UNKNOWN. [research lane: DOJ/DHS/ED/DOL/SBA],Tier 3,seed_imported,not_started,TERMS_REVIEW_REQUIRED,federal_all_customers,NOT_DETERMINED_BY_REGISTRY,NOT_DETERMINED_BY_REGISTRY,robots_or_terms_risk:TERMS_REVIEW_REQUIRED;monitoring_method:human_review_only;monitoring_not_started
SAM-GOV-ENTITY-MANAGEMENT-AP-0BFE5E,SAM.gov Entity Management API,api,GSA,SAM.gov,federal,federal,,https://open.gsa.gov/api/entity-api/,API monitor,UNKNOWN,TERMS_REVIEW_REQUIRED,high,UNKNOWN,UNKNOWN,UNKNOWN,UNKNOWN,NA,NA,UNKNOWN,UNKNOWN,yes,no,UNKNOWN,existence verified from GSA directory only - doc page NOT fetched; likely surface for tribal entity UEI/business-type flags; D&B-sourced fields carry no-bulk + attribution restrictions [research lane: API/monitoring layer],Tier 3,seed_imported,not_started,TERMS_REVIEW_REQUIRED,federal_all_customers,NOT_DETERMINED_BY_REGISTRY,NOT_DETERMINED_BY_REGISTRY,robots_or_terms_risk:TERMS_REVIEW_REQUIRED;monitoring_not_started
SAM-GOV-FEDERAL-HIERARCHY-PU-102D41,SAM.gov Federal Hierarchy Public API,api,GSA,SAM.gov,federal,federal,,https://open.gsa.gov/api/fh-public-api/,API monitor,UNKNOWN,TERMS_REVIEW_REQUIRED,medium,UNKNOWN,UNKNOWN,UNKNOWN,UNKNOWN,NA,NA,UNKNOWN,UNKNOWN,yes,no,UNKNOWN,existence verified from GSA directory only - doc page NOT fetched; supplies Dept/Agency/Office code tree that organizationCodes expects; separate FOUO variant is US-government-users-only [research lane: API/monitoring layer],Tier 3,seed_imported,not_started,TERMS_REVIEW_REQUIRED,federal_all_customers,NOT_DETERMINED_BY_REGISTRY,NOT_DETERMINED_BY_REGISTRY,robots_or_terms_risk:TERMS_REVIEW_REQUIRED;monitoring_not_started
STATE-WIOA-TITLE-I-PASS-THRO-AFEA36,State WIOA Title I pass-through (Adult / Youth / Dislocated Worker),state pass-through,DOL,ETA,federal to states to local boards,federal,,https://www.dol.gov/agencies/eta/wioa,human review only,high,TERMS_REVIEW_REQUIRED,medium,tribal-government;tribal-organization;state-or-local-govt-serving-natives,n/a (subrecipient),UNKNOWN,sometimes-allowable-depends-on-NOFO,WIOA Adult; Youth; Dislocated Worker,varies by state and local board,varies,varies by state,no,no,varies,"Structural assertion, NOT verified - I did not fetch the WIOA program pages. Entirely separate from Section 166. Tribes access as subrecipients or partners of state workforce agencies and Local Workforce Development Boards. 50-state + local-board monitoring surface; scope later alongside the FEMA SAA problem. [research lane: DOJ/DHS/ED/DOL/SBA]",Tier 3,seed_imported,not_started,TERMS_REVIEW_REQUIRED,federal_all_customers,NOT_DETERMINED_BY_REGISTRY,NOT_DETERMINED_BY_REGISTRY,robots_or_terms_risk:TERMS_REVIEW_REQUIRED;requires_login:varies;monitoring_method:human_review_only;monitoring_not_started
TRIBAL-HIGH-PRIORITY-PROJECT-E774EB,Tribal High Priority Projects (TTP HPP),program,DOT,FHWA Office of Tribal Transportation,national,federal,,https://highways.dot.gov/federal-lands/tribal/tribal-hpp-program,static HTML page monitor,low,OK,native-exclusive,"federally-recognized-tribe, tribal-government",yes (assumed by program family; not separately verified),no,UNKNOWN,high priority tribal transportation projects,UNKNOWN,UNKNOWN,HTML,no,GovDelivery USDOTFHWA_83,no,Existence verified only as a nav entry on the fetched OTT pages; page not fetched. All program terms UNKNOWN. Next-pass target. [research lane: DOE/EPA/DOT],Tier 3,seed_imported,not_started,NO_REVIEW_REQUIRED,federal_all_customers,NOT_DETERMINED_BY_REGISTRY,NOT_DETERMINED_BY_REGISTRY,monitoring_not_started
USDA-RD-UNNUMBERED-LETTERS-D-C7E2ED,USDA RD Unnumbered Letters / Directives,guidance index,USDA,Rural Development,national,federal,,https://www.rd.usda.gov/resources/directives/unnumbered-letters,static HTML page monitor,medium,TERMS_REVIEW_REQUIRED,medium,tribal-government;tribal-organization,varies,varies,unclear,RD program guidance and implementation instructions,event-driven,weekly-ish,HTML + PDFs,no,yes (GovDelivery),no,Where RD often issues program guidance ahead of formal rule. URL from verified RD nav; not fetched [research lane: USDA/HUD/Commerce],Tier 3,seed_imported,not_started,TERMS_REVIEW_REQUIRED,federal_all_customers,NOT_DETERMINED_BY_REGISTRY,NOT_DETERMINED_BY_REGISTRY,robots_or_terms_risk:TERMS_REVIEW_REQUIRED;monitoring_not_started
PRIV-FNT,First Nations Development Institute Grants,Native_philanthropy,First Nations Development Institute,,United States,private,,https://www.firstnations.org/grantmaking/,email bulletin/manual intake,medium,TERMS_REVIEW_REQUIRED,Very high,Native nonprofits; tribes; Native-led entities; call controls,Varies,Varies,Sometimes allowable depending on call,Food sovereignty; economic development; capacity,Periodic,Monthly,HTML/PDF,No,Yes,Varies,Manual review [research lane: seed-v1],Tier 3,seed_imported,not_started,TERMS_REVIEW_REQUIRED,private_unscoped,NOT_DETERMINED_BY_REGISTRY,NOT_DETERMINED_BY_REGISTRY,robots_or_terms_risk:TERMS_REVIEW_REQUIRED;requires_login:Varies;monitoring_not_started
INDIAN-LAND-TENURE-FOUNDATIO-A153F0,Indian Land Tenure Foundation,native-led private foundation,Indian Land Tenure Foundation,Grants,national,private,,https://iltf.org/grants/,static HTML page monitor,low,OK,"very high, land-scoped","tribal-government (Indian nations), native-nonprofit, nonprofit organizations",UNKNOWN,UNKNOWN,unlikely-allowable,Education; Cultural Awareness; Economic Opportunity; Legal Reform,"letter-of-inquiry driven, no deadlines published - UNKNOWN",rare,HTML,no,UNKNOWN,no,"LOI-gated rather than an open portal, so low yield for automated monitoring. SCRAPER HYGIENE: the footer carries injected SEO spam indicating a compromised WordPress install - sanitize extracted content defensively [research lane: DOI/HHS + SC + philanthropy]",Tier 3,seed_imported,not_started,NO_REVIEW_REQUIRED,private_unscoped,NOT_DETERMINED_BY_REGISTRY,NOT_DETERMINED_BY_REGISTRY,monitoring_not_started
NATIONAL-CONGRESS-OF-AMERICA-E4CCE8,National Congress of American Indians,announcement-only channel and reference data,National Congress of American Indians,NCAI Foundation,national,private,,https://www.ncai.org/news,static HTML page monitor,medium - Next.js on a Sanity CMS backend,OK,"high as an audience, none as a funder",n/a - no competitive grant program verified,n/a,n/a,n/a,"announcements, statements, events, policy resolutions, Youth Commission calls; a separate Contractor Opportunities page which is procurement not grants",n/a,frequent,HTML (Next.js),UNKNOWN - the Sanity CMS backend suggests a queryable content API worth investigating,no RSS verified,no,"ANNOUNCES rather than administers, which is still a legitimate monitorable channel. Separately, its Tribal Directory of federally and state recognized tribes is reference data for NativeForge's eligibility engine, not a funding feed [research lane: DOI/HHS + SC + philanthropy]",Tier 3,seed_imported,not_started,NO_REVIEW_REQUIRED,private_unscoped,NOT_DETERMINED_BY_REGISTRY,NOT_DETERMINED_BY_REGISTRY,monitoring_not_started
NATIVE-ARTS-AND-CULTURES-FOU-499891,Native Arts and Cultures Foundation,native-led arts foundation,Native Arts + Cultures Foundation,Programs,national,private,,https://www.nativeartsandcultures.org/funding-opportunities,static HTML page monitor,low,OK,"very high, arts-scoped","native-individual (artists), native-nonprofit, arts and cultural organizations",no,UNKNOWN,unlikely-allowable,SHIFT Transformative Change and Indigenous Arts; LIFT Early Career Support for Native Artists; Roots + Resonance; Special Projects; Literary Anthology,no open call at fetch; 2026 LIFT awardees announced Aug 5 2026,irregular,HTML (WordPress),no,e-newsletter,no,"NAME uses a plus sign; URL correction - /grant-opportunities 302s to the homepage, use /funding-opportunities. Award amounts are NOT published: UNKNOWN [research lane: DOI/HHS + SC + philanthropy]",Tier 3,seed_imported,not_started,NO_REVIEW_REQUIRED,private_unscoped,NOT_DETERMINED_BY_REGISTRY,NOT_DETERMINED_BY_REGISTRY,monitoring_not_started
NATIVE-CDFI-NETWORK-47714C,Native CDFI Network,"membership and advocacy, announcement only",Native CDFI Network,n/a,national,private,,https://nativecdfi.net/,email bulletin/manual intake,medium,TERMS_REVIEW_REQUIRED,"high as an audience, none as a funder",n/a - not a grantmaker on the available evidence,n/a,n/a,n/a,Policy Action Hub; Leadership Institute; USDA Rural Development e-toolkit; 7th Annual Policy and Capacity-Building Summit Dec 6-9 2026,n/a,frequent,HTML,no,Mailchimp newsletter,yes for member areas,"The fetch emitted the string error: Content is protected - active copy-protection scripting. Use the newsletter, not a scraper [research lane: DOI/HHS + SC + philanthropy]",Tier 3,seed_imported,not_started,TERMS_REVIEW_REQUIRED,private_unscoped,NOT_DETERMINED_BY_REGISTRY,NOT_DETERMINED_BY_REGISTRY,robots_or_terms_risk:TERMS_REVIEW_REQUIRED;requires_login:yes for member areas;monitoring_not_started
PRIV-NDN,NDN Collective grantmaking,Native_philanthropy,NDN Collective,,United States,private,,https://ndncollective.org/grantmaking/,email bulletin/manual intake,medium,TERMS_REVIEW_REQUIRED,Very high,Indigenous-led organizations and movements; call controls,No,Varies,Unclear,Community action and systems change,Periodic,Monthly,HTML/PDF,No,Yes,Varies,Manual review [research lane: seed-v1],Tier 3,seed_imported,not_started,TERMS_REVIEW_REQUIRED,private_unscoped,NOT_DETERMINED_BY_REGISTRY,NOT_DETERMINED_BY_REGISTRY,robots_or_terms_risk:TERMS_REVIEW_REQUIRED;requires_login:Varies;monitoring_not_started
ADVANCE-SC-GRANTS-FOR-STATE-06645F,Advance SC Grants for State Tribes,curated federal link list,SC Commission for Community Advancement and Engagement,Native American Affairs,"SC statewide, links to federal programs",state,SC,https://advance.sc.gov/grants-state-tribes,static HTML page monitor,low,OK,high but MISLEADING - most programs listed require federal recognition,"federally recognized tribes, tribal orgs, BIE schools per page text",mostly YES,no - despite the page title,not stated,"NACTEP, ANA SEDS, ANA EMI, ANA ERE, HUD ICDBG, IHS scholarships and LRP, WIOA Sec 166, Title VII Indian Education, STEP, VA NADL - about 25 federal programs",none published,"very low, appears stale",HTML,no,no,no,"The Commission administers NONE of these and there is no application, deadline, dollar figure, or Commission-administered fund on the page. Title contradicts content. Treat as lead-generation for a human, NOT an opportunity feed to ingest - it would systematically surface programs SC state-recognized-only entities cannot win [research lane: DOI/HHS + SC + philanthropy]",Tier 3,seed_imported,not_started,NO_REVIEW_REQUIRED,state_scoped,NOT_DETERMINED_BY_REGISTRY,NOT_DETERMINED_BY_REGISTRY,monitoring_not_started
CENTRAL-CAROLINA-COMMUNITY-F-9B055A,Central Carolina Community Foundation,community foundation,Central Carolina Community Foundation,Grant Opportunities,"Midlands region, South Carolina",state,SC,https://www.yourfoundation.org/for-nonprofits/grant-opportunities/,static HTML page monitor,low,OK,"low and indirect - eligible as an SC nonprofit, no Native-specific program",native-serving-nonprofit as an in-geography SC nonprofit; 501(c)(3) expected,no,n/a,sometimes-allowable-depends-on-NOFO,competitive grants; scholarship directory; Midlands Gives; community affiliates,per program - not verified,per cycle,HTML (Umbraco),no,Mailchimp newsletter,yes to apply,"Portal vendor VERIFIED as Foundant/grantinterface.com (urlkey=cccfoundation for grants, cccfoundationScholarship for scholarships); fundholders use FC Suite. Founded 1984 [research lane: DOI/HHS + SC + philanthropy]",Tier 3,seed_imported,not_started,TERMS_REVIEW_REQUIRED,state_scoped,NOT_DETERMINED_BY_REGISTRY,NOT_DETERMINED_BY_REGISTRY,requires_login:yes to apply;monitoring_not_started
COASTAL-COMMUNITY-FOUNDATION-A3C252,Coastal Community Foundation of South Carolina,community foundation,Coastal Community Foundation of South Carolina,Competitive Grants,coastal South Carolina (Northern and Southern Lowcountry),state,SC,https://coastalcommunityfoundation.org/competitive-grants/,static HTML page monitor,low,OK,"low and indirect - eligible as an SC nonprofit, no Native-specific program",native-serving-nonprofit as an in-geography SC nonprofit; 501(c)(3) expected,no,n/a,sometimes-allowable-depends-on-NOFO,Northern Lowcountry Grants; Southern Lowcountry Grants; scholarships; Reverend Pinckney Scholars; Tri-County Housing Futures Fund,per program; decisions generally within three months of the deadline,per cycle,HTML,no,monthly Giving News newsletter,yes to apply; portal registration takes up to two business days,"Two features matter for NativeForge's audience: CCF explicitly offers capacity-building programs and technical assistance to the regional nonprofit ecosystem, and it operates FISCAL SPONSORSHIPS - a real path for a Native-serving SC group without its own 501(c)(3). Donor-advised funds are not applicable-for. Portal vendor UNKNOWN [research lane: DOI/HHS + SC + philanthropy]",Tier 3,seed_imported,not_started,TERMS_REVIEW_REQUIRED,state_scoped,NOT_DETERMINED_BY_REGISTRY,NOT_DETERMINED_BY_REGISTRY,requires_login:yes to apply; portal registration takes up to two business d;monitoring_not_started
SC-ARTS-COMMISSION-GRANTS-6AF86B,SC Arts Commission grants,state arts grants,SC Arts Commission,n/a,SC statewide,state,SC,https://www.southcarolinaarts.com/all-grants/,static HTML page monitor,medium,OK,medium - Native cultural and language work is a natural fit,"SC nonprofits, schools, local governments, individual artists - varies",no,UNKNOWN,unlikely-allowable,Arts Project Support and other grant categories,annual cycles,annual,HTML + Foundant portal,no,UNKNOWN,yes to apply - Foundant,"Portal vendor is Foundant (a /all-grants/foundant-login/ path is published), which matters because Foundant and Fluxx adapters cover a disproportionate share of the philanthropic and state-arts field. Not Native-specific [research lane: DOI/HHS + SC + philanthropy]",Tier 3,seed_imported,not_started,TERMS_REVIEW_REQUIRED,state_scoped,NOT_DETERMINED_BY_REGISTRY,NOT_DETERMINED_BY_REGISTRY,requires_login:yes to apply - Foundant;monitoring_not_started
SC-BUSINESS-OPPORTUNITIES-SC-51904C,SC Business Opportunities (SCBO),procurement solicitations - NOT grants,SC State Fiscal Accountability Authority,Division of Procurement Services,SC statewide plus voluntary local,state,SC,https://scbo.sc.gov/,search endpoint monitor,medium - Backdrop CMS,OK,low as funding; MEDIUM as a sales channel into SC agencies,vendors and bidders,no,n/a,IT solicitations are in scope,"goods, services, information technology, construction","continuous, threshold-triggered",daily live database,HTML,no,no,no,"PROCUREMENT not grants - keep it in a separate data stream. Endpoints /online-edition, /search, /notices, /archives. State agencies must advertise above thresholds; local participation is voluntary. Contact scbo@mmo.sc.gov [research lane: DOI/HHS + SC + philanthropy]",Tier 3,seed_imported,not_started,NO_REVIEW_REQUIRED,state_scoped,NOT_DETERMINED_BY_REGISTRY,NOT_DETERMINED_BY_REGISTRY,monitoring_not_started
SC-COMMISSION-ON-HIGHER-EDUC-FA95E9,SC Commission on Higher Education grants,state higher education grants,SC Commission on Higher Education,n/a,SC statewide,state,SC,https://che.sc.gov,static HTML page monitor,low,OK,low-medium,institutions of higher education primarily,no,UNKNOWN,UNKNOWN,EIA grant programs; GEAR UP (page not found at the guessed path),varies,varies,HTML,no,UNKNOWN,no,"/eiagrant verified; the /gearup path returned empty. Institution-oriented, so relevant mainly to a tribal-affiliated program housed at an SC institution [research lane: DOI/HHS + SC + philanthropy]",Tier 3,seed_imported,not_started,NO_REVIEW_REQUIRED,state_scoped,NOT_DETERMINED_BY_REGISTRY,NOT_DETERMINED_BY_REGISTRY,monitoring_not_started
SC-CONSERVATION-BANK-41950D,SC Conservation Bank,state land conservation grants,SC Conservation Bank,n/a,SC statewide,state,SC,https://www.sccbank.sc.gov/,static HTML page monitor,medium,OK,medium - land protection is a common tribal cultural priority,land trusts and eligible conservation partners; an eligibility-verification procedure is published,no,UNKNOWN,unlikely-allowable,conservation easements and fee-simple land protection grants,per application round,moderate,HTML + PDF,no,UNKNOWN,yes - applications at applications.sc.gov/ConservationBank,Note applications.sc.gov/ConservationBank is a login wall. The bare conservationbank.sc.gov host returns empty; use www.sccbank.sc.gov [research lane: DOI/HHS + SC + philanthropy],Tier 3,seed_imported,not_started,TERMS_REVIEW_REQUIRED,state_scoped,NOT_DETERMINED_BY_REGISTRY,NOT_DETERMINED_BY_REGISTRY,requires_login:yes - applications at applications.sc.gov/ConservationBank;monitoring_not_started
SC-DEPARTMENT-OF-INSURANCE-S-82AE60,SC Department of Insurance SC Safe Home,state grant program,SC Department of Insurance,SC Safe Home Program,SC coastal,state,SC,https://doi.sc.gov/,human review only,UNKNOWN,OK,low-medium - individual homeowners,coastal property owners,no,n/a,no,SC Safe Home matching and non-matching hurricane retrofit grants,UNKNOWN,UNKNOWN,UNKNOWN,UNKNOWN,UNKNOWN,UNKNOWN,Referenced by the SCEMD mitigation page; exact program URL not captured. Previously unmapped SC source [research lane: DOI/HHS + SC + philanthropy],Tier 3,seed_imported,not_started,NO_REVIEW_REQUIRED,state_scoped,NOT_DETERMINED_BY_REGISTRY,NOT_DETERMINED_BY_REGISTRY,monitoring_method:human_review_only;monitoring_not_started
SC-DEPT-OF-ADMINISTRATION-MA-69CAE3,SC Dept of Administration Managing Grants,internal state compliance process,SC Department of Administration,Executive Budget Office,SC state agencies only,state,SC,https://www.admin.sc.gov/services/budget/managing-grants,static HTML page monitor,low,OK,low directly; high indirectly as a census of federal money entering SC,state agencies and institutions only,n/a,n/a,n/a,Form GR-100 notification of new federal awards,"continuous, before expending funds",low,"HTML, XLSX form",no,no,no,"NOT a grants portal - it is inward-facing compliance under SC Code 2-65-30, exempting grants under $200,000 and research/student aid. Filings are NOT published: a FOIA target, not a scrape target [research lane: DOI/HHS + SC + philanthropy]",Tier 3,seed_imported,not_started,NO_REVIEW_REQUIRED,state_scoped,NOT_DETERMINED_BY_REGISTRY,NOT_DETERMINED_BY_REGISTRY,monitoring_not_started
SC-FIRST-STEPS-GRANTS-533156,SC First Steps grants,state early childhood grants,SC First Steps,n/a,SC statewide,state,SC,https://www.scfirststeps.org/what-we-do/grants/,static HTML page monitor,low,OK,low-medium,county partnerships and community organizations,no,UNKNOWN,UNKNOWN,early childhood grants,varies,varies,HTML,no,UNKNOWN,no,County-partnership structure means a Native-serving organization would typically partner with a county First Steps partnership rather than apply directly [research lane: DOI/HHS + SC + philanthropy],Tier 3,seed_imported,not_started,NO_REVIEW_REQUIRED,state_scoped,NOT_DETERMINED_BY_REGISTRY,NOT_DETERMINED_BY_REGISTRY,monitoring_not_started
SC-FORESTRY-COMMISSION-GRANT-300D89,SC Forestry Commission grants,state and federal forestry grants,SC Forestry Commission,Urban Forestry; Landowner Services; Stewardship,SC statewide,state,SC,https://www.scfc.gov/management/urban-forestry/urban-forestry-grants/,PDF/NOFO page monitor,low,OK,low-medium,"local governments, nonprofits, landowners - varies",no,UNKNOWN,UNKNOWN,Urban and Community Forestry grants; Hurricane Supplemental NOFO; cost-share programs; Hurricane Helene Timber Block Grant,varies,varies,HTML + PDF,no,UNKNOWN,no,"Verified NOFO PDFs published on-site. Relevant to Native-serving nonprofits doing land, cultural-plant or forestry work in SC [research lane: DOI/HHS + SC + philanthropy]",Tier 3,seed_imported,not_started,NO_REVIEW_REQUIRED,state_scoped,NOT_DETERMINED_BY_REGISTRY,NOT_DETERMINED_BY_REGISTRY,monitoring_not_started
SC-OFFICE-OF-THE-STATE-AUDIT-EC9455,SC Office of the State Auditor,audit reports,SC Office of the State Auditor,"State Agency, Medicaid and Internal Audit divisions",SC statewide,state,SC,https://osa.sc.gov/,PDF/NOFO page monitor,medium - PDF mining,OK,low,n/a,n/a,n/a,n/a,"agency financial statements, court engagements, internal audits",n/a,irregular,"HTML, PDF",no,no,employee login only,"NEGATIVE FINDING: no single-audit resource page, no Uniform Guidance guidance and no subrecipient-monitoring resource exists in navigation - only /reports/, /court-reports/ and /internal-reports/. SEFA schedules inside agency PDFs are mineable but heavy [research lane: DOI/HHS + SC + philanthropy]",Tier 3,seed_imported,not_started,TERMS_REVIEW_REQUIRED,state_scoped,NOT_DETERMINED_BY_REGISTRY,NOT_DETERMINED_BY_REGISTRY,requires_login:employee login only;monitoring_not_started
SC-RURAL-INFRASTRUCTURE-AUTH-485AB5,SC Rural Infrastructure Authority,state infrastructure funding,SC Rural Infrastructure Authority,n/a,"SC statewide, rural",state,SC,https://ria.sc.gov/loans/,static HTML page monitor,low,OK,medium - local-government oriented,units of local government and utilities primarily - UNKNOWN for nonprofits,no,UNKNOWN,UNKNOWN,SRF-adjacent infrastructure loans and grants; published Funding Resources 2026 and 2026 SRF info sheet PDFs,varies,moderate,HTML + PDF,no,UNKNOWN,no,Publishes a consolidated Funding Resources guide that doubles as an SC funder map. Also publishes an FY27 Program Strategy PDF that was not fetched [research lane: DOI/HHS + SC + philanthropy],Tier 3,seed_imported,not_started,NO_REVIEW_REQUIRED,state_scoped,NOT_DETERMINED_BY_REGISTRY,NOT_DETERMINED_BY_REGISTRY,monitoring_not_started
SC-STATE-CLEARINGHOUSE-INTER-EBF26A,SC State Clearinghouse Intergovernmental Review,E.O. 12372 SPOC review,SC Department of Administration,Executive Budget Office,SC statewide,state,SC,https://www.admin.sc.gov/services/budget/state-clearinghouse-intergovernmental-review,human review only,UNKNOWN - not fetched,OK,medium - a potential early-warning signal of federal applications entering SC,applicants subject to E.O. 12372 review,no,UNKNOWN,n/a,E.O. 12372 intergovernmental review,per application,UNKNOWN,UNKNOWN,UNKNOWN,UNKNOWN,UNKNOWN - described as an automated system,"NOT FETCHED. Reviews applications, does not advertise opportunities. Worth one follow-up fetch. Note DOJ CTAS Purpose Area 1 expressly triggers E.O. 12372, so this office sits in the CTAS path for SC applicants [research lane: DOI/HHS + SC + philanthropy]",Tier 3,seed_imported,not_started,NO_REVIEW_REQUIRED,state_scoped,NOT_DETERMINED_BY_REGISTRY,NOT_DETERMINED_BY_REGISTRY,monitoring_method:human_review_only;monitoring_not_started
APEX-ACCELERATORS-EC80CE,APEX Accelerators,program - administrator UNKNOWN,UNKNOWN,UNKNOWN,federal,federal,,https://www.apexaccelerators.us/,human review only,high,OK,medium,UNKNOWN,UNKNOWN,UNKNOWN,unclear,procurement technical assistance to small businesses,UNKNOWN,UNKNOWN,JS app - no server-rendered content,no,no,no,CURRENT ADMINISTRATOR NOT VERIFIED. Site returned only a title tag and an empty body - it is a client-side JS application. Do NOT state that SBA administers APEX; nothing fetched supports it and nothing contradicts it. Requires a rendered fetch or a DoD-side source. [research lane: DOJ/DHS/ED/DOL/SBA],Tier 4,seed_imported,not_started,NO_REVIEW_REQUIRED,federal_all_customers,NOT_DETERMINED_BY_REGISTRY,NOT_DETERMINED_BY_REGISTRY,monitoring_method:human_review_only;monitoring_not_started
BUILDING-RESILIENT-INFRASTRU-5525F1,Building Resilient Infrastructure and Communities (BRIC),grant program - status UNKNOWN,DHS,FEMA (Hazard Mitigation Assistance),federal,federal,,https://www.fema.gov/grants/mitigation/building-resilient-infrastructure-communities,human review only,high,OK,high,tribal-government;state-or-local-govt-serving-natives,UNKNOWN,UNKNOWN,unclear,Tribal Set-Aside; Tribal Building Code Plus-Up; National Competition; BRIC DTA,UNKNOWN,UNKNOWN,HTML,no,no,no,"STATUS UNKNOWN - reporting exactly what the page says. Page describes BRIC in present tense but its newest content is FY23 selections announced 2024-07-02 (~$1B, incl. Tribal Set-Aside and Tribal Building Code Plus-Up, 93 BRIC DTA communities). Page does NOT announce a current competition and does NOT state termination. Do not place in MVP on an assumption of activity. BRIC DTA needs no prior award and no approved mitigation plan. [research lane: DOJ/DHS/ED/DOL/SBA]",Tier 4,seed_imported,not_started,NO_REVIEW_REQUIRED,federal_all_customers,NOT_DETERMINED_BY_REGISTRY,NOT_DETERMINED_BY_REGISTRY,monitoring_method:human_review_only;monitoring_not_started
CMS-TRIBAL-AFFAIRS-8AC2C9,CMS tribal affairs,agency landing page,HHS,Centers for Medicare and Medicaid Services,federal,federal,,https://www.cms.gov/about-cms/agency-information/aian,human review only,high,HUMAN_REVIEW_ONLY,native-priority,UNKNOWN,UNKNOWN,UNKNOWN,unclear,UNKNOWN,UNKNOWN,UNKNOWN,UNKNOWN,UNKNOWN,UNKNOWN,UNKNOWN,"COVERAGE GAP - returned an empty body on every path attempted. CMS tribal work is largely REIMBURSEMENT policy (IHS/638 encounter rates, 100% FMAP), not grantmaking; classify as non-grant until a working path is verified [research lane: DOI/HHS + SC + philanthropy]",Tier 4,seed_imported,not_started,HUMAN_REVIEW_ONLY,federal_all_customers,NOT_DETERMINED_BY_REGISTRY,NOT_DETERMINED_BY_REGISTRY,robots_or_terms_risk:HUMAN_REVIEW_ONLY;monitoring_method:human_review_only;monitoring_not_started
COMMERCE-MBDA-NOAA-NATIVE-PR-4EDDDF,Commerce MBDA + NOAA Native programs,agency program set,Commerce,MBDA; NOAA,national,federal,,UNKNOWN - not verified,human review only,UNKNOWN,TERMS_REVIEW_REQUIRED,UNKNOWN,UNKNOWN,UNKNOWN,UNKNOWN,unclear,MBDA Native American Business (UNVERIFIED); NOAA tribal programs (UNVERIFIED),UNKNOWN,UNKNOWN,UNKNOWN,no,UNKNOWN,UNKNOWN,"NOT REACHED - lowest brief priority (tier 8), budget exhausted. Nothing verified, nothing asserted [research lane: USDA/HUD/Commerce]",Tier 4,seed_imported,not_started,TERMS_REVIEW_REQUIRED,federal_all_customers,NOT_DETERMINED_BY_REGISTRY,NOT_DETERMINED_BY_REGISTRY,robots_or_terms_risk:TERMS_REVIEW_REQUIRED;monitoring_method:human_review_only;monitoring_not_started
DOE-GRID-DEPLOYMENT-OFFICE-B45579,DOE Grid Deployment Office,agency landing page,DOE,Grid Deployment Office,national,federal,,https://www.energy.gov/gdo/grid-deployment-office,static HTML page monitor,med,OK,tribal-eligible,UNKNOWN,UNKNOWN,UNKNOWN,UNKNOWN,Grid Resilience State and Tribal Formula Grants (40101(d)) — historical; GRIP competitive — status unverified,UNKNOWN,page is STALE (all news items 2022),HTML,no,no,no,"STATUS UNKNOWN FOR 2026 — do not represent 40101(d) tribal allocation or GRIP as active or inactive. Page confirms the program existed: news item ""Grid Deployment Office's State and Tribal Formula Grid Resilience Grants Application Deadline Extended through March 31, 2023"" (FY22 cycle), and GDO's mission text names ""Tribal, urban, and rural communities."" BOTH /gdo/grid-resilience-state-and-tribal-formula-grants AND /gdo/funding-opportunities returned EMPTY — URL discovery required. Leadership listed (Maria Robinson, Patricia Hoffman) may also be stale. [research lane: DOE/EPA/DOT]",Tier 4,seed_imported,not_started,NO_REVIEW_REQUIRED,federal_all_customers,NOT_DETERMINED_BY_REGISTRY,NOT_DETERMINED_BY_REGISTRY,monitoring_not_started
DOI-BUREAU-OF-TRUST-FUNDS-AD-BBF582,DOI Bureau of Trust Funds Administration,agency landing page,DOI,Bureau of Trust Funds Administration,federal,federal,,https://www.bia.gov/btfa,human review only,low,OK,native-exclusive,n/a,n/a,n/a,unlikely-allowable,none verified,n/a,UNKNOWN,HTML,no,no,no,"Organization exists (link verified in the bia.gov footer) but NO funding-relevant page was found. BTFA is trust fund accounting, not grantmaking. Watchlist only [research lane: DOI/HHS + SC + philanthropy]",Tier 4,seed_imported,not_started,NO_REVIEW_REQUIRED,federal_all_customers,NOT_DETERMINED_BY_REGISTRY,NOT_DETERMINED_BY_REGISTRY,monitoring_method:human_review_only;monitoring_not_started
DOJ-TRIBAL-FUNDING-DIRECTORY-BE8B52,DOJ Tribal Funding Directory,reference index,DOJ,OJP/COPS/OVW,federal,federal,,https://www.ojp.gov/tribal-funding-directory,static HTML page monitor,low,OK,very high,federally-recognized-tribe;tribal-government;tribal-organization;native-nonprofit,varies,varies,sometimes-allowable-depends-on-NOFO,catalog of all DOJ discretionary+formula programs tribes may access,infrequent,HTML,no,no,no,Single-page catalog of every DOJ tribal-eligible program with descriptions and links; built under E.O. 14053. Excellent seed list for the program registry; poor for deadline monitoring.,2 [research lane: DOJ/DHS/ED/DOL/SBA],Tier 4,seed_imported,not_started,TERMS_REVIEW_REQUIRED,federal_all_customers,NOT_DETERMINED_BY_REGISTRY,NOT_DETERMINED_BY_REGISTRY,requires_login:Single-page catalog of every DOJ tribal-eligible program wit;monitoring_not_started
DOJ-TRIBAL-JUSTICE-AND-SAFET-4F1E15,DOJ Tribal Justice and Safety,agency portal,DOJ,Office of Tribal Justice,federal,federal,,https://www.justice.gov/tribal,static HTML page monitor,low,OK,very high,federally-recognized-tribe;tribal-government,yes,no,unclear,CTAS gateway; TAP; MMIP; consultations,continuous; consultation notices ad hoc,HTML (Drupal 11),no,email bulletin (GovDelivery USDOJ),no,Carries Bureau of Justice Grants consolidation notice: COPS+OJP+OVW merging. Highest-value change signal in scope. article:modified_time meta field usable for change detection.,1 [research lane: DOJ/DHS/ED/DOL/SBA],Tier 4,seed_imported,not_started,TERMS_REVIEW_REQUIRED,federal_all_customers,NOT_DETERMINED_BY_REGISTRY,NOT_DETERMINED_BY_REGISTRY,requires_login:Carries Bureau of Justice Grants consolidation notice: COPS+;monitoring_not_started
DOT-RESOURCES-FOR-TRIBES-AND-B17823,DOT Resources for Tribes and Tribal Governments,agency landing page,DOT,Office of the Secretary / Intergovernmental Affairs,national,federal,,https://www.transportation.gov/tribal,human review only,low,OK,native-exclusive,n/a,n/a,n/a,n/a,(none),none,"ABANDONED — ""Last updated: Friday, January 20, 2017""",HTML,no,no,no,"DOT's own department-level tribal portal is nine years stale: content is 2009–2010 era (Tribal Consultation Presidential Memorandum, EO 13175, 2010 progress report), links point to dead dot.dev paths and the retired flh.fhwa.dot.gov/programs/ttp/. Only current value: Senior Accountable Official Anthony Bedell (Deputy Assistant Secretary for Intergovernmental Affairs) and tribalconsultation@dot.gov. Do NOT use as a coverage anchor. [research lane: DOE/EPA/DOT]",Tier 4,seed_imported,not_started,NO_REVIEW_REQUIRED,federal_all_customers,NOT_DETERMINED_BY_REGISTRY,NOT_DETERMINED_BY_REGISTRY,monitoring_method:human_review_only;monitoring_not_started
ELECTRONIC-TRIBAL-TRANSPORTA-987047,Electronic Tribal Transportation Improvement Program (e-TTIP),data system,DOT,FHWA Office of Tribal Transportation,national,federal,,https://highways.dot.gov/federal-lands/federal-lands/tribal/electronic-tribal-transportation-improvement-program-e-ttip,human review only,high,TERMS_REVIEW_REQUIRED,native-exclusive,"federally-recognized-tribe, tribal-government",yes,no,n/a,TTIP/STIP programming,n/a,UNKNOWN,UNKNOWN,UNKNOWN,likely,Government system of record for tribal transportation programming — competitive/adjacent to NativeForge's problem space and worth studying. Note the URL as emitted contains a doubled path segment (/federal-lands/federal-lands/) — verify before storing. Not fetched.,4 [research lane: DOE/EPA/DOT],Tier 4,seed_imported,not_started,TERMS_REVIEW_REQUIRED,federal_all_customers,NOT_DETERMINED_BY_REGISTRY,NOT_DETERMINED_BY_REGISTRY,robots_or_terms_risk:TERMS_REVIEW_REQUIRED;requires_login:Government system of record for tribal transportation progra;monitoring_method:human_review_only;monitoring_not_started
EPA-ENVIRONMENTAL-JUSTICE-GR-0380CA,EPA Environmental Justice grants,program,EPA,Office of Environmental Justice (status uncertain),national,federal,,https://www.epa.gov/environmentaljustice,human review only,n/a,HUMAN_REVIEW_ONLY,tribal-eligible historically,UNKNOWN,UNKNOWN,UNKNOWN,unclear,(none currently listed),"none — no current NOFO, deadline, or program listed",n/a,HTML (stripped legacy page),no,EJ Listserv still offered,no,"STATUS: verified-terminated-or-removed as a monitorable grant source, on two fetches: (1) /environmentaljustice/environmental-justice-grants-funding-and-technical-assistance returned an EMPTY body; (2) /environmentaljustice returns a de-templated legacy page banner-ing ""We've made some changes to… you may be able to find it on the EPA Web Archive or the January 19, 2017 Web Snapshot,"" whose newest substantive content is the FY17 EJ progress report, listing NO current grant program. I make no claim about the specific legal/administrative action. DO NOT carry EJ grants in the active coverage map. Link-rot cleanup needed: the stale EPA tribal-air page still links here as ""EPA Environmental Justice Grants."" [research lane: DOE/EPA/DOT]",Tier 4,seed_imported,not_started,HUMAN_REVIEW_ONLY,federal_all_customers,NOT_DETERMINED_BY_REGISTRY,NOT_DETERMINED_BY_REGISTRY,robots_or_terms_risk:HUMAN_REVIEW_ONLY;monitoring_method:human_review_only;monitoring_not_started
EPA-TRIBAL-AIR-ANNOUNCEMENTS-979F65,EPA Tribal Air Announcements/Funding page,funding index,EPA,Office of Air and Radiation,national,federal,,https://www.epa.gov/tribal-air/tribal-air-announcements-training-funding-and-other-opportunities,human review only,low,OK,native-exclusive,"federally-recognized-tribe, tribal-government",UNKNOWN,UNKNOWN,unclear,"(links out to GAP, EJ [dead], STEM, DOE Indian Energy, Grants.gov)",none,STALE — last updated 2025-08-20,HTML,no,no,no,"Despite the title, not a usable opportunity feed: a year stale, and it still links epa.gov/environmentaljustice as ""EPA Environmental Justice Grants"" (now a dead end). Useful only as a source of partner/training links (ITEP, CMAS, forgreenheat.org). Deprioritize. [research lane: DOE/EPA/DOT]",Tier 4,seed_imported,not_started,NO_REVIEW_REQUIRED,federal_all_customers,NOT_DETERMINED_BY_REGISTRY,NOT_DETERMINED_BY_REGISTRY,monitoring_method:human_review_only;monitoring_not_started
FEMA-GRANTS-ROOT-8EBB51,FEMA Grants (root),agency portal,DHS,FEMA,federal,federal,,https://www.fema.gov/grants,human review only,high,OK,medium,tribal-government;state-or-local-govt-serving-natives,varies,varies,unclear,HSGP; THSGP; HMGP; BRIC; AFG,UNKNOWN,UNKNOWN,HTML (degraded render),no,no,no,"FETCH RETURNED A NEAR-EMPTY STUB with newest item a 2014 press release, ""Last Updated: 08/04/2014."" Do not scrape. Use Grants.gov as primary for all FEMA NOFOs and a headless browser for fema.gov if needed. [research lane: DOJ/DHS/ED/DOL/SBA]",Tier 4,seed_imported,not_started,NO_REVIEW_REQUIRED,federal_all_customers,NOT_DETERMINED_BY_REGISTRY,NOT_DETERMINED_BY_REGISTRY,monitoring_method:human_review_only;monitoring_not_started
FLOOD-MITIGATION-ASSISTANCE-AC5C7F,Flood Mitigation Assistance (FMA),grant program,DHS,FEMA (Hazard Mitigation Assistance),federal,federal,,https://www.fema.gov/grants/mitigation/floods,human review only,high,OK,UNKNOWN,UNKNOWN,UNKNOWN,UNKNOWN,unclear,UNKNOWN,UNKNOWN,UNKNOWN,UNKNOWN,no,no,no,"NOT FETCHED - listed for completeness only. All fields UNKNOWN. URL is the expected path, not verified. [research lane: DOJ/DHS/ED/DOL/SBA]",Tier 4,seed_imported,not_started,NO_REVIEW_REQUIRED,federal_all_customers,NOT_DETERMINED_BY_REGISTRY,NOT_DETERMINED_BY_REGISTRY,monitoring_method:human_review_only;monitoring_not_started
GRANTS-GOV-SYSTEM-TO-SYSTEM-AB3A7C,Grants.gov System-to-System (SOAP),soap_ws,HHS,Grants.gov PMO,federal,federal,,https://www.grants.gov/system-to-system,human review only,high,TERMS_REVIEW_REQUIRED,low,NA,NA,NA,UNKNOWN,NA,NA,NA,SOAP_XML_WSDL,yes,yes_listserv,yes_certificates,applicant+grantor tracks; certificate enrollment; oriented to apply/post not discover; subscribe to listserv for breaking-change notice [research lane: API/monitoring layer],Tier 4,seed_imported,not_started,TERMS_REVIEW_REQUIRED,federal_all_customers,NOT_DETERMINED_BY_REGISTRY,NOT_DETERMINED_BY_REGISTRY,robots_or_terms_risk:TERMS_REVIEW_REQUIRED;requires_login:yes_certificates;monitoring_method:human_review_only;monitoring_not_started
HHS-ANA-PROGRAMS-A641B0,HHS ANA Programs,program-page,HHS,ACF / Administration for Native Americans,federal,federal,,https://www.acf.hhs.gov/ana/programs,human review only,HIGH,TERMS_REVIEW_REQUIRED,high,"tribe, tribal-org, native-nonprofit (presumed)",UNKNOWN,UNKNOWN,sometimes-allowable-depends-on-NOFO,"SEDS, Native Languages, ERE",UNKNOWN,UNKNOWN — site serves stale content,HTML (degraded),no,no,no,"LOW CONFIDENCE — DO NOT SHIP ANA RULES ON THIS PASS. /ana/about served a COVID banner, ""Last Reviewed: July 10, 2018,"" and a former Commissioner in the present tense. Six ANA URLs returned empty. robots.txt EMPTY (absence is not permission). ""Native Language P&M"" and ""Esther Martinez Immersion"" COULD NOT BE VERIFIED as current program names. Research/evaluation angle is weak-to-none — ANA is a PLANNING/CAPACITY funder, relevant to Part B more than Part A. Regulation 45 CFR 1336 IS verified (see Part B). [research lane: Research funding]",Tier 4,seed_imported,not_started,TERMS_REVIEW_REQUIRED,federal_all_customers,NOT_DETERMINED_BY_REGISTRY,NOT_DETERMINED_BY_REGISTRY,robots_or_terms_risk:TERMS_REVIEW_REQUIRED;monitoring_method:human_review_only;monitoring_not_started
HUD-DEAD-LEGACY-PATHS-NEGATI-F77A25,HUD dead legacy paths (negative control),DO-NOT-USE registry,HUD,PIH/ONAP,national,federal,,https://www.hud.gov/program_offices/public_indian_housing/ih,human review only,n/a,HUMAN_REVIEW_ONLY,n/a,n/a,n/a,n/a,unclear,n/a,n/a,never,"HTML shell, zero body content",no,no,no,"RECORD AS KNOWN-DEAD so no monitor is ever pointed here. Returns HTTP 200 + valid skeleton + NO content; title prefixed ""25red-"". Same for /ih/codetalk. Silent-false-negative trap [research lane: USDA/HUD/Commerce]",Tier 4,seed_imported,not_started,HUMAN_REVIEW_ONLY,federal_all_customers,NOT_DETERMINED_BY_REGISTRY,NOT_DETERMINED_BY_REGISTRY,robots_or_terms_risk:HUMAN_REVIEW_ONLY;monitoring_method:human_review_only;monitoring_not_started
HUD-ONAP-CODETALK-660255,HUD ONAP / Codetalk,html_broken,HUD,Office of Native American Programs,federal,federal,,https://www.hud.gov/program_offices/public_indian_housing/ih,human review only,very_high,TERMS_REVIEW_REQUIRED,very_high,NA,UNKNOWN,UNKNOWN,UNKNOWN,Indian Housing Block Grant (program pages unreachable),UNKNOWN,UNKNOWN,HTML_broken,no,no,no,BROKEN: 200 with NO body content; titles returned as '25red-Indian Housing' and '25red-ONAP' with blank meta-description = half-migrated CMS; DO NOT build ingest here; hud.gov robots names ClaudeBot/GPTBot/CCBot with Disallow: / and asserts ai-train=no as a condition of access; REAL COVERAGE GAP for tribal housing [research lane: API/monitoring layer],Tier 4,seed_imported,not_started,TERMS_REVIEW_REQUIRED,federal_all_customers,NOT_DETERMINED_BY_REGISTRY,NOT_DETERMINED_BY_REGISTRY,robots_or_terms_risk:TERMS_REVIEW_REQUIRED;monitoring_method:human_review_only;monitoring_not_started
IHS-HEALTH-IT-MODERNIZATION-35151C,IHS Health IT Modernization Program,agency landing page,HHS,Indian Health Service,federal,federal,,https://www.ihs.gov/aboutihs/health-it-modernization-program/,human review only,med,OK,native-exclusive,n/a,n/a,n/a,unlikely-allowable,IHS EHR replacement,n/a,UNKNOWN,HTML,no,no,no,"Agency-side IT procurement, NOT a grantee funding stream. Monitor for competitive and market intelligence only [research lane: DOI/HHS + SC + philanthropy]",Tier 4,seed_imported,not_started,NO_REVIEW_REQUIRED,federal_all_customers,NOT_DETERMINED_BY_REGISTRY,NOT_DETERMINED_BY_REGISTRY,monitoring_method:human_review_only;monitoring_not_started
NASA-MUREP-1AA690,NASA MUREP,program-page,NASA,Office of STEM Engagement,federal,federal,,https://www.nasa.gov/learning-resources/minority-university-research-education-project/,static HTML page monitor,low-medium,OK,low-medium,ihe on the DoE OPE MSI list,NO (MSI/OPE thresholds instead),n/a,unclear,"ACEIR, ESSR, M-STAR, MIRO, MCA",no MUREP NOFO currently forecast,updated Jun 22 2026,HTML,no,no,no (NSPIRES login to apply),NO TRIBAL/TCU-SPECIFIC ELEMENT FOUND. The five current elements are enumerated and MAIANSE is NOT among them — it survives only in image alt-text describing a past award. TREAT MAIANSE AS UNVERIFIED / LIKELY DISCONTINUED; do not list as live. Tribes-as-governments and Native nonprofits are not listed as eligible. MSI list at msiexchange.nasa.gov/msilist. [research lane: Research funding],Tier 4,seed_imported,not_started,TERMS_REVIEW_REQUIRED,federal_all_customers,NOT_DETERMINED_BY_REGISTRY,NOT_DETERMINED_BY_REGISTRY,requires_login:no (NSPIRES login to apply);monitoring_not_started
NASA-NSPIRES-4CE005,NASA NSPIRES,html_table_session,NASA,Science Mission Directorate,federal,federal,,https://nspires.nasaprs.com/external/,human review only,high,TERMS_REVIEW_REQUIRED,low,UNKNOWN,UNKNOWN,UNKNOWN,unclear,ROSES-type solicitations,NOI due + Proposal due,UNRELIABLE — 2024-dated rows on a 2026 fetch,HTML+PDF,no,no,no_to_view_yes_to_submit,"CONFLICTING EVIDENCE ACROSS TWO FETCHES: one pass got HTTP 200 with EMPTY BODIES on three URLs; another retrieved the solicitation table. So: no login needed to browse, but the app is session-dependent and unreliable to a plain fetcher, AND every row returned was stale. robots.txt returned an EMPTY FILE — no directives, but absence is not consent. RECOMMENDATION: Grants.gov primary, forecast table secondary, headless browser only if business-critical. [research lane: API/monitoring layer; Research funding]",Tier 4,seed_imported,not_started,TERMS_REVIEW_REQUIRED,federal_all_customers,NOT_DETERMINED_BY_REGISTRY,NOT_DETERMINED_BY_REGISTRY,robots_or_terms_risk:TERMS_REVIEW_REQUIRED;requires_login:no_to_view_yes_to_submit;monitoring_method:human_review_only;monitoring_not_started
NSF-EPSCOR-581817,NSF EPSCoR,initiative-page,NSF,OIA,28 named jurisdictions,federal,,https://www.nsf.gov/funding/initiatives/epscor,static HTML page monitor,medium,TERMS_REVIEW_REQUIRED,medium,UNKNOWN — governed by sub-solicitations,n/a (jurisdictional test),n/a,likely-allowable,"E-CORE, E-RISE, RII Track-1/2/4, EGFP (NSF 24-588)",UNKNOWN,active,HTML,no,yes (EPSCoR-specific GovDelivery list),no,"ELIGIBILITY IS JURISDICTIONAL, NOT TRIBAL — 28 eligible jurisdictions named (AL AK AR DE GU HI ID IA KS KY LA ME MS MT NE NV NH NM ND OK PR RI SC SD VT VI WV WY). A Tribe's eligibility depends on GEOGRAPHY, not status. Whether Tribes/TCUs may apply directly is NOT stated — UNKNOWN, set by each sub-solicitation (none of which could be fetched). [research lane: Research funding]",Tier 4,seed_imported,not_started,TERMS_REVIEW_REQUIRED,federal_all_customers,NOT_DETERMINED_BY_REGISTRY,NOT_DETERMINED_BY_REGISTRY,robots_or_terms_risk:TERMS_REVIEW_REQUIRED;monitoring_not_started
NSF-FUNDING-OPPORTUNITIES-PA-998D8E,NSF Funding Opportunities page,web_spa,NSF,NSF,federal,federal,,https://www.nsf.gov/funding/opportunities,human review only,very_high,TERMS_REVIEW_REQUIRED,medium,NA,NA,NA,UNKNOWN,NA,per_solicitation,UNKNOWN,HTML_SPA,no,no,no,returned empty shell - JS app requiring browser automation; NO NSF funding-opportunity API and NO NSF opportunity RSS found on any page fetched [research lane: API/monitoring layer],Tier 4,seed_imported,not_started,TERMS_REVIEW_REQUIRED,federal_all_customers,NOT_DETERMINED_BY_REGISTRY,NOT_DETERMINED_BY_REGISTRY,robots_or_terms_risk:TERMS_REVIEW_REQUIRED;monitoring_method:human_review_only;monitoring_not_started
NTIA-BEAD-PROGRAM-ED271A,NTIA BEAD Program,program page,Commerce,NTIA,states/territories (Tribes via subgrant),federal,,https://www.internetforall.gov/program/broadband-equity-access-and-deployment-bead-program,human review only,high,HUMAN_REVIEW_ONLY,low-direct / high-indirect,state-or-local-govt-serving-natives;consortium-with-tribal-partner,n/a - Tribes are NOT eligible entities,n/a,sometimes-allowable-depends-on-NOFO,BEAD $42.45B across 56 Eligible Entities,"STALE - ""Status: Planning Grants Awarded""; latest internal date Dec 2023; FAQ ""Updated 11-9-2023""",STALE - no trace of 2025 restructuring,HTML,no,no,no,"STRUCTURAL FINDING: only 50 states+DC+PR+VI+Guam+AS+CNMI may apply. Tribes participate via mandated coordination + subgrantee selection. Treat as STATE PASS-THROUGH watchlist, not direct tribal opportunity [research lane: USDA/HUD/Commerce]",Tier 4,seed_imported,not_started,HUMAN_REVIEW_ONLY,federal_all_customers,NOT_DETERMINED_BY_REGISTRY,NOT_DETERMINED_BY_REGISTRY,robots_or_terms_risk:HUMAN_REVIEW_ONLY;monitoring_method:human_review_only;monitoring_not_started
NTIA-DIGITAL-EQUITY-ACT-NATI-8F3DB2,NTIA Digital Equity Act - Native Entity Capacity & Planning,program (status uncertain),Commerce,NTIA,national,federal,,https://www.ntia.gov/funding-programs,human review only,high,HUMAN_REVIEW_ONLY,exclusive (as designed),federally-recognized-tribe;tribal-government;tribal-organization;native-serving-nonprofit,UNKNOWN,UNKNOWN,unclear,"""State Digital Equity Capacity Grant Program: Native Entities"" - first Native set-aside from DE Capacity+Planning programs",UNKNOWN,UNKNOWN,HTML,no,no,no,STATUS AS OF 2026 = UNKNOWN. Digital Equity Act programs were subject to 2025 termination/restructuring; fetched pages neither confirm nor deny. FLAG PROMINENTLY - do not present as available [research lane: USDA/HUD/Commerce],Tier 4,seed_imported,not_started,HUMAN_REVIEW_ONLY,federal_all_customers,NOT_DETERMINED_BY_REGISTRY,NOT_DETERMINED_BY_REGISTRY,robots_or_terms_risk:HUMAN_REVIEW_ONLY;monitoring_method:human_review_only;monitoring_not_started
OJP-CURRENT-FUNDING-OPPORTUN-6978DC,OJP Current Funding Opportunities,funding list page,DOJ,Office of Justice Programs,federal,federal,,https://www.ojp.gov/funding/explore/current-funding-opportunities,static HTML page monitor,low,OK,high,federally-recognized-tribe;tribal-government;tribal-organization;native-nonprofit;state-or-local-govt-serving-natives,varies by program,varies,sometimes-allowable-depends-on-NOFO,CTAS; JAG; OVC trafficking programs,rolling; page shows Date Modified,"HTML (Drupal 10, server-rendered)",no,email (ojp.gov/subscribe),no,"Server-rendered, NOT a JS app. No search/filter API endpoint found. Dual Grants.gov+JustGrants deadlines in HTML. NOFO PDFs at ojp.gov/funding/docs/<opp-id>.pdf. Past-opportunities sibling page exists.",1 [research lane: DOJ/DHS/ED/DOL/SBA],Tier 4,seed_imported,not_started,TERMS_REVIEW_REQUIRED,federal_all_customers,NOT_DETERMINED_BY_REGISTRY,NOT_DETERMINED_BY_REGISTRY,"requires_login:Server-rendered, NOT a JS app. No search/filter API endpoint;monitoring_not_started"
SAM-GOV-DATA-SERVICES-PORTAL-2A4BE2,SAM.gov Data Services portal,web_spa,GSA,SAM.gov,federal,federal,,https://sam.gov/data-services,human review only,very_high,TERMS_REVIEW_REQUIRED,medium,NA,NA,NA,UNKNOWN,NA,NA,UNKNOWN,HTML_SPA,no,no,no,"TESTED: returned only a GTM fragment, zero content - Angular SPA, unusable statically; terms explicitly prohibit scraping tools [research lane: API/monitoring layer]",Tier 4,seed_imported,not_started,TERMS_REVIEW_REQUIRED,federal_all_customers,NOT_DETERMINED_BY_REGISTRY,NOT_DETERMINED_BY_REGISTRY,robots_or_terms_risk:TERMS_REVIEW_REQUIRED;monitoring_method:human_review_only;monitoring_not_started
SBA-7-J-MANAGEMENT-AND-TECHN-A084FA,SBA 7(j) Management and Technical Assistance,program - status UNKNOWN,SBA,Office of Government Contracting and Business Development,federal,federal,,https://www.sba.gov/federal-contracting/contracting-assistance-programs/7j-management-and-technical-assistance-program,human review only,UNKNOWN,TERMS_REVIEW_REQUIRED,UNKNOWN,UNKNOWN,UNKNOWN,UNKNOWN,unclear,UNKNOWN,UNKNOWN,UNKNOWN,none returned,no,no,no,FETCH RETURNED AN EMPTY BODY - URL appears dead after the WordPress migration. 7(j) is NOT mentioned anywhere on the SBA grants page or the ONAA page. STATUS UNKNOWN - do not list as verified active. [research lane: DOJ/DHS/ED/DOL/SBA],Tier 4,seed_imported,not_started,TERMS_REVIEW_REQUIRED,federal_all_customers,NOT_DETERMINED_BY_REGISTRY,NOT_DETERMINED_BY_REGISTRY,robots_or_terms_risk:TERMS_REVIEW_REQUIRED;monitoring_method:human_review_only;monitoring_not_started
STATE-AND-LOCAL-CYBERSECURIT-17C7B2,State and Local Cybersecurity Grant Program (SLCGP),grant program - status UNKNOWN,DHS,FEMA / CISA,federal to states,federal,,https://www.fema.gov/grants/preparedness/state-local-cybersecurity,human review only,high,OK,UNKNOWN,UNKNOWN,UNKNOWN,UNKNOWN,unclear,UNKNOWN,UNKNOWN,UNKNOWN,none returned,no,no,no,FETCH RETURNED A COMPLETELY EMPTY BODY. STATUS UNKNOWN. Same caution as TCGP. [research lane: DOJ/DHS/ED/DOL/SBA],Tier 4,seed_imported,not_started,NO_REVIEW_REQUIRED,federal_all_customers,NOT_DETERMINED_BY_REGISTRY,NOT_DETERMINED_BY_REGISTRY,monitoring_method:human_review_only;monitoring_not_started
TRIBAL-CYBERSECURITY-GRANT-P-0C67C6,Tribal Cybersecurity Grant Program,grant program - status UNKNOWN,DHS,FEMA / CISA,federal,federal,,https://www.fema.gov/grants/preparedness/tribal-cybersecurity,human review only,high,OK,very high (if active),UNKNOWN,UNKNOWN,UNKNOWN,unclear,UNKNOWN,UNKNOWN,UNKNOWN,none returned,no,no,no,"FETCH RETURNED A COMPLETELY EMPTY BODY. Cannot confirm active, terminated, or relocated. STATUS UNKNOWN. Re-verify via Grants.gov or rendered browser before making any claim to users. Would be extremely high native_relevance if active given software/IT scope. [research lane: DOJ/DHS/ED/DOL/SBA]",Tier 4,seed_imported,not_started,NO_REVIEW_REQUIRED,federal_all_customers,NOT_DETERMINED_BY_REGISTRY,NOT_DETERMINED_BY_REGISTRY,monitoring_method:human_review_only;monitoring_not_started
USDA-FNA-SUMMER-EBT-TRIBAL-A-B8B108,USDA FNA Summer EBT (tribal administration),program page,USDA,FNA (ex-FNS),national,federal,,UNKNOWN - not verified,human review only,UNKNOWN,TERMS_REVIEW_REQUIRED,UNKNOWN,UNKNOWN,UNKNOWN,UNKNOWN,unclear,Summer EBT / SUN Bucks,UNKNOWN,UNKNOWN,UNKNOWN,no,UNKNOWN,UNKNOWN,NOT REACHED. Brief asked for tribal administration of Summer EBT; no page fetched and no URL verified. Asserting nothing. Open research item [research lane: USDA/HUD/Commerce],Tier 4,seed_imported,not_started,TERMS_REVIEW_REQUIRED,federal_all_customers,NOT_DETERMINED_BY_REGISTRY,NOT_DETERMINED_BY_REGISTRY,robots_or_terms_risk:TERMS_REVIEW_REQUIRED;monitoring_method:human_review_only;monitoring_not_started
USDA-NRCS-FSA-FOREST-SERVICE-A176C4,USDA NRCS / FSA / Forest Service tribal programs,agency program set,USDA,NRCS; FSA; Forest Service,national,federal,,UNKNOWN - not verified,human review only,UNKNOWN,TERMS_REVIEW_REQUIRED,UNKNOWN,UNKNOWN,UNKNOWN,UNKNOWN,unclear,Tribal Forest Protection Act (UNVERIFIED); Highly Fractionated Indian Land program (UNVERIFIED); tribal conservation (UNVERIFIED),UNKNOWN,UNKNOWN,UNKNOWN,no,UNKNOWN,UNKNOWN,"NOT REACHED - budget exhausted. NO page fetched, NO URL verified for TFPA or HFIL. Asserting nothing. Start from usda.gov/tribalrelations and farmers.gov [research lane: USDA/HUD/Commerce]",Tier 4,seed_imported,not_started,TERMS_REVIEW_REQUIRED,federal_all_customers,NOT_DETERMINED_BY_REGISTRY,NOT_DETERMINED_BY_REGISTRY,robots_or_terms_risk:TERMS_REVIEW_REQUIRED;monitoring_method:human_review_only;monitoring_not_started
USGS-CLIMATE-ADAPTATION-SCIE-7EAB44,USGS Climate Adaptation Science Centers,program-page,USGS,CASC (National + 9 regional),federal + 9 regions,federal,,https://www.usgs.gov/programs/climate-adaptation-science-centers,static HTML page monitor,medium (HIGH if covering 9 regions),OK,medium,UNKNOWN — do not assert,UNKNOWN,UNKNOWN,unclear,none published on usgs.gov,UNKNOWN,active program,HTML,no,yes (newsletter signup),no,"Tribes are explicitly named as PARTNERS/audiences (""The CASCs support federal, state, and Tribal managers"") but NO PAGE STATES whether a Tribe can be a direct applicant vs. going through the host-university consortium — DO NOT ASSERT EITHER WAY. Both /funding-opportunities and /tribal-engagement returned empty; those paths do not appear to exist. A CASC tribal funding line is UNVERIFIED. Cost driver: 9 regional centers on separate host-institution domains. [research lane: Research funding]",Tier 4,seed_imported,not_started,NO_REVIEW_REQUIRED,federal_all_customers,NOT_DETERMINED_BY_REGISTRY,NOT_DETERMINED_BY_REGISTRY,monitoring_not_started
USGS-OFFICE-OF-TRIBAL-RELATI-36C6DC,USGS Office of Tribal Relations,relationship-intel,USGS,OSQI / OTR,federal,federal,,https://www.usgs.gov/office-of-tribal-relations,static HTML page monitor,low,OK,medium,n/a (no funding offered),YES (for consultation),not mentioned — presumptively outside,n/a,"technical assistance, not grants",n/a,low,HTML,no,no,no,"NO FUNDING OPPORTUNITY IS PUBLISHED — no evidence found for one. Value is RELATIONSHIP INTELLIGENCE: /tribal-relations-team lists named regional and mission-area liaisons. Consultation requires ""federally recognized"" tribes, ANCSA corporations, and Native Hawaiian Organizations. Policy anchors SM 500.6 and SM 500.7 (contents UNVERIFIED). [research lane: Research funding]",Tier 4,seed_imported,not_started,NO_REVIEW_REQUIRED,federal_all_customers,NOT_DETERMINED_BY_REGISTRY,NOT_DETERMINED_BY_REGISTRY,monitoring_not_started
USGS-TRIBAL-FUNDING-A2DBD3,USGS tribal funding,agency landing page,DOI,U.S. Geological Survey,federal,federal,,https://www.usgs.gov/office-of-tribal-relations,human review only,low,OK,native-priority,n/a (no funding offered),yes (for consultation),not mentioned,unclear,none verified,n/a,low,HTML,no,no,no,"NO USGS tribal FUNDING opportunity was verified in any lane. Value is relationship intelligence: /tribal-relations-team lists named regional and mission-area liaisons. Consultation covers federally recognized tribes, ANCSA corporations and Native Hawaiian Organizations. Policy anchors SM 500.6 and SM 500.7 (contents unverified). Do NOT create rows for CASC tribal funding programs without verification - /funding-opportunities and /tribal-engagement both returned empty [research lane: DOI/HHS + SC + philanthropy]",Tier 4,seed_imported,not_started,NO_REVIEW_REQUIRED,federal_all_customers,NOT_DETERMINED_BY_REGISTRY,NOT_DETERMINED_BY_REGISTRY,monitoring_method:human_review_only;monitoring_not_started
CANDID-APIS-AND-FOUNDATION-D-2A3F6E,Candid APIs and Foundation Directory,commercial data vendor - background only,Candid,Data Solutions,national,private,,https://candid.org/data/explore-apis/,API monitor,n/a,HUMAN_REVIEW_ONLY,"n/a - a vendor, not a funder",n/a,n/a,n/a,n/a,"Open grant opportunities API (price on inquiry): live embeddable RFPs filterable by subject area, population served and geography, with deadline and application-requirement detail, consumable natively or through MCP-enabled AI tools",n/a,continuous,JSON API (licensed),YES - multiple paid APIs,email list,yes - API key and paid contract,"Published list prices: Grants API from $6,000, Essentials from $4,800, Premier from $9,900, Charity Check $2,750, Nonprofit Eligibility $5,000, News $3,300; Demographics and Taxonomy free; 30-day trial. Redistributing Candid-sourced opportunity records inside a SaaS product is a CONTRACT NEGOTIATION under candid.org/terms-of-service, not an engineering decision. Note Candid's named clients include Foundant and Fluxx - the same grants-management vendor layer NativeForge sits beside [research lane: DOI/HHS + SC + philanthropy]",Tier 4,seed_imported,not_started,HUMAN_REVIEW_ONLY,private_unscoped,NOT_DETERMINED_BY_REGISTRY,NOT_DETERMINED_BY_REGISTRY,robots_or_terms_risk:HUMAN_REVIEW_ONLY;requires_login:yes - API key and paid contract;monitoring_not_started
MARGARET-A-CARGILL-PHILANTHR-C88CAA,Margaret A. Cargill Philanthropies,"private foundation, INVITATION ONLY",Margaret A. Cargill Philanthropies,Legacy and Opportunity; Arts and Cultures,national and international,private,,https://www.macphilanthropies.org/,human review only,low,OK,moderate - documented Native grantmaking but no named Native program verified,UNKNOWN - by invitation,UNKNOWN,UNKNOWN,unclear,documented example: $2.4M to the American Indian College Fund for Native arts and TCU curricula,none - no open cycle,rare,HTML,no,no,Fluxx for existing grantees only,VERIFIED QUOTE: we have an invitation-based grantmaking process. Do not build a monitor. Note /how-we-work/ returns empty; the policy lives in the homepage footer [research lane: DOI/HHS + SC + philanthropy],Tier 4,seed_imported,not_started,TERMS_REVIEW_REQUIRED,private_unscoped,NOT_DETERMINED_BY_REGISTRY,NOT_DETERMINED_BY_REGISTRY,requires_login:Fluxx for existing grantees only;monitoring_method:human_review_only;monitoring_not_started
NORTHWEST-AREA-FOUNDATION-C6FFBC,Northwest Area Foundation,"regional private foundation, INVITATION ONLY",Northwest Area Foundation,n/a,Northwest and Upper Midwest (exact state list UNKNOWN),private,,https://www.nwaf.org/for-grantseekers/,email bulletin/manual intake,low,OK,high - named Native-Led Work and Native CDFIs strategies,UNKNOWN - by invitation,UNKNOWN,UNKNOWN,unclear,Native-Led Work; Native CDFIs; Impact Investing,invitation-driven; about a 6-month cycle from letter of invitation to payment,rare,HTML,no,"topic-segmented email list including Native CDFIs, Native Communities (General) and Grantseekers",no,"VERIFIED QUOTE: we generally accept proposals by invitation only. We do not accept unsolicited proposals. The page does say opportunity links will be listed there, which justifies a low-frequency monitor on that single page and nothing more [research lane: DOI/HHS + SC + philanthropy]",Tier 4,seed_imported,not_started,NO_REVIEW_REQUIRED,private_unscoped,NOT_DETERMINED_BY_REGISTRY,NOT_DETERMINED_BY_REGISTRY,monitoring_not_started
SC-BROADBAND-OFFICE-BEAD-16E0C9,SC Broadband Office BEAD,federal pass-through infrastructure program,SC Office of Regulatory Staff,SC Broadband Office,SC statewide,state,SC,https://ors.sc.gov/broadband/office/investments/state/bead,PDF/NOFO page monitor,medium - dated directory paths churn,OK,low - ISP-oriented; the realistic Native role is as a Community Anchor Institution beneficiary,"not published; document set is ISP-oriented (CostQuest, letters of credit, performance bonds)",UNKNOWN,UNKNOWN - no eligible-entity classes published,infrastructure only,"BEAD $551.5M allocated, $546.5M deployable after $5M planning","CLOSED - challenge process complete, Final Proposal filed 2025-09-30, post-award administration","post-award updates, latest 2026-07-15","HTML, PDF, CSV, DOCX, XLSX","no, but five public CSVs are published",yes - Survey123 grant notification list,ShareFile GIS access yes,BEAD was RESTRUCTURED per an NTIA Policy Notice dated 2025-06-10 and SCBBO's Initial Proposal Modification Letter dated 2025-06-19. Tribal or nonprofit subgrantee eligibility is not established on any fetched page. Check the published SC BEAD CAIs.csv for Native-serving facilities. Five machine-readable CSVs exist but their paths embed dated directory segments that will move [research lane: DOI/HHS + SC + philanthropy],Tier 4,seed_imported,not_started,TERMS_REVIEW_REQUIRED,state_scoped,NOT_DETERMINED_BY_REGISTRY,NOT_DETERMINED_BY_REGISTRY,requires_login:ShareFile GIS access yes;monitoring_not_started
SC-BROADBAND-STATE-MANAGED-P-4973AD,SC Broadband State Managed Programs,state grant program index,SC Office of Regulatory Staff,SC Broadband Office,SC statewide,state,SC,https://ors.sc.gov/broadband/office/investments/state,static HTML page monitor,low,OK,low,ISPs primarily,UNKNOWN,UNKNOWN,infrastructure only,"ARPA SLFRF 3.0 (Awarded), Capital Projects Fund/MAIN ST $185.8M (Awarded), ADGP (Closed), ARPA SFRF $400M (Awarded), Rural Broadband $30M (Awarded)",ALL closed or awarded - none open,low,HTML,no,yes - Survey123 list,no,Confirms there is NO open SC state broadband grant program as of August 2026. Watchlist only - do not present broadband as an SC pipeline [research lane: DOI/HHS + SC + philanthropy],Tier 4,seed_imported,not_started,NO_REVIEW_REQUIRED,state_scoped,NOT_DETERMINED_BY_REGISTRY,NOT_DETERMINED_BY_REGISTRY,monitoring_not_started
SCEMD-MAIN-SITE-HSGP-SHSP-EM-4F8683,SCEMD main site - HSGP/SHSP/EMPG absence,negative finding,South Carolina,Emergency Management Division,SC statewide,state,SC,https://www.scemd.org/,human review only,n/a,OK,medium - no published subaward path,not published,UNKNOWN,UNKNOWN,UNKNOWN,"none published for HSGP, SHSP or EMPG",none published,n/a,HTML,no,no,no,"MAJOR NEGATIVE FINDING: the full SCEMD sitemap was retrieved and there is NO grants section, NO HSGP/SHSP/EMPG page and NO NOFO page anywhere in navigation. This is absence of content, not a broken link. /who-we-are/working-with-scemd/ is jobs and internships only. Likely non-web channels: the county emergency-management network, /stay-informed/notices-and-agenda/ [research lane: DOI/HHS + SC + philanthropy]",Tier 4,seed_imported,not_started,NO_REVIEW_REQUIRED,state_scoped,NOT_DETERMINED_BY_REGISTRY,NOT_DETERMINED_BY_REGISTRY,monitoring_method:human_review_only;monitoring_not_started
SC-SCORF,SCORF Grant Management System,authenticated_portal,South Carolina,Office of Resilience,South Carolina,state,SC,https://scorf.sc.gov/gms,human review only,high,HUMAN_REVIEW_ONLY,Medium,Political subdivisions and named applicants; program controls,No,UNKNOWN,Sometimes allowable depending on program,Recovery/resilience grant management,Round based,Monthly,Authenticated web,No,No,Yes,Do not automate without authorization and terms review [research lane: seed-v1],Tier 4,seed_imported,not_started,HUMAN_REVIEW_ONLY,state_scoped,NOT_DETERMINED_BY_REGISTRY,NOT_DETERMINED_BY_REGISTRY,robots_or_terms_risk:HUMAN_REVIEW_ONLY;requires_login:Yes;monitoring_method:human_review_only;monitoring_not_started
GRANTS-GOV-RSS-FEEDS-514B05,Grants.gov RSS feeds,rss,Grants.gov,n/a,federal-government-wide,federal,,https://www.grants.gov/rss/GG_NewOppByAgency.xml,human review only,n/a,OK,n/a,n/a,n/a,n/a,n/a,n/a,n/a,n/a,"HTML SPA shell, not XML",no,NO — BROKEN,no,"DOCUMENTED BUT BROKEN. Two of the four advertised feeds were fetched and BOTH returned Content-Type: text/html — the Nuxt SPA shell, not a feed. Endpoint exists, does not serve XML. Listed here explicitly so nobody builds on it. Use the daily XML extract instead. [research lane: Research funding]",Tier 5,seed_imported,not_started,NO_REVIEW_REQUIRED,federal_all_customers,NOT_DETERMINED_BY_REGISTRY,NOT_DETERMINED_BY_REGISTRY,monitoring_method:human_review_only;monitoring_not_started
NIH-ERA-COMMONS-18D770,NIH eRA Commons,submission-portal,NIH,OER,federal,federal,,https://www.era.nih.gov/,human review only,n/a,TERMS_REVIEW_REQUIRED,low,n/a,n/a,n/a,n/a,none — carries no opportunity listings,n/a,n/a,n/a,no,no,YES (institutional registration + 2FA),"NOT A DISCOVERY SURFACE. Submission/management only: application status, Just-in-Time, Notice of Award, RPPR, closeout, FFR. Relevant only to a future post-award feature using the RECIPIENT'S OWN credentials — a materially different security posture. Also required for NOAA/Sea Grant applications. [research lane: Research funding]",Tier 5,seed_imported,not_started,TERMS_REVIEW_REQUIRED,federal_all_customers,NOT_DETERMINED_BY_REGISTRY,NOT_DETERMINED_BY_REGISTRY,robots_or_terms_risk:TERMS_REVIEW_REQUIRED;requires_login:YES (institutional registration + 2FA);monitoring_method:human_review_only;monitoring_not_started
USGS-COOPERATIVE-RESEARCH-UN-0C1B71,USGS Cooperative Research Units,partnership-intel,USGS,CRU,"federal, 41 states / 44 host universities",federal,,https://www.usgs.gov/programs/cooperative-research-units,static HTML page monitor,low,OK,low-medium,n/a — not an applicant-facing program,n/a,n/a,n/a,none — no open competition,n/a,low,HTML + PDF,no,no,no,"NOT A GRANT PROGRAM. ""43 units located in 41 States, at 44 host universities."" No applicant-facing funding opportunity exists on this page. Tribes/TCUs reach it as cooperator, subawardee, or research client only. Low value for opportunity alerts. [research lane: Research funding]",Tier 5,seed_imported,not_started,NO_REVIEW_REQUIRED,federal_all_customers,NOT_DETERMINED_BY_REGISTRY,NOT_DETERMINED_BY_REGISTRY,monitoring_not_started
THIRD-PARTY-GRANT-AGGREGATOR-EA29BD,Third-party grant aggregators,aggregator,various_commercial,NA,mixed,private,,NA,human review only,NA,TERMS_REVIEW_REQUIRED,low,NA,NA,NA,UNKNOWN,NA,NA,NA,mixed,varies,varies,usually,"AVOID as upstream: strictly staler than Grants.gov's own daily extract; own ToS typically forbid redistribution; opaque eligibility normalization would destroy NativeForge's core differentiator; INFERRED - no vendor page fetched. Exception: Simpler.Grants.gov, which is HHS's own product over the same DB [research lane: API/monitoring layer]",Tier 5,seed_imported,not_started,TERMS_REVIEW_REQUIRED,private_unscoped,NOT_DETERMINED_BY_REGISTRY,NOT_DETERMINED_BY_REGISTRY,robots_or_terms_risk:TERMS_REVIEW_REQUIRED;requires_login:usually;monitoring_method:human_review_only;monitoring_not_started
